Variable,Parents,ParentConfig,Low,Mid,High
Temperature,DistCoast,HarvestHavre,Lat,DistCoast=Low|HarvestHavre=Low|Lat=High,0,6086538461538461,0,27307692307692305,0,11826923076923077
Temperature,DistCoast,HarvestHavre,Lat,DistCoast=Low|HarvestHavre=High|Lat=Low,0,3177083333333333,0,48046875,0,20182291666666666
Temperature,DistCoast,HarvestHavre,Lat,DistCoast=Mid|HarvestHavre=High|Lat=Low,0,26119402985074625,0,4141791044776119,0,3246268656716418
Temperature,DistCoast,HarvestHavre,Lat,DistCoast=High|HarvestHavre=Low|Lat=High,0,270460358056266,0,3829923273657289,0,34654731457800514
Temperature,DistCoast,HarvestHavre,Lat,DistCoast=Mid|HarvestHavre=Low|Lat=High,0,5334821428571429,0,21986607142857142,0,24665178571428573
Temperature,DistCoast,HarvestHavre,Lat,DistCoast=Low|HarvestHavre=Missing|Lat=High,0,659965034965035,0,23776223776223776,0,10227272727272728
Temperature,DistCoast,HarvestHavre,Lat,DistCoast=Mid|HarvestHavre=Mid|Lat=Mid,0,3466981132075472,0,3313679245283019,0,32193396226415094
Temperature,DistCoast,HarvestHavre,Lat,DistCoast=High|HarvestHavre=Mid|Lat=Mid,0,18583535108958837,0,4830508474576271,0,3311138014527845
Temperature,DistCoast,HarvestHavre,Lat,DistCoast=Mid|HarvestHavre=High|Lat=Mid,0,3622448979591837,0,32653061224489793,0,3112244897959184
Temperature,DistCoast,HarvestHavre,Lat,DistCoast=Mid|HarvestHavre=Low|Lat=Mid,0,22033898305084745,0,4364406779661017,0,3432203389830508
Temperature,DistCoast,HarvestHavre,Lat,DistCoast=Low|HarvestHavre=Mid|Lat=Mid,0,5106382978723404,0,4095744680851064,0,0797872340425532
Temperature,DistCoast,HarvestHavre,Lat,DistCoast=High|HarvestHavre=Low|Lat=Mid,0,2771186440677966,0,3983050847457627,0,32457627118644067
Temperature,DistCoast,HarvestHavre,Lat,DistCoast=Low|HarvestHavre=Missing|Lat=Low,0,5,0,5,0
Temperature,DistCoast,HarvestHavre,Lat,DistCoast=Mid|HarvestHavre=High|Lat=High,0,30952380952380953,0,4166666666666667,0,27380952380952384
Temperature,DistCoast,HarvestHavre,Lat,DistCoast=Mid|HarvestHavre=Mid|Lat=Low,0,4233983286908078,0,4220055710306407,0,15459610027855153
Temperature,DistCoast,HarvestHavre,Lat,DistCoast=Low|HarvestHavre=Mid|Lat=Low,0,4244791666666667,0,5286458333333334,0,046875
Temperature,DistCoast,HarvestHavre,Lat,DistCoast=Mid|HarvestHavre=Missing|Lat=Low,0,0528169014084507,0,46830985915492956,0,4788732394366197
Temperature,DistCoast,HarvestHavre,Lat,DistCoast=Low|HarvestHavre=High|Lat=Mid,0,625,0,13541666666666666,0,23958333333333334
Temperature,DistCoast,HarvestHavre,Lat,DistCoast=High|HarvestHavre=Low|Lat=Low,0,026785714285714284,0,6071428571428571,0,36607142857142855
Temperature,DistCoast,HarvestHavre,Lat,DistCoast=Mid|HarvestHavre=Missing|Lat=High,0,569672131147541,0,3360655737704918,0,0942622950819672
Temperature,DistCoast,HarvestHavre,Lat,DistCoast=Low|HarvestHavre=Low|Lat=Mid,0,375,0,3125,0,3125
Temperature,DistCoast,HarvestHavre,Lat,DistCoast=High|HarvestHavre=Mid|Lat=Low,0,20454545454545456,0,4772727272727273,0,3181818181818182
Temperature,DistCoast,HarvestHavre,Lat,DistCoast=High|HarvestHavre=Missing|Lat=High,0,6190476190476191,0,2857142857142857,0,09523809523809523
Temperature,DistCoast,HarvestHavre,Lat,DistCoast=Low|HarvestHavre=High|Lat=High,0,5625,0,1875,0,25
Temperature,DistCoast,HarvestHavre,Lat,DistCoast=High|HarvestHavre=High|Lat=Mid,0,25,0,2783018867924528,0,4716981132075472
Temperature,DistCoast,HarvestHavre,Lat,DistCoast=Mid|HarvestHavre=Low|Lat=Low,0,17857142857142858,0,35714285714285715,0,4642857142857143
Temperature,DistCoast,HarvestHavre,Lat,DistCoast=High|HarvestHavre=High|Lat=High,0,25,0,4782608695652174,0,2717391304347826
Temperature,DistCoast,HarvestHavre,Lat,DistCoast=Low|HarvestHavre=Low|Lat=Low,0,25,0,25,0,5
Temperature,DistCoast,HarvestHavre,Lat,DistCoast=Low|HarvestHavre=Missing|Lat=Mid,0,5,0,25,0,25
Humidity,Temperature,Wind,Lat,GlobalDensity,Temperature=Mid|Wind=Low|Lat=High|GlobalDensity=Low,0,14173228346456693,0,4251968503937008,0,4330708661417323
Humidity,Temperature,Wind,Lat,GlobalDensity,Temperature=Low|Wind=Low|Lat=Low|GlobalDensity=Mid,0,0,1
Humidity,Temperature,Wind,Lat,GlobalDensity,Temperature=Low|Wind=Low|Lat=Low|GlobalDensity=Low,0,0,013937282229965157,0,9860627177700348
Humidity,Temperature,Wind,Lat,GlobalDensity,Temperature=Mid|Wind=Mid|Lat=Low|GlobalDensity=Low,0,09665427509293681,0,9033457249070632,0
Humidity,Temperature,Wind,Lat,GlobalDensity,Temperature=High|Wind=Low|Lat=High|GlobalDensity=Mid,0,5427509293680297,0,38661710037174724,0,07063197026022305
Humidity,Temperature,Wind,Lat,GlobalDensity,Temperature=Low|Wind=Mid|Lat=High|GlobalDensity=Low,0,43769968051118213,0,46325878594249204,0,09904153354632587
Humidity,Temperature,Wind,Lat,GlobalDensity,Temperature=Mid|Wind=Mid|Lat=Mid|GlobalDensity=High,0,2757281553398058,0,3941747572815534,0,3300970873786408
Humidity,Temperature,Wind,Lat,GlobalDensity,Temperature=High|Wind=Mid|Lat=Mid|GlobalDensity=High,0,25,0,75,0
Humidity,Temperature,Wind,Lat,GlobalDensity,Temperature=High|Wind=Low|Lat=Mid|GlobalDensity=Mid,0,4222222222222222,0,2111111111111111,0,36666666666666664
Humidity,Temperature,Wind,Lat,GlobalDensity,Temperature=High|Wind=Low|Lat=High|GlobalDensity=High,0,7577639751552795,0,19875776397515527,0,043478260869565216
Humidity,Temperature,Wind,Lat,GlobalDensity,Temperature=Mid|Wind=High|Lat=High|GlobalDensity=Low,0,3370165745856354,0,6408839779005525,0,022099447513812154
Humidity,Temperature,Wind,Lat,GlobalDensity,Temperature=Low|Wind=Mid|Lat=Mid|GlobalDensity=Low,0,0,04,0,96
Humidity,Temperature,Wind,Lat,GlobalDensity,Temperature=Low|Wind=Mid|Lat=Mid|GlobalDensity=Mid,0,015625,0,0,984375
Humidity,Temperature,Wind,Lat,GlobalDensity,Temperature=High|Wind=Low|Lat=Mid|GlobalDensity=High,0,34810126582278483,0,6518987341772152,0
Humidity,Temperature,Wind,Lat,GlobalDensity,Temperature=Mid|Wind=Mid|Lat=High|GlobalDensity=Low,0,20689655172413793,0,7758620689655172,0,017241379310344827
Humidity,Temperature,Wind,Lat,GlobalDensity,Temperature=Low|Wind=Low|Lat=Mid|GlobalDensity=Mid,0,0048543689320388345,0,02912621359223301,0,9660194174757282
Humidity,Temperature,Wind,Lat,GlobalDensity,Temperature=Low|Wind=Low|Lat=Mid|GlobalDensity=High,0,0,036523929471032744,0,9634760705289672
Humidity,Temperature,Wind,Lat,GlobalDensity,Temperature=Low|Wind=Mid|Lat=Mid|GlobalDensity=High,0,0,007692307692307693,0,9923076923076923
Humidity,Temperature,Wind,Lat,GlobalDensity,Temperature=Mid|Wind=Low|Lat=Mid|GlobalDensity=High,0,3942857142857143,0,3702857142857143,0,23542857142857143
Humidity,Temperature,Wind,Lat,GlobalDensity,Temperature=Mid|Wind=Mid|Lat=Low|GlobalDensity=Mid,0,1111111111111111,0,6628352490421456,0,2260536398467433
Humidity,Temperature,Wind,Lat,GlobalDensity,Temperature=Mid|Wind=Low|Lat=Mid|GlobalDensity=Mid,0,4550898203592814,0,20958083832335328,0,33532934131736525
Humidity,Temperature,Wind,Lat,GlobalDensity,Temperature=Low|Wind=Low|Lat=Low|GlobalDensity=High,0,0,1
Humidity,Temperature,Wind,Lat,GlobalDensity,Temperature=High|Wind=Low|Lat=Mid|GlobalDensity=Low,0,1,0
Humidity,Temperature,Wind,Lat,GlobalDensity,Temperature=Mid|Wind=High|Lat=Low|GlobalDensity=Low,0,6,0,4,0
Humidity,Temperature,Wind,Lat,GlobalDensity,Temperature=High|Wind=High|Lat=Mid|GlobalDensity=High,0,8144171779141104,0,18558282208588958,0
Humidity,Temperature,Wind,Lat,GlobalDensity,Temperature=Low|Wind=Low|Lat=High|GlobalDensity=Low,0,16413793103448276,0,4289655172413793,0,4068965517241379
Humidity,Temperature,Wind,Lat,GlobalDensity,Temperature=Mid|Wind=Low|Lat=Low|GlobalDensity=Mid,0,08695652173913043,0,40993788819875776,0,5031055900621118
Humidity,Temperature,Wind,Lat,GlobalDensity,Temperature=Low|Wind=Mid|Lat=Low|GlobalDensity=Mid,0,0,1
Humidity,Temperature,Wind,Lat,GlobalDensity,Temperature=Low|Wind=High|Lat=Mid|GlobalDensity=Low,0,09523809523809523,0,4523809523809524,0,4523809523809524
Humidity,Temperature,Wind,Lat,GlobalDensity,Temperature=High|Wind=Low|Lat=Low|GlobalDensity=High,0,8850574712643678,0,11494252873563218,0
Humidity,Temperature,Wind,Lat,GlobalDensity,Temperature=High|Wind=Mid|Lat=Mid|GlobalDensity=Mid,0,5,0,5,0
Humidity,Temperature,Wind,Lat,GlobalDensity,Temperature=Low|Wind=Mid|Lat=Low|GlobalDensity=High,0,0,2631578947368421,0,7368421052631579
Humidity,Temperature,Wind,Lat,GlobalDensity,Temperature=Mid|Wind=Low|Lat=Low|GlobalDensity=High,0,32786885245901637,0,3442622950819672,0,32786885245901637
Humidity,Temperature,Wind,Lat,GlobalDensity,Temperature=Mid|Wind=High|Lat=Mid|GlobalDensity=High,0,9532710280373832,0,02336448598130841,0,02336448598130841
Humidity,Temperature,Wind,Lat,GlobalDensity,Temperature=Mid|Wind=Low|Lat=Low|GlobalDensity=Low,0,07317073170731707,0,05574912891986063,0,8710801393728222
Humidity,Temperature,Wind,Lat,GlobalDensity,Temperature=High|Wind=Low|Lat=High|GlobalDensity=Low,0,4,0,5666666666666667,0,03333333333333333
Humidity,Temperature,Wind,Lat,GlobalDensity,Temperature=Mid|Wind=Low|Lat=High|GlobalDensity=High,0,6513761467889908,0,30275229357798167,0,045871559633027525
Humidity,Temperature,Wind,Lat,GlobalDensity,Temperature=High|Wind=Low|Lat=Low|GlobalDensity=Mid,0,6288659793814433,0,36082474226804123,0,010309278350515464
Humidity,Temperature,Wind,Lat,GlobalDensity,Temperature=Mid|Wind=Mid|Lat=Mid|GlobalDensity=Low,0,35555555555555557,0,6444444444444445,0
Humidity,Temperature,Wind,Lat,GlobalDensity,Temperature=Mid|Wind=Low|Lat=Mid|GlobalDensity=Low,0,6666666666666666,0,1111111111111111,0,2222222222222222
Humidity,Temperature,Wind,Lat,GlobalDensity,Temperature=Low|Wind=Low|Lat=Mid|GlobalDensity=Low,0,0078125,0,0,9921875
Humidity,Temperature,Wind,Lat,GlobalDensity,Temperature=High|Wind=Mid|Lat=Low|GlobalDensity=High,0,8205128205128205,0,1794871794871795,0
Humidity,Temperature,Wind,Lat,GlobalDensity,Temperature=Mid|Wind=High|Lat=Mid|GlobalDensity=Low,0,5,0,42857142857142855,0,07142857142857142
Humidity,Temperature,Wind,Lat,GlobalDensity,Temperature=Mid|Wind=Mid|Lat=Low|GlobalDensity=High,0,09821428571428571,0,19642857142857142,0,7053571428571429
Humidity,Temperature,Wind,Lat,GlobalDensity,Temperature=Low|Wind=Mid|Lat=Low|GlobalDensity=Low,0,0,9230769230769231,0,07692307692307693
Humidity,Temperature,Wind,Lat,GlobalDensity,Temperature=Mid|Wind=Low|Lat=High|GlobalDensity=Mid,0,29017857142857145,0,26339285714285715,0,44642857142857145
Humidity,Temperature,Wind,Lat,GlobalDensity,Temperature=Low|Wind=Low|Lat=High|GlobalDensity=Mid,0,0,1870748299319728,0,8129251700680272
Humidity,Temperature,Wind,Lat,GlobalDensity,Temperature=Low|Wind=High|Lat=Mid|GlobalDensity=High,0,0,1
Humidity,Temperature,Wind,Lat,GlobalDensity,Temperature=Low|Wind=High|Lat=High|GlobalDensity=Low,0,32745098039215687,0,6352941176470588,0,03725490196078431
Humidity,Temperature,Wind,Lat,GlobalDensity,Temperature=High|Wind=Mid|Lat=High|GlobalDensity=High,0,7678571428571429,0,23214285714285715,0
Humidity,Temperature,Wind,Lat,GlobalDensity,Temperature=Low|Wind=High|Lat=Mid|GlobalDensity=Mid,0,0,1
Humidity,Temperature,Wind,Lat,GlobalDensity,Temperature=Mid|Wind=Mid|Lat=High|GlobalDensity=High,0,8518518518518519,0,14814814814814814,0
Humidity,Temperature,Wind,Lat,GlobalDensity,Temperature=High|Wind=High|Lat=High|GlobalDensity=High,0,375,0,625,0
Humidity,Temperature,Wind,Lat,GlobalDensity,Temperature=High|Wind=High|Lat=Low|GlobalDensity=Low,0,8787878787878788,0,1111111111111111,0,010101010101010102
Humidity,Temperature,Wind,Lat,GlobalDensity,Temperature=High|Wind=Mid|Lat=High|GlobalDensity=Mid,0,9894736842105263,0,010526315789473684,0
Humidity,Temperature,Wind,Lat,GlobalDensity,Temperature=High|Wind=High|Lat=Mid|GlobalDensity=Mid,0,8405797101449275,0,15942028985507245,0
Humidity,Temperature,Wind,Lat,GlobalDensity,Temperature=High|Wind=High|Lat=High|GlobalDensity=Low,0,6496062992125984,0,35039370078740156,0
Humidity,Temperature,Wind,Lat,GlobalDensity,Temperature=High|Wind=High|Lat=High|GlobalDensity=Mid,0,8857142857142857,0,11428571428571428,0
Humidity,Temperature,Wind,Lat,GlobalDensity,Temperature=Mid|Wind=High|Lat=Low|GlobalDensity=Mid,0,6655574043261231,0,27287853577371046,0,06156405990016639
Humidity,Temperature,Wind,Lat,GlobalDensity,Temperature=High|Wind=High|Lat=Low|GlobalDensity=Mid,0,9252336448598131,0,07476635514018691,0
Humidity,Temperature,Wind,Lat,GlobalDensity,Temperature=Mid|Wind=Mid|Lat=Mid|GlobalDensity=Mid,0,46511627906976744,0,5348837209302325,0
Humidity,Temperature,Wind,Lat,GlobalDensity,Temperature=High|Wind=Mid|Lat=Low|GlobalDensity=Mid,0,5,0,5,0
Humidity,Temperature,Wind,Lat,GlobalDensity,Temperature=High|Wind=High|Lat=Low|GlobalDensity=High,0,9869281045751634,0,013071895424836602,0
Humidity,Temperature,Wind,Lat,GlobalDensity,Temperature=High|Wind=High|Lat=Mid|GlobalDensity=Low,0,673469387755102,0,32653061224489793,0
Humidity,Temperature,Wind,Lat,GlobalDensity,Temperature=High|Wind=Mid|Lat=Low|GlobalDensity=Low,0,9063829787234042,0,06382978723404255,0,029787234042553193
Humidity,Temperature,Wind,Lat,GlobalDensity,Temperature=Mid|Wind=High|Lat=Mid|GlobalDensity=Mid,0,28125,0,71875,0
Humidity,Temperature,Wind,Lat,GlobalDensity,Temperature=High|Wind=Mid|Lat=High|GlobalDensity=Low,0,5454545454545454,0,45454545454545453,0
Humidity,Temperature,Wind,Lat,GlobalDensity,Temperature=High|Wind=Mid|Lat=Mid|GlobalDensity=Low,0,5333333333333333,0,4666666666666667,0
Humidity,Temperature,Wind,Lat,GlobalDensity,Temperature=High|Wind=Low|Lat=Low|GlobalDensity=Low,0,28,0,48,0,24
Humidity,Temperature,Wind,Lat,GlobalDensity,Temperature=Mid|Wind=High|Lat=Low|GlobalDensity=High,0,1,0,45,0,45
Humidity,Temperature,Wind,Lat,GlobalDensity,Temperature=Low|Wind=Low|Lat=High|GlobalDensity=High,0,0,1
Humidity,Temperature,Wind,Lat,GlobalDensity,Temperature=Low|Wind=Mid|Lat=High|GlobalDensity=Mid,0,0,8148148148148148,0,18518518518518517
Humidity,Temperature,Wind,Lat,GlobalDensity,Temperature=Low|Wind=High|Lat=High|GlobalDensity=Mid,0,0,1
Humidity,Temperature,Wind,Lat,GlobalDensity,Temperature=Low|Wind=High|Lat=Low|GlobalDensity=Mid,0,0,4,0,6
Humidity,Temperature,Wind,Lat,GlobalDensity,Temperature=Mid|Wind=Mid|Lat=High|GlobalDensity=Mid,0,9863013698630136,0,0136986301369863,0
Humidity,Temperature,Wind,Lat,GlobalDensity,Temperature=Mid|Wind=High|Lat=High|GlobalDensity=Mid,1,0,0
Humidity,Temperature,Wind,Lat,GlobalDensity,Temperature=Mid|Wind=High|Lat=High|GlobalDensity=High,0,5,0,5,0
Humidity,Temperature,Wind,Lat,GlobalDensity,Temperature=Low|Wind=High|Lat=Low|GlobalDensity=Low,0,1,0
DistCoast,HarvestHavre,NiPpm,Al2O3,GlobalDensity,HarvestHavre=Low|NiPpm=Missing|Al2O3=Missing|GlobalDensity=Low,0,3409090909090909,0,6136363636363636,0,045454545454545456
DistCoast,HarvestHavre,NiPpm,Al2O3,GlobalDensity,HarvestHavre=High|NiPpm=Mid|Al2O3=High|GlobalDensity=Mid,0,9655172413793104,0,034482758620689655,0
DistCoast,HarvestHavre,NiPpm,Al2O3,GlobalDensity,HarvestHavre=High|NiPpm=Mid|Al2O3=High|GlobalDensity=Low,0,45,0,55,0
DistCoast,HarvestHavre,NiPpm,Al2O3,GlobalDensity,HarvestHavre=High|NiPpm=High|Al2O3=Mid|GlobalDensity=Low,0,6228070175438597,0,37719298245614036,0
DistCoast,HarvestHavre,NiPpm,Al2O3,GlobalDensity,HarvestHavre=Low|NiPpm=Low|Al2O3=Low|GlobalDensity=Mid,0,0,15625,0,84375
DistCoast,HarvestHavre,NiPpm,Al2O3,GlobalDensity,HarvestHavre=Low|NiPpm=High|Al2O3=High|GlobalDensity=Mid,0,0,75,0,25
DistCoast,HarvestHavre,NiPpm,Al2O3,GlobalDensity,HarvestHavre=Low|NiPpm=Mid|Al2O3=Low|GlobalDensity=Mid,0,1,0,4,0,5
DistCoast,HarvestHavre,NiPpm,Al2O3,GlobalDensity,HarvestHavre=Missing|NiPpm=Missing|Al2O3=Missing|GlobalDensity=Low,0,5625,0,0625,0,375
DistCoast,HarvestHavre,NiPpm,Al2O3,GlobalDensity,HarvestHavre=Mid|NiPpm=Mid|Al2O3=High|GlobalDensity=High,0,0,8640776699029126,0,13592233009708737
DistCoast,HarvestHavre,NiPpm,Al2O3,GlobalDensity,HarvestHavre=Mid|NiPpm=High|Al2O3=Low|GlobalDensity=High,0,0,7528089887640449,0,24719101123595505
DistCoast,HarvestHavre,NiPpm,Al2O3,GlobalDensity,HarvestHavre=Mid|NiPpm=High|Al2O3=Mid|GlobalDensity=High,0,0,6176470588235294,0,38235294117647056
DistCoast,HarvestHavre,NiPpm,Al2O3,GlobalDensity,HarvestHavre=High|NiPpm=Low|Al2O3=Low|GlobalDensity=Mid,0,6785714285714286,0,32142857142857145,0
DistCoast,HarvestHavre,NiPpm,Al2O3,GlobalDensity,HarvestHavre=Low|NiPpm=Missing|Al2O3=Missing|GlobalDensity=High,0,0,03225806451612903,0,967741935483871
DistCoast,HarvestHavre,NiPpm,Al2O3,GlobalDensity,HarvestHavre=Missing|NiPpm=Low|Al2O3=Low|GlobalDensity=Low,0,7433628318584071,0,23008849557522124,0,02654867256637168
DistCoast,HarvestHavre,NiPpm,Al2O3,GlobalDensity,HarvestHavre=Low|NiPpm=Missing|Al2O3=Missing|GlobalDensity=Mid,0,0,06417112299465241,0,9358288770053476
DistCoast,HarvestHavre,NiPpm,Al2O3,GlobalDensity,HarvestHavre=Mid|NiPpm=Low|Al2O3=Low|GlobalDensity=Low,1,0,0
DistCoast,HarvestHavre,NiPpm,Al2O3,GlobalDensity,HarvestHavre=High|NiPpm=Low|Al2O3=High|GlobalDensity=Mid,0,8235294117647058,0,17647058823529413,0
DistCoast,HarvestHavre,NiPpm,Al2O3,GlobalDensity,HarvestHavre=Mid|NiPpm=Missing|Al2O3=Missing|GlobalDensity=Mid,0,7777777777777778,0,2222222222222222,0
DistCoast,HarvestHavre,NiPpm,Al2O3,GlobalDensity,HarvestHavre=Missing|NiPpm=High|Al2O3=High|GlobalDensity=Low,0,905982905982906,0,08547008547008547,0,008547008547008548
DistCoast,HarvestHavre,NiPpm,Al2O3,GlobalDensity,HarvestHavre=Missing|NiPpm=High|Al2O3=High|GlobalDensity=Mid,1,0,0
DistCoast,HarvestHavre,NiPpm,Al2O3,GlobalDensity,HarvestHavre=High|NiPpm=Low|Al2O3=Low|GlobalDensity=Low,0,22448979591836735,0,7755102040816326,0
DistCoast,HarvestHavre,NiPpm,Al2O3,GlobalDensity,HarvestHavre=Low|NiPpm=Mid|Al2O3=Mid|GlobalDensity=Mid,0,16666666666666666,0,6666666666666666,0,16666666666666666
DistCoast,HarvestHavre,NiPpm,Al2O3,GlobalDensity,HarvestHavre=Low|NiPpm=Mid|Al2O3=High|GlobalDensity=Mid,0,0,2,0,8
DistCoast,HarvestHavre,NiPpm,Al2O3,GlobalDensity,HarvestHavre=Mid|NiPpm=High|Al2O3=High|GlobalDensity=Mid,0,3103448275862069,0,6896551724137931,0
DistCoast,HarvestHavre,NiPpm,Al2O3,GlobalDensity,HarvestHavre=Mid|NiPpm=Low|Al2O3=Low|GlobalDensity=Mid,0,5119617224880383,0,4880382775119617,0
DistCoast,HarvestHavre,NiPpm,Al2O3,GlobalDensity,HarvestHavre=Mid|NiPpm=Mid|Al2O3=Low|GlobalDensity=Mid,0,4,0,6,0
DistCoast,HarvestHavre,NiPpm,Al2O3,GlobalDensity,HarvestHavre=Mid|NiPpm=Low|Al2O3=High|GlobalDensity=Mid,0,9166666666666666,0,08333333333333333,0
DistCoast,HarvestHavre,NiPpm,Al2O3,GlobalDensity,HarvestHavre=Mid|NiPpm=Mid|Al2O3=Mid|GlobalDensity=Mid,1,0,0
DistCoast,HarvestHavre,NiPpm,Al2O3,GlobalDensity,HarvestHavre=Mid|NiPpm=Low|Al2O3=Low|GlobalDensity=High,0,0,463768115942029,0,5362318840579711
DistCoast,HarvestHavre,NiPpm,Al2O3,GlobalDensity,HarvestHavre=Mid|NiPpm=Mid|Al2O3=Low|GlobalDensity=High,0,0,8656716417910447,0,13432835820895522
DistCoast,HarvestHavre,NiPpm,Al2O3,GlobalDensity,HarvestHavre=High|NiPpm=Low|Al2O3=Mid|GlobalDensity=Mid,0,8695652173913043,0,13043478260869565,0
DistCoast,HarvestHavre,NiPpm,Al2O3,GlobalDensity,HarvestHavre=High|NiPpm=High|Al2O3=High|GlobalDensity=Mid,0,5483870967741935,0,45161290322580644,0
DistCoast,HarvestHavre,NiPpm,Al2O3,GlobalDensity,HarvestHavre=Mid|NiPpm=Missing|Al2O3=Missing|GlobalDensity=High,0,0,55,0,45
DistCoast,HarvestHavre,NiPpm,Al2O3,GlobalDensity,HarvestHavre=Mid|NiPpm=Mid|Al2O3=Mid|GlobalDensity=High,0,0,018779342723004695,0,9812206572769953
DistCoast,HarvestHavre,NiPpm,Al2O3,GlobalDensity,HarvestHavre=Mid|NiPpm=High|Al2O3=High|GlobalDensity=High,0,0,11538461538461539,0,8846153846153846
DistCoast,HarvestHavre,NiPpm,Al2O3,GlobalDensity,HarvestHavre=High|NiPpm=High|Al2O3=Low|GlobalDensity=Low,0,948051948051948,0,05194805194805195,0
DistCoast,HarvestHavre,NiPpm,Al2O3,GlobalDensity,HarvestHavre=High|NiPpm=Mid|Al2O3=Mid|GlobalDensity=Mid,0,75,0,25,0
DistCoast,HarvestHavre,NiPpm,Al2O3,GlobalDensity,HarvestHavre=Low|NiPpm=Mid|Al2O3=Low|GlobalDensity=Low,0,7252747252747253,0,27472527472527475,0
DistCoast,HarvestHavre,NiPpm,Al2O3,GlobalDensity,HarvestHavre=Low|NiPpm=Low|Al2O3=Low|GlobalDensity=Low,0,7236842105263158,0,27631578947368424,0
DistCoast,HarvestHavre,NiPpm,Al2O3,GlobalDensity,HarvestHavre=Low|NiPpm=Mid|Al2O3=Mid|GlobalDensity=Low,0,5277777777777778,0,4583333333333333,0,013888888888888888
DistCoast,HarvestHavre,NiPpm,Al2O3,GlobalDensity,HarvestHavre=Missing|NiPpm=Low|Al2O3=Low|GlobalDensity=Mid,0,030303030303030304,0,9696969696969697,0
DistCoast,HarvestHavre,NiPpm,Al2O3,GlobalDensity,HarvestHavre=Missing|NiPpm=Low|Al2O3=Mid|GlobalDensity=Mid,0,1,0
DistCoast,HarvestHavre,NiPpm,Al2O3,GlobalDensity,HarvestHavre=High|NiPpm=Missing|Al2O3=Missing|GlobalDensity=Mid,0,9166666666666666,0,08333333333333333,0
DistCoast,HarvestHavre,NiPpm,Al2O3,GlobalDensity,HarvestHavre=High|NiPpm=Mid|Al2O3=Mid|GlobalDensity=Low,0,16666666666666666,0,8333333333333334,0
DistCoast,HarvestHavre,NiPpm,Al2O3,GlobalDensity,HarvestHavre=Low|NiPpm=Mid|Al2O3=High|GlobalDensity=High,0,0,18181818181818182,0,8181818181818182
DistCoast,HarvestHavre,NiPpm,Al2O3,GlobalDensity,HarvestHavre=High|NiPpm=Low|Al2O3=Low|GlobalDensity=High,0,0,3333333333333333,0,6666666666666666
DistCoast,HarvestHavre,NiPpm,Al2O3,GlobalDensity,HarvestHavre=Missing|NiPpm=Mid|Al2O3=Mid|GlobalDensity=Low,0,8666666666666667,0,13333333333333333,0
DistCoast,HarvestHavre,NiPpm,Al2O3,GlobalDensity,HarvestHavre=Low|NiPpm=Low|Al2O3=Low|GlobalDensity=High,0,0,30434782608695654,0,6956521739130435
DistCoast,HarvestHavre,NiPpm,Al2O3,GlobalDensity,HarvestHavre=Mid|NiPpm=Mid|Al2O3=High|GlobalDensity=Mid,1,0,0
DistCoast,HarvestHavre,NiPpm,Al2O3,GlobalDensity,HarvestHavre=Low|NiPpm=High|Al2O3=Mid|GlobalDensity=Low,0,48717948717948717,0,5128205128205128,0
DistCoast,HarvestHavre,NiPpm,Al2O3,GlobalDensity,HarvestHavre=Missing|NiPpm=Mid|Al2O3=Low|GlobalDensity=Low,0,7843137254901961,0,17647058823529413,0,0392156862745098
DistCoast,HarvestHavre,NiPpm,Al2O3,GlobalDensity,HarvestHavre=Low|NiPpm=High|Al2O3=High|GlobalDensity=Low,0,40350877192982454,0,5789473684210527,0,017543859649122806
DistCoast,HarvestHavre,NiPpm,Al2O3,GlobalDensity,HarvestHavre=High|NiPpm=High|Al2O3=Mid|GlobalDensity=Mid,1,0,0
DistCoast,HarvestHavre,NiPpm,Al2O3,GlobalDensity,HarvestHavre=Missing|NiPpm=Mid|Al2O3=Low|GlobalDensity=Mid,0,1,0
DistCoast,HarvestHavre,NiPpm,Al2O3,GlobalDensity,HarvestHavre=Low|NiPpm=Low|Al2O3=Mid|GlobalDensity=High,0,0,12,0,88
DistCoast,HarvestHavre,NiPpm,Al2O3,GlobalDensity,HarvestHavre=Missing|NiPpm=High|Al2O3=Mid|GlobalDensity=Low,0,7,0,2,0,1
DistCoast,HarvestHavre,NiPpm,Al2O3,GlobalDensity,HarvestHavre=Missing|NiPpm=Mid|Al2O3=High|GlobalDensity=Mid,0,1,0
DistCoast,HarvestHavre,NiPpm,Al2O3,GlobalDensity,HarvestHavre=Low|NiPpm=Mid|Al2O3=Mid|GlobalDensity=High,0,0,2222222222222222,0,7777777777777778
DistCoast,HarvestHavre,NiPpm,Al2O3,GlobalDensity,HarvestHavre=High|NiPpm=Missing|Al2O3=Missing|GlobalDensity=High,0,0,1
DistCoast,HarvestHavre,NiPpm,Al2O3,GlobalDensity,HarvestHavre=High|NiPpm=Low|Al2O3=Mid|GlobalDensity=Low,0,16666666666666666,0,8333333333333334,0
DistCoast,HarvestHavre,NiPpm,Al2O3,GlobalDensity,HarvestHavre=Low|NiPpm=Mid|Al2O3=High|GlobalDensity=Low,0,6666666666666666,0,3333333333333333,0
DistCoast,HarvestHavre,NiPpm,Al2O3,GlobalDensity,HarvestHavre=High|NiPpm=Mid|Al2O3=Low|GlobalDensity=Mid,0,2727272727272727,0,7272727272727273,0
DistCoast,HarvestHavre,NiPpm,Al2O3,GlobalDensity,HarvestHavre=Low|NiPpm=Low|Al2O3=Mid|GlobalDensity=Low,0,9285714285714286,0,07142857142857142,0
DistCoast,HarvestHavre,NiPpm,Al2O3,GlobalDensity,HarvestHavre=Low|NiPpm=High|Al2O3=Low|GlobalDensity=Mid,0,0,6666666666666666,0,3333333333333333
DistCoast,HarvestHavre,NiPpm,Al2O3,GlobalDensity,HarvestHavre=Low|NiPpm=High|Al2O3=Mid|GlobalDensity=Mid,0,0,8888888888888888,0,1111111111111111
DistCoast,HarvestHavre,NiPpm,Al2O3,GlobalDensity,HarvestHavre=Low|NiPpm=Low|Al2O3=Mid|GlobalDensity=Mid,0,1,0,2,0,7
DistCoast,HarvestHavre,NiPpm,Al2O3,GlobalDensity,HarvestHavre=High|NiPpm=High|Al2O3=High|GlobalDensity=Low,0,5555555555555556,0,4444444444444444,0
DistCoast,HarvestHavre,NiPpm,Al2O3,GlobalDensity,HarvestHavre=High|NiPpm=Low|Al2O3=High|GlobalDensity=Low,0,1,0
DistCoast,HarvestHavre,NiPpm,Al2O3,GlobalDensity,HarvestHavre=Missing|NiPpm=Low|Al2O3=High|GlobalDensity=Mid,0,1,0
DistCoast,HarvestHavre,NiPpm,Al2O3,GlobalDensity,HarvestHavre=High|NiPpm=Mid|Al2O3=Low|GlobalDensity=Low,0,7619047619047619,0,23809523809523808,0
DistCoast,HarvestHavre,NiPpm,Al2O3,GlobalDensity,HarvestHavre=Low|NiPpm=Mid|Al2O3=Low|GlobalDensity=High,0,0,18181818181818182,0,8181818181818182
DistCoast,HarvestHavre,NiPpm,Al2O3,GlobalDensity,HarvestHavre=Mid|NiPpm=High|Al2O3=Mid|GlobalDensity=Mid,1,0,0
DistCoast,HarvestHavre,NiPpm,Al2O3,GlobalDensity,HarvestHavre=Mid|NiPpm=Missing|Al2O3=Missing|GlobalDensity=Low,1,0,0
DistCoast,HarvestHavre,NiPpm,Al2O3,GlobalDensity,HarvestHavre=Missing|NiPpm=Mid|Al2O3=High|GlobalDensity=Low,0,375,0,625,0
DistCoast,HarvestHavre,NiPpm,Al2O3,GlobalDensity,HarvestHavre=Mid|NiPpm=Low|Al2O3=High|GlobalDensity=High,0,0,16666666666666666,0,8333333333333334
DistCoast,HarvestHavre,NiPpm,Al2O3,GlobalDensity,HarvestHavre=Low|NiPpm=High|Al2O3=Low|GlobalDensity=Low,0,5,0,5,0
DistCoast,HarvestHavre,NiPpm,Al2O3,GlobalDensity,HarvestHavre=Low|NiPpm=High|Al2O3=Low|GlobalDensity=High,0,1,0
DistCoast,HarvestHavre,NiPpm,Al2O3,GlobalDensity,HarvestHavre=Missing|NiPpm=Low|Al2O3=High|GlobalDensity=Low,0,1,0
DistCoast,HarvestHavre,NiPpm,Al2O3,GlobalDensity,HarvestHavre=Mid|NiPpm=Low|Al2O3=Mid|GlobalDensity=High,0,0,012658227848101266,0,9873417721518988
DistCoast,HarvestHavre,NiPpm,Al2O3,GlobalDensity,HarvestHavre=Low|NiPpm=High|Al2O3=Mid|GlobalDensity=High,0,1,0
DistCoast,HarvestHavre,NiPpm,Al2O3,GlobalDensity,HarvestHavre=Missing|NiPpm=High|Al2O3=Low|GlobalDensity=Low,0,14285714285714285,0,5714285714285714,0,2857142857142857
DistCoast,HarvestHavre,NiPpm,Al2O3,GlobalDensity,HarvestHavre=Missing|NiPpm=Mid|Al2O3=Mid|GlobalDensity=Mid,0,5,0,5,0
DistCoast,HarvestHavre,NiPpm,Al2O3,GlobalDensity,HarvestHavre=Low|NiPpm=Low|Al2O3=High|GlobalDensity=High,0,0,3333333333333333,0,6666666666666666
DistCoast,HarvestHavre,NiPpm,Al2O3,GlobalDensity,HarvestHavre=Low|NiPpm=High|Al2O3=High|GlobalDensity=High,0,0,25,0,75
DistCoast,HarvestHavre,NiPpm,Al2O3,GlobalDensity,HarvestHavre=Mid|NiPpm=Low|Al2O3=Mid|GlobalDensity=Mid,0,75,0,25,0
DistCoast,HarvestHavre,NiPpm,Al2O3,GlobalDensity,HarvestHavre=High|NiPpm=High|Al2O3=Mid|GlobalDensity=High,0,0,1
DistCoast,HarvestHavre,NiPpm,Al2O3,GlobalDensity,HarvestHavre=High|NiPpm=Missing|Al2O3=Missing|GlobalDensity=Low,1,0,0
DistCoast,HarvestHavre,NiPpm,Al2O3,GlobalDensity,HarvestHavre=Missing|NiPpm=Low|Al2O3=Mid|GlobalDensity=Low,0,5,0,5,0
Wind,Temperature,DistCoast,HarvestHavre,Temperature=Mid|DistCoast=Low|HarvestHavre=Low,0,07903780068728522,0,2646048109965636,0,6563573883161512
Wind,Temperature,DistCoast,HarvestHavre,Temperature=Low|DistCoast=Low|HarvestHavre=High,0,8186714542190305,0,14721723518850988,0,03411131059245961
Wind,Temperature,DistCoast,HarvestHavre,Temperature=Mid|DistCoast=Mid|HarvestHavre=High,0,5402597402597402,0,32987012987012987,0,12987012987012986
Wind,Temperature,DistCoast,HarvestHavre,Temperature=High|DistCoast=High|HarvestHavre=Low,0,6154580152671756,0,2013358778625954,0,183206106870229
Wind,Temperature,DistCoast,HarvestHavre,Temperature=High|DistCoast=Mid|HarvestHavre=Low,0,36585365853658536,0,23780487804878048,0,39634146341463417
Wind,Temperature,DistCoast,HarvestHavre,Temperature=Low|DistCoast=Low|HarvestHavre=Missing,0,21681997371879105,0,16688567674113008,0,6162943495400789
Wind,Temperature,DistCoast,HarvestHavre,Temperature=Mid|DistCoast=Mid|HarvestHavre=Mid,0,11499436302142052,0,28861330326944756,0,5963923337091319
Wind,Temperature,DistCoast,HarvestHavre,Temperature=High|DistCoast=Mid|HarvestHavre=Mid,0,1191919191919192,0,26666666666666666,0,6141414141414141
Wind,Temperature,DistCoast,HarvestHavre,Temperature=Mid|DistCoast=High|HarvestHavre=Mid,0,6532356532356532,0,33577533577533575,0,01098901098901099
Wind,Temperature,DistCoast,HarvestHavre,Temperature=High|DistCoast=Mid|HarvestHavre=High,0,18495297805642633,0,25705329153605017,0,5579937304075235
Wind,Temperature,DistCoast,HarvestHavre,Temperature=Mid|DistCoast=Low|HarvestHavre=Missing,0,18411552346570398,0,07942238267148015,0,7364620938628159
Wind,Temperature,DistCoast,HarvestHavre,Temperature=Low|DistCoast=Low|HarvestHavre=Mid,0,805019305019305,0,1583011583011583,0,03667953667953668
Wind,Temperature,DistCoast,HarvestHavre,Temperature=Low|DistCoast=Mid|HarvestHavre=Mid,0,647450110864745,0,34478935698447893,0,007760532150776054
Wind,Temperature,DistCoast,HarvestHavre,Temperature=Mid|DistCoast=High|HarvestHavre=Low,0,6048703849175177,0,26394344069128045,0,1311861743912019
Wind,Temperature,DistCoast,HarvestHavre,Temperature=Mid|DistCoast=Low|HarvestHavre=High,0,3978779840848806,0,45225464190981435,0,14986737400530503
Wind,Temperature,DistCoast,HarvestHavre,Temperature=Low|DistCoast=High|HarvestHavre=Low,0,9486166007905138,0,048748353096179184,0,002635046113306983
Wind,Temperature,DistCoast,HarvestHavre,Temperature=Mid|DistCoast=Mid|HarvestHavre=Low,0,41875,0,3,0,28125
Wind,Temperature,DistCoast,HarvestHavre,Temperature=High|DistCoast=High|HarvestHavre=Mid,0,14795008912655971,0,11586452762923351,0,7361853832442068
Wind,Temperature,DistCoast,HarvestHavre,Temperature=Low|DistCoast=Mid|HarvestHavre=Low,0,6,0,1,0,3
Wind,Temperature,DistCoast,HarvestHavre,Temperature=Mid|DistCoast=Mid|HarvestHavre=Missing,0,3674418604651163,0,29767441860465116,0,33488372093023255
Wind,Temperature,DistCoast,HarvestHavre,Temperature=Low|DistCoast=Mid|HarvestHavre=High,0,827922077922078,0,11038961038961038,0,06168831168831169
Wind,Temperature,DistCoast,HarvestHavre,Temperature=High|DistCoast=Low|HarvestHavre=Low,0,06818181818181818,0,09090909090909091,0,8409090909090909
Wind,Temperature,DistCoast,HarvestHavre,Temperature=Low|DistCoast=High|HarvestHavre=Missing,0,6346153846153846,0,1346153846153846,0,23076923076923078
Wind,Temperature,DistCoast,HarvestHavre,Temperature=Low|DistCoast=Mid|HarvestHavre=Missing,0,6558441558441559,0,22727272727272727,0,11688311688311688
Wind,Temperature,DistCoast,HarvestHavre,Temperature=Mid|DistCoast=High|HarvestHavre=High,0,9029126213592233,0,08737864077669903,0,009708737864077669
Wind,Temperature,DistCoast,HarvestHavre,Temperature=High|DistCoast=Mid|HarvestHavre=Missing,0,4276729559748428,0,22641509433962265,0,34591194968553457
Wind,Temperature,DistCoast,HarvestHavre,Temperature=High|DistCoast=High|HarvestHavre=High,0,352,0,328,0,32
Wind,Temperature,DistCoast,HarvestHavre,Temperature=Low|DistCoast=Low|HarvestHavre=Low,0,2995319812792512,0,14040561622464898,0,5600624024960998
Wind,Temperature,DistCoast,HarvestHavre,Temperature=Low|DistCoast=High|HarvestHavre=Mid,0,870253164556962,0,11708860759493671,0,012658227848101266
Wind,Temperature,DistCoast,HarvestHavre,Temperature=High|DistCoast=Low|HarvestHavre=Missing,0,2627118644067797,0,1864406779661017,0,5508474576271186
Wind,Temperature,DistCoast,HarvestHavre,Temperature=Mid|DistCoast=Low|HarvestHavre=Mid,0,2375,0,5178571428571429,0,24464285714285713
Wind,Temperature,DistCoast,HarvestHavre,Temperature=High|DistCoast=Low|HarvestHavre=High,0,09792284866468842,0,6350148367952523,0,26706231454005935
Wind,Temperature,DistCoast,HarvestHavre,Temperature=High|DistCoast=Low|HarvestHavre=Mid,0,21212121212121213,0,45454545454545453,0,3333333333333333
Wind,Temperature,DistCoast,HarvestHavre,Temperature=Mid|DistCoast=High|HarvestHavre=Missing,0,4583333333333333,0,125,0,4166666666666667
Wind,Temperature,DistCoast,HarvestHavre,Temperature=High|DistCoast=High|HarvestHavre=Missing,0,625,0,125,0,25
Wind,Temperature,DistCoast,HarvestHavre,Temperature=Low|DistCoast=High|HarvestHavre=High,0,9342105263157895,0,06578947368421052,0
DirCoast,DistCoast,HarvestHavre,Lat,Fe2O3,DistCoast=Low|HarvestHavre=Low|Lat=High|Fe2O3=Missing,0,9333333333333333,0,06666666666666667,0
DirCoast,DistCoast,HarvestHavre,Lat,Fe2O3,DistCoast=Low|HarvestHavre=High|Lat=Low|Fe2O3=High,0,0365296803652968,0,6027397260273972,0,3607305936073059
DirCoast,DistCoast,HarvestHavre,Lat,Fe2O3,DistCoast=Mid|HarvestHavre=High|Lat=Low|Fe2O3=Low,0,5,0,045454545454545456,0,45454545454545453
DirCoast,DistCoast,HarvestHavre,Lat,Fe2O3,DistCoast=High|HarvestHavre=Low|Lat=High|Fe2O3=Low,0,9655172413793104,0,0,034482758620689655
DirCoast,DistCoast,HarvestHavre,Lat,Fe2O3,DistCoast=Mid|HarvestHavre=Low|Lat=High|Fe2O3=High,1,0,0
DirCoast,DistCoast,HarvestHavre,Lat,Fe2O3,DistCoast=Mid|HarvestHavre=Low|Lat=High|Fe2O3=Mid,1,0,0
DirCoast,DistCoast,HarvestHavre,Lat,Fe2O3,DistCoast=Low|HarvestHavre=Missing|Lat=High|Fe2O3=Missing,0,8333333333333334,0,1111111111111111,0,05555555555555555
DirCoast,DistCoast,HarvestHavre,Lat,Fe2O3,DistCoast=Mid|HarvestHavre=Mid|Lat=Mid|Fe2O3=High,0,0,1
DirCoast,DistCoast,HarvestHavre,Lat,Fe2O3,DistCoast=High|HarvestHavre=Mid|Lat=Mid|Fe2O3=High,0,03409090909090909,0,0,9659090909090909
DirCoast,DistCoast,HarvestHavre,Lat,Fe2O3,DistCoast=Mid|HarvestHavre=High|Lat=Mid|Fe2O3=Low,0,7142857142857143,0,2857142857142857,0
DirCoast,DistCoast,HarvestHavre,Lat,Fe2O3,DistCoast=High|HarvestHavre=Low|Lat=High|Fe2O3=Missing,0,16233766233766234,0,5454545454545454,0,2922077922077922
DirCoast,DistCoast,HarvestHavre,Lat,Fe2O3,DistCoast=Low|HarvestHavre=Missing|Lat=High|Fe2O3=Mid,0,34177215189873417,0,4810126582278481,0,17721518987341772
DirCoast,DistCoast,HarvestHavre,Lat,Fe2O3,DistCoast=Mid|HarvestHavre=Low|Lat=Mid|Fe2O3=Missing,0,15789473684210525,0,6842105263157895,0,15789473684210525
DirCoast,DistCoast,HarvestHavre,Lat,Fe2O3,DistCoast=Low|HarvestHavre=Mid|Lat=Mid|Fe2O3=Low,0,2777777777777778,0,1111111111111111,0,6111111111111112
DirCoast,DistCoast,HarvestHavre,Lat,Fe2O3,DistCoast=Low|HarvestHavre=Mid|Lat=Mid|Fe2O3=Missing,0,4186046511627907,0,06976744186046512,0,5116279069767442
DirCoast,DistCoast,HarvestHavre,Lat,Fe2O3,DistCoast=High|HarvestHavre=Low|Lat=Mid|Fe2O3=Missing,0,026200873362445413,0,34934497816593885,0,6244541484716157
DirCoast,DistCoast,HarvestHavre,Lat,Fe2O3,DistCoast=Mid|HarvestHavre=Low|Lat=High|Fe2O3=Missing,0,90625,0,09375,0
DirCoast,DistCoast,HarvestHavre,Lat,Fe2O3,DistCoast=Low|HarvestHavre=Missing|Lat=Low|Fe2O3=High,0,5,0,5,0
DirCoast,DistCoast,HarvestHavre,Lat,Fe2O3,DistCoast=Mid|HarvestHavre=High|Lat=High|Fe2O3=Mid,1,0,0
DirCoast,DistCoast,HarvestHavre,Lat,Fe2O3,DistCoast=Mid|HarvestHavre=Mid|Lat=Low|Fe2O3=High,0,0,25,0,75
DirCoast,DistCoast,HarvestHavre,Lat,Fe2O3,DistCoast=Low|HarvestHavre=Mid|Lat=Low|Fe2O3=High,0,013333333333333334,0,4266666666666667,0,56
DirCoast,DistCoast,HarvestHavre,Lat,Fe2O3,DistCoast=Mid|HarvestHavre=Mid|Lat=Low|Fe2O3=Low,0,0,4807692307692308,0,5192307692307693
DirCoast,DistCoast,HarvestHavre,Lat,Fe2O3,DistCoast=Low|HarvestHavre=Mid|Lat=Low|Fe2O3=Mid,0,0136986301369863,0,2191780821917808,0,7671232876712328
DirCoast,DistCoast,HarvestHavre,Lat,Fe2O3,DistCoast=Low|HarvestHavre=Mid|Lat=Low|Fe2O3=Low,0,0,18181818181818182,0,8181818181818182
DirCoast,DistCoast,HarvestHavre,Lat,Fe2O3,DistCoast=Mid|HarvestHavre=Mid|Lat=Low|Fe2O3=Mid,0,0,6825396825396826,0,31746031746031744
DirCoast,DistCoast,HarvestHavre,Lat,Fe2O3,DistCoast=Low|HarvestHavre=Mid|Lat=Mid|Fe2O3=Mid,0,08695652173913043,0,043478260869565216,0,8695652173913043
DirCoast,DistCoast,HarvestHavre,Lat,Fe2O3,DistCoast=Mid|HarvestHavre=Mid|Lat=Mid|Fe2O3=Low,0,0,041666666666666664,0,9583333333333334
DirCoast,DistCoast,HarvestHavre,Lat,Fe2O3,DistCoast=Mid|HarvestHavre=Mid|Lat=Mid|Fe2O3=Mid,0,0,1
DirCoast,DistCoast,HarvestHavre,Lat,Fe2O3,DistCoast=Low|HarvestHavre=High|Lat=Low|Fe2O3=Mid,0,18181818181818182,0,4909090909090909,0,32727272727272727
DirCoast,DistCoast,HarvestHavre,Lat,Fe2O3,DistCoast=Low|HarvestHavre=High|Lat=Low|Fe2O3=Low,0,09183673469387756,0,8673469387755102,0,04081632653061224
DirCoast,DistCoast,HarvestHavre,Lat,Fe2O3,DistCoast=Mid|HarvestHavre=Mid|Lat=Mid|Fe2O3=Missing,0,0,23076923076923078,0,7692307692307693
DirCoast,DistCoast,HarvestHavre,Lat,Fe2O3,DistCoast=High|HarvestHavre=Mid|Lat=Mid|Fe2O3=Low,0,06285714285714286,0,4057142857142857,0,5314285714285715
DirCoast,DistCoast,HarvestHavre,Lat,Fe2O3,DistCoast=High|HarvestHavre=Mid|Lat=Mid|Fe2O3=Mid,0,05673758865248227,0,8014184397163121,0,14184397163120568
DirCoast,DistCoast,HarvestHavre,Lat,Fe2O3,DistCoast=High|HarvestHavre=Mid|Lat=Mid|Fe2O3=Missing,0,6666666666666666,0,1111111111111111,0,2222222222222222
DirCoast,DistCoast,HarvestHavre,Lat,Fe2O3,DistCoast=Mid|HarvestHavre=High|Lat=Mid|Fe2O3=Mid,0,9285714285714286,0,07142857142857142,0
DirCoast,DistCoast,HarvestHavre,Lat,Fe2O3,DistCoast=Low|HarvestHavre=Missing|Lat=High|Fe2O3=Low,0,696078431372549,0,22549019607843138,0,0784313725490196
DirCoast,DistCoast,HarvestHavre,Lat,Fe2O3,DistCoast=Low|HarvestHavre=Low|Lat=High|Fe2O3=Low,0,6808510638297872,0,2872340425531915,0,031914893617021274
DirCoast,DistCoast,HarvestHavre,Lat,Fe2O3,DistCoast=Mid|HarvestHavre=Missing|Lat=Low|Fe2O3=Low,0,4473684210526316,0,5,0,05263157894736842
DirCoast,DistCoast,HarvestHavre,Lat,Fe2O3,DistCoast=Low|HarvestHavre=High|Lat=Low|Fe2O3=Missing,0,0,5833333333333334,0,4166666666666667
DirCoast,DistCoast,HarvestHavre,Lat,Fe2O3,DistCoast=Low|HarvestHavre=Low|Lat=High|Fe2O3=Mid,0,860655737704918,0,09836065573770492,0,040983606557377046
DirCoast,DistCoast,HarvestHavre,Lat,Fe2O3,DistCoast=Low|HarvestHavre=High|Lat=Mid|Fe2O3=High,0,9166666666666666,0,0,08333333333333333
DirCoast,DistCoast,HarvestHavre,Lat,Fe2O3,DistCoast=High|HarvestHavre=Low|Lat=Low|Fe2O3=Mid,0,09836065573770492,0,32786885245901637,0,5737704918032787
DirCoast,DistCoast,HarvestHavre,Lat,Fe2O3,DistCoast=Mid|HarvestHavre=Missing|Lat=High|Fe2O3=Low,0,9444444444444444,0,05555555555555555,0
DirCoast,DistCoast,HarvestHavre,Lat,Fe2O3,DistCoast=Low|HarvestHavre=Missing|Lat=High|Fe2O3=High,0,375,0,125,0,5
DirCoast,DistCoast,HarvestHavre,Lat,Fe2O3,DistCoast=Low|HarvestHavre=Low|Lat=Mid|Fe2O3=Low,0,5,0,5,0
DirCoast,DistCoast,HarvestHavre,Lat,Fe2O3,DistCoast=High|HarvestHavre=Mid|Lat=Low|Fe2O3=Low,0,1,0
DirCoast,DistCoast,HarvestHavre,Lat,Fe2O3,DistCoast=Low|HarvestHavre=Mid|Lat=Mid|Fe2O3=High,0,4,0,2,0,4
DirCoast,DistCoast,HarvestHavre,Lat,Fe2O3,DistCoast=Mid|HarvestHavre=Low|Lat=Mid|Fe2O3=Mid,1,0,0
DirCoast,DistCoast,HarvestHavre,Lat,Fe2O3,DistCoast=Mid|HarvestHavre=Missing|Lat=High|Fe2O3=Missing,0,5,0,5,0
DirCoast,DistCoast,HarvestHavre,Lat,Fe2O3,DistCoast=Low|HarvestHavre=Low|Lat=High|Fe2O3=High,0,8620689655172413,0,06896551724137931,0,06896551724137931
DirCoast,DistCoast,HarvestHavre,Lat,Fe2O3,DistCoast=High|HarvestHavre=Missing|Lat=High|Fe2O3=High,0,8,0,2,0
DirCoast,DistCoast,HarvestHavre,Lat,Fe2O3,DistCoast=Mid|HarvestHavre=Missing|Lat=High|Fe2O3=Mid,0,9375,0,0625,0
DirCoast,DistCoast,HarvestHavre,Lat,Fe2O3,DistCoast=High|HarvestHavre=Missing|Lat=High|Fe2O3=Mid,1,0,0
DirCoast,DistCoast,HarvestHavre,Lat,Fe2O3,DistCoast=High|HarvestHavre=Low|Lat=High|Fe2O3=Mid,1,0,0
DirCoast,DistCoast,HarvestHavre,Lat,Fe2O3,DistCoast=Mid|HarvestHavre=High|Lat=Low|Fe2O3=High,0,06,0,76,0,18
DirCoast,DistCoast,HarvestHavre,Lat,Fe2O3,DistCoast=Mid|HarvestHavre=High|Lat=Low|Fe2O3=Mid,0,09836065573770492,0,7704918032786885,0,13114754098360656
DirCoast,DistCoast,HarvestHavre,Lat,Fe2O3,DistCoast=Mid|HarvestHavre=Missing|Lat=Low|Fe2O3=Mid,0,5862068965517241,0,3448275862068966,0,06896551724137931
DirCoast,DistCoast,HarvestHavre,Lat,Fe2O3,DistCoast=High|HarvestHavre=Missing|Lat=High|Fe2O3=Missing,0,8333333333333334,0,0,16666666666666666
DirCoast,DistCoast,HarvestHavre,Lat,Fe2O3,DistCoast=Low|HarvestHavre=High|Lat=High|Fe2O3=Low,1,0,0
DirCoast,DistCoast,HarvestHavre,Lat,Fe2O3,DistCoast=Mid|HarvestHavre=Missing|Lat=Low|Fe2O3=High,0,25,0,25,0,5
DirCoast,DistCoast,HarvestHavre,Lat,Fe2O3,DistCoast=Mid|HarvestHavre=Low|Lat=Mid|Fe2O3=High,1,0,0
DirCoast,DistCoast,HarvestHavre,Lat,Fe2O3,DistCoast=High|HarvestHavre=High|Lat=Mid|Fe2O3=Missing,1,0,0
DirCoast,DistCoast,HarvestHavre,Lat,Fe2O3,DistCoast=Mid|HarvestHavre=High|Lat=Mid|Fe2O3=High,0,5714285714285714,0,42857142857142855,0
DirCoast,DistCoast,HarvestHavre,Lat,Fe2O3,DistCoast=Mid|HarvestHavre=Low|Lat=High|Fe2O3=Low,1,0,0
DirCoast,DistCoast,HarvestHavre,Lat,Fe2O3,DistCoast=Mid|HarvestHavre=Low|Lat=Low|Fe2O3=Low,0,7142857142857143,0,2857142857142857,0
DirCoast,DistCoast,HarvestHavre,Lat,Fe2O3,DistCoast=Low|HarvestHavre=High|Lat=Mid|Fe2O3=Mid,1,0,0
DirCoast,DistCoast,HarvestHavre,Lat,Fe2O3,DistCoast=High|HarvestHavre=High|Lat=High|Fe2O3=Missing,1,0,0
DirCoast,DistCoast,HarvestHavre,Lat,Fe2O3,DistCoast=High|HarvestHavre=Mid|Lat=Low|Fe2O3=Mid,0,1,0
DirCoast,DistCoast,HarvestHavre,Lat,Fe2O3,DistCoast=Mid|HarvestHavre=Low|Lat=Mid|Fe2O3=Low,1,0,0
DirCoast,DistCoast,HarvestHavre,Lat,Fe2O3,DistCoast=High|HarvestHavre=Low|Lat=Low|Fe2O3=High,0,2222222222222222,0,5555555555555556,0,2222222222222222
DirCoast,DistCoast,HarvestHavre,Lat,Fe2O3,DistCoast=Low|HarvestHavre=High|Lat=Mid|Fe2O3=Low,0,625,0,25,0,125
DirCoast,DistCoast,HarvestHavre,Lat,Fe2O3,DistCoast=Mid|HarvestHavre=Low|Lat=Low|Fe2O3=Mid,0,2,0,6,0,2
DirCoast,DistCoast,HarvestHavre,Lat,Fe2O3,DistCoast=High|HarvestHavre=High|Lat=Mid|Fe2O3=Low,1,0,0
DirCoast,DistCoast,HarvestHavre,Lat,Fe2O3,DistCoast=Mid|HarvestHavre=Missing|Lat=High|Fe2O3=High,1,0,0
DirCoast,DistCoast,HarvestHavre,Lat,Fe2O3,DistCoast=Mid|HarvestHavre=High|Lat=High|Fe2O3=High,1,0,0
DirCoast,DistCoast,HarvestHavre,Lat,Fe2O3,DistCoast=Mid|HarvestHavre=High|Lat=High|Fe2O3=Low,1,0,0
DirCoast,DistCoast,HarvestHavre,Lat,Fe2O3,DistCoast=High|HarvestHavre=Low|Lat=Low|Fe2O3=Low,0,7142857142857143,0,14285714285714285,0,14285714285714285
DirCoast,DistCoast,HarvestHavre,Lat,Fe2O3,DistCoast=Mid|HarvestHavre=High|Lat=Low|Fe2O3=Missing,0,0,1
DirCoast,DistCoast,HarvestHavre,Lat,Fe2O3,DistCoast=High|HarvestHavre=Low|Lat=Mid|Fe2O3=Mid,1,0,0
DirCoast,DistCoast,HarvestHavre,Lat,Fe2O3,DistCoast=Low|HarvestHavre=Low|Lat=Mid|Fe2O3=High,1,0,0
DirCoast,DistCoast,HarvestHavre,Lat,Fe2O3,DistCoast=High|HarvestHavre=Low|Lat=Mid|Fe2O3=Low,0,9411764705882353,0,058823529411764705,0
DirCoast,DistCoast,HarvestHavre,Lat,Fe2O3,DistCoast=Mid|HarvestHavre=Low|Lat=Low|Fe2O3=High,0,1,0
DirCoast,DistCoast,HarvestHavre,Lat,Fe2O3,DistCoast=High|HarvestHavre=Low|Lat=High|Fe2O3=High,1,0,0
DirCoast,DistCoast,HarvestHavre,Lat,Fe2O3,DistCoast=High|HarvestHavre=Low|Lat=Mid|Fe2O3=High,1,0,0
DirCoast,DistCoast,HarvestHavre,Lat,Fe2O3,DistCoast=High|HarvestHavre=High|Lat=Mid|Fe2O3=High,1,0,0
DirCoast,DistCoast,HarvestHavre,Lat,Fe2O3,DistCoast=Low|HarvestHavre=Low|Lat=Low|Fe2O3=Low,0,5,0,5,0
DirCoast,DistCoast,HarvestHavre,Lat,Fe2O3,DistCoast=Low|HarvestHavre=High|Lat=High|Fe2O3=Mid,0,0,1
DirCoast,DistCoast,HarvestHavre,Lat,Fe2O3,DistCoast=Low|HarvestHavre=Low|Lat=Mid|Fe2O3=Mid,1,0,0
DirCoast,DistCoast,HarvestHavre,Lat,Fe2O3,DistCoast=Low|HarvestHavre=Missing|Lat=Mid|Fe2O3=Low,1,0,0
SoilDepthMeters,DistRidge,HarvestSlattervallTotal,NiPpm,Al2O3,DistRidge=High|HarvestSlattervallTotal=Low|NiPpm=Missing|Al2O3=Missing,0,46511627906976744,0,2868217054263566,0,24031007751937986
SoilDepthMeters,DistRidge,HarvestSlattervallTotal,NiPpm,Al2O3,DistRidge=High|HarvestSlattervallTotal=High|NiPpm=Mid|Al2O3=High,0,36363636363636365,0,36363636363636365,0,2727272727272727
SoilDepthMeters,DistRidge,HarvestSlattervallTotal,NiPpm,Al2O3,DistRidge=Missing|HarvestSlattervallTotal=High|NiPpm=High|Al2O3=Mid,0,043859649122807015,0,5,0,45614035087719296
SoilDepthMeters,DistRidge,HarvestSlattervallTotal,NiPpm,Al2O3,DistRidge=High|HarvestSlattervallTotal=Mid|NiPpm=Low|Al2O3=Low,0,4225352112676056,0,23943661971830985,0,3380281690140845
SoilDepthMeters,DistRidge,HarvestSlattervallTotal,NiPpm,Al2O3,DistRidge=High|HarvestSlattervallTotal=Missing|NiPpm=High|Al2O3=High,0,5,0,3333333333333333,0,16666666666666666
SoilDepthMeters,DistRidge,HarvestSlattervallTotal,NiPpm,Al2O3,DistRidge=Missing|HarvestSlattervallTotal=Mid|NiPpm=Mid|Al2O3=Low,0,4358974358974359,0,358974358974359,0,20512820512820512
SoilDepthMeters,DistRidge,HarvestSlattervallTotal,NiPpm,Al2O3,DistRidge=Missing|HarvestSlattervallTotal=Mid|NiPpm=Mid|Al2O3=High,0,021505376344086023,0,12903225806451613,0,8494623655913979
SoilDepthMeters,DistRidge,HarvestSlattervallTotal,NiPpm,Al2O3,DistRidge=Missing|HarvestSlattervallTotal=Mid|NiPpm=High|Al2O3=Low,0,1724137931034483,0,20689655172413793,0,6206896551724138
SoilDepthMeters,DistRidge,HarvestSlattervallTotal,NiPpm,Al2O3,DistRidge=Missing|HarvestSlattervallTotal=Mid|NiPpm=High|Al2O3=Mid,0,17647058823529413,0,35294117647058826,0,47058823529411764
SoilDepthMeters,DistRidge,HarvestSlattervallTotal,NiPpm,Al2O3,DistRidge=High|HarvestSlattervallTotal=High|NiPpm=Low|Al2O3=Low,0,5925925925925926,0,18518518518518517,0,2222222222222222
SoilDepthMeters,DistRidge,HarvestSlattervallTotal,NiPpm,Al2O3,DistRidge=Low|HarvestSlattervallTotal=Mid|NiPpm=Missing|Al2O3=Missing,0,75,0,25,0
SoilDepthMeters,DistRidge,HarvestSlattervallTotal,NiPpm,Al2O3,DistRidge=Missing|HarvestSlattervallTotal=Mid|NiPpm=Missing|Al2O3=Missing,0,21333333333333335,0,44,0,3333333333333333
SoilDepthMeters,DistRidge,HarvestSlattervallTotal,NiPpm,Al2O3,DistRidge=High|HarvestSlattervallTotal=Mid|NiPpm=Missing|Al2O3=Missing,0,6923076923076923,0,1282051282051282,0,1794871794871795
SoilDepthMeters,DistRidge,HarvestSlattervallTotal,NiPpm,Al2O3,DistRidge=Mid|HarvestSlattervallTotal=Mid|NiPpm=Missing|Al2O3=Missing,0,4166666666666667,0,3333333333333333,0,25
SoilDepthMeters,DistRidge,HarvestSlattervallTotal,NiPpm,Al2O3,DistRidge=Missing|HarvestSlattervallTotal=Low|NiPpm=Low|Al2O3=Low,0,2857142857142857,0,2987012987012987,0,4025974025974026
SoilDepthMeters,DistRidge,HarvestSlattervallTotal,NiPpm,Al2O3,DistRidge=Low|HarvestSlattervallTotal=Missing|NiPpm=Missing|Al2O3=Missing,1,0,0
SoilDepthMeters,DistRidge,HarvestSlattervallTotal,NiPpm,Al2O3,DistRidge=Low|HarvestSlattervallTotal=Mid|NiPpm=Low|Al2O3=Low,0,46405228758169936,0,27450980392156865,0,26143790849673204
SoilDepthMeters,DistRidge,HarvestSlattervallTotal,NiPpm,Al2O3,DistRidge=High|HarvestSlattervallTotal=High|NiPpm=Low|Al2O3=High,0,8571428571428571,0,0,14285714285714285
SoilDepthMeters,DistRidge,HarvestSlattervallTotal,NiPpm,Al2O3,DistRidge=Missing|HarvestSlattervallTotal=Low|NiPpm=Missing|Al2O3=Missing,0,32269503546099293,0,3829787234042553,0,28368794326241137
SoilDepthMeters,DistRidge,HarvestSlattervallTotal,NiPpm,Al2O3,DistRidge=Low|HarvestSlattervallTotal=Low|NiPpm=Missing|Al2O3=Missing,0,6349206349206349,0,30158730158730157,0,06349206349206349
SoilDepthMeters,DistRidge,HarvestSlattervallTotal,NiPpm,Al2O3,DistRidge=Mid|HarvestSlattervallTotal=Low|NiPpm=Missing|Al2O3=Missing,0,5283018867924528,0,36792452830188677,0,10377358490566038
SoilDepthMeters,DistRidge,HarvestSlattervallTotal,NiPpm,Al2O3,DistRidge=Missing|HarvestSlattervallTotal=Low|NiPpm=High|Al2O3=High,0,4,0,4,0,184
SoilDepthMeters,DistRidge,HarvestSlattervallTotal,NiPpm,Al2O3,DistRidge=Low|HarvestSlattervallTotal=Missing|NiPpm=High|Al2O3=High,0,5,0,5,0
SoilDepthMeters,DistRidge,HarvestSlattervallTotal,NiPpm,Al2O3,DistRidge=High|HarvestSlattervallTotal=Missing|NiPpm=Missing|Al2O3=Missing,0,36363636363636365,0,45454545454545453,0,18181818181818182
SoilDepthMeters,DistRidge,HarvestSlattervallTotal,NiPpm,Al2O3,DistRidge=Low|HarvestSlattervallTotal=High|NiPpm=Low|Al2O3=Low,0,6451612903225806,0,3225806451612903,0,03225806451612903
SoilDepthMeters,DistRidge,HarvestSlattervallTotal,NiPpm,Al2O3,DistRidge=Mid|HarvestSlattervallTotal=Missing|NiPpm=Mid|Al2O3=Mid,0,0,6666666666666666,0,3333333333333333
SoilDepthMeters,DistRidge,HarvestSlattervallTotal,NiPpm,Al2O3,DistRidge=Low|HarvestSlattervallTotal=Missing|NiPpm=Mid|Al2O3=High,0,3,0,1,0,6
SoilDepthMeters,DistRidge,HarvestSlattervallTotal,NiPpm,Al2O3,DistRidge=Mid|HarvestSlattervallTotal=Mid|NiPpm=High|Al2O3=High,0,43636363636363634,0,07272727272727272,0,4909090909090909
SoilDepthMeters,DistRidge,HarvestSlattervallTotal,NiPpm,Al2O3,DistRidge=Low|HarvestSlattervallTotal=Mid|NiPpm=High|Al2O3=High,0,5422535211267606,0,20422535211267606,0,2535211267605634
SoilDepthMeters,DistRidge,HarvestSlattervallTotal,NiPpm,Al2O3,DistRidge=Mid|HarvestSlattervallTotal=Mid|NiPpm=Low|Al2O3=Low,0,3764705882352941,0,21176470588235294,0,4117647058823529
SoilDepthMeters,DistRidge,HarvestSlattervallTotal,NiPpm,Al2O3,DistRidge=Low|HarvestSlattervallTotal=Mid|NiPpm=Mid|Al2O3=Low,0,4482758620689655,0,13793103448275862,0,41379310344827586
SoilDepthMeters,DistRidge,HarvestSlattervallTotal,NiPpm,Al2O3,DistRidge=Mid|HarvestSlattervallTotal=Mid|NiPpm=Low|Al2O3=High,0,6923076923076923,0,15384615384615385,0,15384615384615385
SoilDepthMeters,DistRidge,HarvestSlattervallTotal,NiPpm,Al2O3,DistRidge=Low|HarvestSlattervallTotal=Mid|NiPpm=Low|Al2O3=High,0,35714285714285715,0,5714285714285714,0,07142857142857142
SoilDepthMeters,DistRidge,HarvestSlattervallTotal,NiPpm,Al2O3,DistRidge=High|HarvestSlattervallTotal=Mid|NiPpm=Low|Al2O3=High,0,6666666666666666,0,3333333333333333,0
SoilDepthMeters,DistRidge,HarvestSlattervallTotal,NiPpm,Al2O3,DistRidge=Low|HarvestSlattervallTotal=Mid|NiPpm=Mid|Al2O3=Mid,0,375,0,3125,0,3125
SoilDepthMeters,DistRidge,HarvestSlattervallTotal,NiPpm,Al2O3,DistRidge=Mid|HarvestSlattervallTotal=Mid|NiPpm=Mid|Al2O3=Low,0,3888888888888889,0,3333333333333333,0,2777777777777778
SoilDepthMeters,DistRidge,HarvestSlattervallTotal,NiPpm,Al2O3,DistRidge=Low|HarvestSlattervallTotal=High|NiPpm=Low|Al2O3=Mid,0,42857142857142855,0,14285714285714285,0,42857142857142855
SoilDepthMeters,DistRidge,HarvestSlattervallTotal,NiPpm,Al2O3,DistRidge=High|HarvestSlattervallTotal=High|NiPpm=High|Al2O3=High,0,14285714285714285,0,23809523809523808,0,6190476190476191
SoilDepthMeters,DistRidge,HarvestSlattervallTotal,NiPpm,Al2O3,DistRidge=Missing|HarvestSlattervallTotal=High|NiPpm=Low|Al2O3=Low,0,46,0,3,0,24
SoilDepthMeters,DistRidge,HarvestSlattervallTotal,NiPpm,Al2O3,DistRidge=Mid|HarvestSlattervallTotal=High|NiPpm=Low|Al2O3=Mid,0,8333333333333334,0,16666666666666666,0
SoilDepthMeters,DistRidge,HarvestSlattervallTotal,NiPpm,Al2O3,DistRidge=High|HarvestSlattervallTotal=High|NiPpm=Low|Al2O3=Mid,0,4,0,0,6
SoilDepthMeters,DistRidge,HarvestSlattervallTotal,NiPpm,Al2O3,DistRidge=Missing|HarvestSlattervallTotal=Mid|NiPpm=Low|Al2O3=Low,0,12121212121212122,0,36363636363636365,0,5151515151515151
SoilDepthMeters,DistRidge,HarvestSlattervallTotal,NiPpm,Al2O3,DistRidge=High|HarvestSlattervallTotal=Mid|NiPpm=Mid|Al2O3=Low,0,17857142857142858,0,6428571428571429,0,17857142857142858
SoilDepthMeters,DistRidge,HarvestSlattervallTotal,NiPpm,Al2O3,DistRidge=Missing|HarvestSlattervallTotal=Mid|NiPpm=Mid|Al2O3=Mid,0,2571428571428571,0,3142857142857143,0,42857142857142855
SoilDepthMeters,DistRidge,HarvestSlattervallTotal,NiPpm,Al2O3,DistRidge=Missing|HarvestSlattervallTotal=Mid|NiPpm=High|Al2O3=High,0,47368421052631576,0,3684210526315789,0,15789473684210525
SoilDepthMeters,DistRidge,HarvestSlattervallTotal,NiPpm,Al2O3,DistRidge=Mid|HarvestSlattervallTotal=Mid|NiPpm=Mid|Al2O3=Mid,0,3620689655172414,0,08620689655172414,0,5517241379310345
SoilDepthMeters,DistRidge,HarvestSlattervallTotal,NiPpm,Al2O3,DistRidge=High|HarvestSlattervallTotal=Mid|NiPpm=Mid|Al2O3=Mid,0,27692307692307694,0,15384615384615385,0,5692307692307692
SoilDepthMeters,DistRidge,HarvestSlattervallTotal,NiPpm,Al2O3,DistRidge=High|HarvestSlattervallTotal=Mid|NiPpm=Mid|Al2O3=High,0,5909090909090909,0,22727272727272727,0,18181818181818182
SoilDepthMeters,DistRidge,HarvestSlattervallTotal,NiPpm,Al2O3,DistRidge=Mid|HarvestSlattervallTotal=High|NiPpm=Low|Al2O3=Low,0,13333333333333333,0,36666666666666664,0,5
SoilDepthMeters,DistRidge,HarvestSlattervallTotal,NiPpm,Al2O3,DistRidge=Missing|HarvestSlattervallTotal=High|NiPpm=High|Al2O3=Low,0,0,676056338028169,0,323943661971831
SoilDepthMeters,DistRidge,HarvestSlattervallTotal,NiPpm,Al2O3,DistRidge=Mid|HarvestSlattervallTotal=Low|NiPpm=Low|Al2O3=Low,0,42028985507246375,0,30434782608695654,0,2753623188405797
SoilDepthMeters,DistRidge,HarvestSlattervallTotal,NiPpm,Al2O3,DistRidge=Missing|HarvestSlattervallTotal=High|NiPpm=Mid|Al2O3=Mid,0,14285714285714285,0,2857142857142857,0,5714285714285714
SoilDepthMeters,DistRidge,HarvestSlattervallTotal,NiPpm,Al2O3,DistRidge=Mid|HarvestSlattervallTotal=Mid|NiPpm=High|Al2O3=Mid,0,2857142857142857,0,14285714285714285,0,5714285714285714
SoilDepthMeters,DistRidge,HarvestSlattervallTotal,NiPpm,Al2O3,DistRidge=High|HarvestSlattervallTotal=Low|NiPpm=Mid|Al2O3=Low,0,28125,0,25,0,46875
SoilDepthMeters,DistRidge,HarvestSlattervallTotal,NiPpm,Al2O3,DistRidge=Missing|HarvestSlattervallTotal=Low|NiPpm=Mid|Al2O3=Mid,0,325,0,4,0,275
SoilDepthMeters,DistRidge,HarvestSlattervallTotal,NiPpm,Al2O3,DistRidge=Mid|HarvestSlattervallTotal=Low|NiPpm=Mid|Al2O3=Low,0,2647058823529412,0,29411764705882354,0,4411764705882353
SoilDepthMeters,DistRidge,HarvestSlattervallTotal,NiPpm,Al2O3,DistRidge=Low|HarvestSlattervallTotal=Missing|NiPpm=Low|Al2O3=Low,0,6136363636363636,0,22727272727272727,0,1590909090909091
SoilDepthMeters,DistRidge,HarvestSlattervallTotal,NiPpm,Al2O3,DistRidge=High|HarvestSlattervallTotal=Missing|NiPpm=Low|Al2O3=Mid,0,16666666666666666,0,5,0,3333333333333333
SoilDepthMeters,DistRidge,HarvestSlattervallTotal,NiPpm,Al2O3,DistRidge=Missing|HarvestSlattervallTotal=Missing|NiPpm=Low|Al2O3=Low,0,13043478260869565,0,782608695652174,0,08695652173913043
SoilDepthMeters,DistRidge,HarvestSlattervallTotal,NiPpm,Al2O3,DistRidge=Missing|HarvestSlattervallTotal=High|NiPpm=Missing|Al2O3=Missing,0,6,0,0,4
SoilDepthMeters,DistRidge,HarvestSlattervallTotal,NiPpm,Al2O3,DistRidge=High|HarvestSlattervallTotal=Low|NiPpm=Mid|Al2O3=Mid,0,5476190476190477,0,2619047619047619,0,16666666666666666
SoilDepthMeters,DistRidge,HarvestSlattervallTotal,NiPpm,Al2O3,DistRidge=Low|HarvestSlattervallTotal=High|NiPpm=Mid|Al2O3=Mid,0,375,0,4375,0,1875
SoilDepthMeters,DistRidge,HarvestSlattervallTotal,NiPpm,Al2O3,DistRidge=High|HarvestSlattervallTotal=Mid|NiPpm=High|Al2O3=High,0,22727272727272727,0,45454545454545453,0,3181818181818182
SoilDepthMeters,DistRidge,HarvestSlattervallTotal,NiPpm,Al2O3,DistRidge=High|HarvestSlattervallTotal=Low|NiPpm=Low|Al2O3=Low,0,23880597014925373,0,34328358208955223,0,373134328358209
SoilDepthMeters,DistRidge,HarvestSlattervallTotal,NiPpm,Al2O3,DistRidge=Mid|HarvestSlattervallTotal=High|NiPpm=High|Al2O3=High,0,0,375,0,625
SoilDepthMeters,DistRidge,HarvestSlattervallTotal,NiPpm,Al2O3,DistRidge=Missing|HarvestSlattervallTotal=High|NiPpm=Low|Al2O3=High,0,5833333333333334,0,08333333333333333,0,3333333333333333
SoilDepthMeters,DistRidge,HarvestSlattervallTotal,NiPpm,Al2O3,DistRidge=Missing|HarvestSlattervallTotal=Low|NiPpm=Mid|Al2O3=Low,0,3,0,43333333333333335,0,26666666666666666
SoilDepthMeters,DistRidge,HarvestSlattervallTotal,NiPpm,Al2O3,DistRidge=High|HarvestSlattervallTotal=Low|NiPpm=High|Al2O3=Mid,0,23076923076923078,0,38461538461538464,0,38461538461538464
SoilDepthMeters,DistRidge,HarvestSlattervallTotal,NiPpm,Al2O3,DistRidge=Missing|HarvestSlattervallTotal=Low|NiPpm=High|Al2O3=Mid,0,1875,0,20833333333333334,0,6041666666666666
SoilDepthMeters,DistRidge,HarvestSlattervallTotal,NiPpm,Al2O3,DistRidge=Low|HarvestSlattervallTotal=High|NiPpm=Mid|Al2O3=High,0,6,0,13333333333333333,0,26666666666666666
SoilDepthMeters,DistRidge,HarvestSlattervallTotal,NiPpm,Al2O3,DistRidge=Mid|HarvestSlattervallTotal=High|NiPpm=Mid|Al2O3=High,0,5,0,2857142857142857,0,21428571428571427
SoilDepthMeters,DistRidge,HarvestSlattervallTotal,NiPpm,Al2O3,DistRidge=High|HarvestSlattervallTotal=High|NiPpm=Mid|Al2O3=Mid,0,1111111111111111,0,6666666666666666,0,2222222222222222
SoilDepthMeters,DistRidge,HarvestSlattervallTotal,NiPpm,Al2O3,DistRidge=Mid|HarvestSlattervallTotal=High|NiPpm=Mid|Al2O3=Mid,0,5,0,16666666666666666,0,3333333333333333
SoilDepthMeters,DistRidge,HarvestSlattervallTotal,NiPpm,Al2O3,DistRidge=High|HarvestSlattervallTotal=Mid|NiPpm=High|Al2O3=Low,0,26666666666666666,0,26666666666666666,0,4666666666666667
SoilDepthMeters,DistRidge,HarvestSlattervallTotal,NiPpm,Al2O3,DistRidge=Missing|HarvestSlattervallTotal=Missing|NiPpm=Mid|Al2O3=Low,0,07142857142857142,0,9285714285714286,0
SoilDepthMeters,DistRidge,HarvestSlattervallTotal,NiPpm,Al2O3,DistRidge=Missing|HarvestSlattervallTotal=Mid|NiPpm=Low|Al2O3=Mid,0,35,0,3,0,35
SoilDepthMeters,DistRidge,HarvestSlattervallTotal,NiPpm,Al2O3,DistRidge=Low|HarvestSlattervallTotal=Low|NiPpm=Mid|Al2O3=Low,0,47058823529411764,0,11764705882352941,0,4117647058823529
SoilDepthMeters,DistRidge,HarvestSlattervallTotal,NiPpm,Al2O3,DistRidge=Missing|HarvestSlattervallTotal=High|NiPpm=Low|Al2O3=Mid,0,18181818181818182,0,09090909090909091,0,7272727272727273
SoilDepthMeters,DistRidge,HarvestSlattervallTotal,NiPpm,Al2O3,DistRidge=Missing|HarvestSlattervallTotal=High|NiPpm=High|Al2O3=High,0,12903225806451613,0,1935483870967742,0,6774193548387096
SoilDepthMeters,DistRidge,HarvestSlattervallTotal,NiPpm,Al2O3,DistRidge=Low|HarvestSlattervallTotal=High|NiPpm=High|Al2O3=High,0,5,0,25,0,25
SoilDepthMeters,DistRidge,HarvestSlattervallTotal,NiPpm,Al2O3,DistRidge=Mid|HarvestSlattervallTotal=High|NiPpm=Low|Al2O3=High,0,1,0
SoilDepthMeters,DistRidge,HarvestSlattervallTotal,NiPpm,Al2O3,DistRidge=Mid|HarvestSlattervallTotal=Missing|NiPpm=High|Al2O3=High,0,1,0
SoilDepthMeters,DistRidge,HarvestSlattervallTotal,NiPpm,Al2O3,DistRidge=High|HarvestSlattervallTotal=Low|NiPpm=High|Al2O3=High,0,2631578947368421,0,3157894736842105,0,42105263157894735
SoilDepthMeters,DistRidge,HarvestSlattervallTotal,NiPpm,Al2O3,DistRidge=Low|HarvestSlattervallTotal=Low|NiPpm=Low|Al2O3=Low,0,4722222222222222,0,3888888888888889,0,1388888888888889
SoilDepthMeters,DistRidge,HarvestSlattervallTotal,NiPpm,Al2O3,DistRidge=High|HarvestSlattervallTotal=Missing|NiPpm=Low|Al2O3=Low,0,125,0,875,0
SoilDepthMeters,DistRidge,HarvestSlattervallTotal,NiPpm,Al2O3,DistRidge=Low|HarvestSlattervallTotal=Low|NiPpm=Mid|Al2O3=High,1,0,0
SoilDepthMeters,DistRidge,HarvestSlattervallTotal,NiPpm,Al2O3,DistRidge=Mid|HarvestSlattervallTotal=Missing|NiPpm=Missing|Al2O3=Missing,1,0,0
SoilDepthMeters,DistRidge,HarvestSlattervallTotal,NiPpm,Al2O3,DistRidge=Mid|HarvestSlattervallTotal=High|NiPpm=Mid|Al2O3=Low,0,3333333333333333,0,5555555555555556,0,1111111111111111
SoilDepthMeters,DistRidge,HarvestSlattervallTotal,NiPpm,Al2O3,DistRidge=Missing|HarvestSlattervallTotal=Missing|NiPpm=Low|Al2O3=Mid,0,42857142857142855,0,42857142857142855,0,14285714285714285
SoilDepthMeters,DistRidge,HarvestSlattervallTotal,NiPpm,Al2O3,DistRidge=Missing|HarvestSlattervallTotal=Low|NiPpm=Low|Al2O3=Mid,0,5,0,5,0
SoilDepthMeters,DistRidge,HarvestSlattervallTotal,NiPpm,Al2O3,DistRidge=High|HarvestSlattervallTotal=Missing|NiPpm=High|Al2O3=Low,0,1,0
SoilDepthMeters,DistRidge,HarvestSlattervallTotal,NiPpm,Al2O3,DistRidge=Low|HarvestSlattervallTotal=Missing|NiPpm=High|Al2O3=Mid,0,1,0
SoilDepthMeters,DistRidge,HarvestSlattervallTotal,NiPpm,Al2O3,DistRidge=Low|HarvestSlattervallTotal=High|NiPpm=High|Al2O3=Mid,0,5,0,5,0
SoilDepthMeters,DistRidge,HarvestSlattervallTotal,NiPpm,Al2O3,DistRidge=Low|HarvestSlattervallTotal=High|NiPpm=Low|Al2O3=High,0,0,6666666666666666,0,3333333333333333
SoilDepthMeters,DistRidge,HarvestSlattervallTotal,NiPpm,Al2O3,DistRidge=Mid|HarvestSlattervallTotal=Low|NiPpm=High|Al2O3=Mid,0,3,0,1,0,6
SoilDepthMeters,DistRidge,HarvestSlattervallTotal,NiPpm,Al2O3,DistRidge=High|HarvestSlattervallTotal=Missing|NiPpm=Mid|Al2O3=Low,0,6,0,4,0
SoilDepthMeters,DistRidge,HarvestSlattervallTotal,NiPpm,Al2O3,DistRidge=Low|HarvestSlattervallTotal=Low|NiPpm=Mid|Al2O3=Mid,0,875,0,125,0
SoilDepthMeters,DistRidge,HarvestSlattervallTotal,NiPpm,Al2O3,DistRidge=High|HarvestSlattervallTotal=Mid|NiPpm=High|Al2O3=Mid,0,3,0,1,0,6
SoilDepthMeters,DistRidge,HarvestSlattervallTotal,NiPpm,Al2O3,DistRidge=High|HarvestSlattervallTotal=Missing|NiPpm=Low|Al2O3=High,0,0,1
SoilDepthMeters,DistRidge,HarvestSlattervallTotal,NiPpm,Al2O3,DistRidge=High|HarvestSlattervallTotal=Low|NiPpm=High|Al2O3=Low,0,375,0,375,0,25
SoilDepthMeters,DistRidge,HarvestSlattervallTotal,NiPpm,Al2O3,DistRidge=Low|HarvestSlattervallTotal=High|NiPpm=Mid|Al2O3=Low,0,5454545454545454,0,2727272727272727,0,18181818181818182
SoilDepthMeters,DistRidge,HarvestSlattervallTotal,NiPpm,Al2O3,DistRidge=Low|HarvestSlattervallTotal=Mid|NiPpm=High|Al2O3=Mid,1,0,0
SoilDepthMeters,DistRidge,HarvestSlattervallTotal,NiPpm,Al2O3,DistRidge=Mid|HarvestSlattervallTotal=Missing|NiPpm=Low|Al2O3=Low,0,19444444444444445,0,5277777777777778,0,2777777777777778
SoilDepthMeters,DistRidge,HarvestSlattervallTotal,NiPpm,Al2O3,DistRidge=Mid|HarvestSlattervallTotal=Low|NiPpm=Mid|Al2O3=High,0,0,5,0,5
SoilDepthMeters,DistRidge,HarvestSlattervallTotal,NiPpm,Al2O3,DistRidge=Missing|HarvestSlattervallTotal=High|NiPpm=Mid|Al2O3=High,0,1111111111111111,0,3333333333333333,0,5555555555555556
SoilDepthMeters,DistRidge,HarvestSlattervallTotal,NiPpm,Al2O3,DistRidge=Missing|HarvestSlattervallTotal=Missing|NiPpm=High|Al2O3=High,1,0,0
SoilDepthMeters,DistRidge,HarvestSlattervallTotal,NiPpm,Al2O3,DistRidge=Missing|HarvestSlattervallTotal=Mid|NiPpm=Low|Al2O3=High,0,2222222222222222,0,3333333333333333,0,4444444444444444
SoilDepthMeters,DistRidge,HarvestSlattervallTotal,NiPpm,Al2O3,DistRidge=Low|HarvestSlattervallTotal=High|NiPpm=High|Al2O3=Low,0,25,0,75,0
SoilDepthMeters,DistRidge,HarvestSlattervallTotal,NiPpm,Al2O3,DistRidge=Mid|HarvestSlattervallTotal=Low|NiPpm=High|Al2O3=Low,0,8,0,0,2
SoilDepthMeters,DistRidge,HarvestSlattervallTotal,NiPpm,Al2O3,DistRidge=High|HarvestSlattervallTotal=Low|NiPpm=Low|Al2O3=Mid,0,375,0,625,0
SoilDepthMeters,DistRidge,HarvestSlattervallTotal,NiPpm,Al2O3,DistRidge=Mid|HarvestSlattervallTotal=Mid|NiPpm=Low|Al2O3=Mid,0,08571428571428572,0,05714285714285714,0,8571428571428571
SoilDepthMeters,DistRidge,HarvestSlattervallTotal,NiPpm,Al2O3,DistRidge=Missing|HarvestSlattervallTotal=Low|NiPpm=Mid|Al2O3=High,0,42857142857142855,0,2857142857142857,0,14285714285714285
SoilDepthMeters,DistRidge,HarvestSlattervallTotal,NiPpm,Al2O3,DistRidge=High|HarvestSlattervallTotal=High|NiPpm=Missing|Al2O3=Missing,0,5,0,0,5
SoilDepthMeters,DistRidge,HarvestSlattervallTotal,NiPpm,Al2O3,DistRidge=Mid|HarvestSlattervallTotal=Low|NiPpm=High|Al2O3=High,0,15,0,5,0,35
SoilDepthMeters,DistRidge,HarvestSlattervallTotal,NiPpm,Al2O3,DistRidge=Low|HarvestSlattervallTotal=Low|NiPpm=High|Al2O3=Low,0,0,5,0,5
SoilDepthMeters,DistRidge,HarvestSlattervallTotal,NiPpm,Al2O3,DistRidge=Missing|HarvestSlattervallTotal=Missing|NiPpm=Low|Al2O3=High,0,25,0,75,0
SoilDepthMeters,DistRidge,HarvestSlattervallTotal,NiPpm,Al2O3,DistRidge=Low|HarvestSlattervallTotal=Mid|NiPpm=Low|Al2O3=Mid,0,05,0,925,0,025
SoilDepthMeters,DistRidge,HarvestSlattervallTotal,NiPpm,Al2O3,DistRidge=Mid|HarvestSlattervallTotal=High|NiPpm=High|Al2O3=Low,0,0,1
SoilDepthMeters,DistRidge,HarvestSlattervallTotal,NiPpm,Al2O3,DistRidge=Missing|HarvestSlattervallTotal=Missing|NiPpm=Missing|Al2O3=Missing,0,6363636363636364,0,2727272727272727,0,09090909090909091
SoilDepthMeters,DistRidge,HarvestSlattervallTotal,NiPpm,Al2O3,DistRidge=Low|HarvestSlattervallTotal=Mid|NiPpm=Mid|Al2O3=High,0,5714285714285714,0,42857142857142855,0
SoilDepthMeters,DistRidge,HarvestSlattervallTotal,NiPpm,Al2O3,DistRidge=High|HarvestSlattervallTotal=Missing|NiPpm=Mid|Al2O3=Mid,0,6666666666666666,0,0,3333333333333333
SoilDepthMeters,DistRidge,HarvestSlattervallTotal,NiPpm,Al2O3,DistRidge=Low|HarvestSlattervallTotal=Missing|NiPpm=Mid|Al2O3=Low,0,6666666666666666,0,3333333333333333,0
SoilDepthMeters,DistRidge,HarvestSlattervallTotal,NiPpm,Al2O3,DistRidge=Mid|HarvestSlattervallTotal=Missing|NiPpm=High|Al2O3=Mid,0,1,0
SoilDepthMeters,DistRidge,HarvestSlattervallTotal,NiPpm,Al2O3,DistRidge=High|HarvestSlattervallTotal=Low|NiPpm=Mid|Al2O3=High,0,0,6666666666666666,0,16666666666666666
SoilDepthMeters,DistRidge,HarvestSlattervallTotal,NiPpm,Al2O3,DistRidge=Low|HarvestSlattervallTotal=High|NiPpm=Missing|Al2O3=Missing,0,5,0,0,5
SoilDepthMeters,DistRidge,HarvestSlattervallTotal,NiPpm,Al2O3,DistRidge=High|HarvestSlattervallTotal=Mid|NiPpm=Low|Al2O3=Mid,0,5,0,1875,0,3125
SoilDepthMeters,DistRidge,HarvestSlattervallTotal,NiPpm,Al2O3,DistRidge=Mid|HarvestSlattervallTotal=Mid|NiPpm=High|Al2O3=Low,0,5833333333333334,0,25,0,16666666666666666
SoilDepthMeters,DistRidge,HarvestSlattervallTotal,NiPpm,Al2O3,DistRidge=Mid|HarvestSlattervallTotal=Mid|NiPpm=Mid|Al2O3=High,0,2727272727272727,0,18181818181818182,0,5454545454545454
SoilDepthMeters,DistRidge,HarvestSlattervallTotal,NiPpm,Al2O3,DistRidge=Missing|HarvestSlattervallTotal=Low|NiPpm=High|Al2O3=Low,0,0,6666666666666666,0,3333333333333333
SoilDepthMeters,DistRidge,HarvestSlattervallTotal,NiPpm,Al2O3,DistRidge=Missing|HarvestSlattervallTotal=Missing|NiPpm=Mid|Al2O3=Mid,0,5,0,5,0
SoilDepthMeters,DistRidge,HarvestSlattervallTotal,NiPpm,Al2O3,DistRidge=Low|HarvestSlattervallTotal=Mid|NiPpm=High|Al2O3=Low,0,7142857142857143,0,14285714285714285,0,14285714285714285
SoilDepthMeters,DistRidge,HarvestSlattervallTotal,NiPpm,Al2O3,DistRidge=High|HarvestSlattervallTotal=Missing|NiPpm=Mid|Al2O3=High,0,1,0
SoilDepthMeters,DistRidge,HarvestSlattervallTotal,NiPpm,Al2O3,DistRidge=Low|HarvestSlattervallTotal=Low|NiPpm=High|Al2O3=High,0,7,0,3,0
SoilDepthMeters,DistRidge,HarvestSlattervallTotal,NiPpm,Al2O3,DistRidge=Mid|HarvestSlattervallTotal=Low|NiPpm=Mid|Al2O3=Mid,0,45454545454545453,0,2727272727272727,0,2727272727272727
SoilDepthMeters,DistRidge,HarvestSlattervallTotal,NiPpm,Al2O3,DistRidge=Mid|HarvestSlattervallTotal=Missing|NiPpm=Mid|Al2O3=High,0,3333333333333333,0,6666666666666666,0
SoilDepthMeters,DistRidge,HarvestSlattervallTotal,NiPpm,Al2O3,DistRidge=Missing|HarvestSlattervallTotal=High|NiPpm=Mid|Al2O3=Low,0,1111111111111111,0,4444444444444444,0,4444444444444444
SoilDepthMeters,DistRidge,HarvestSlattervallTotal,NiPpm,Al2O3,DistRidge=Mid|HarvestSlattervallTotal=Missing|NiPpm=High|Al2O3=Low,0,1,0
SoilDepthMeters,DistRidge,HarvestSlattervallTotal,NiPpm,Al2O3,DistRidge=Low|HarvestSlattervallTotal=Low|NiPpm=High|Al2O3=Mid,0,5,0,25,0,25
SoilDepthMeters,DistRidge,HarvestSlattervallTotal,NiPpm,Al2O3,DistRidge=Low|HarvestSlattervallTotal=Low|NiPpm=Low|Al2O3=Mid,0,3333333333333333,0,3333333333333333,0,3333333333333333
SoilDepthMeters,DistRidge,HarvestSlattervallTotal,NiPpm,Al2O3,DistRidge=Mid|HarvestSlattervallTotal=High|NiPpm=Missing|Al2O3=Missing,0,0,5,0,5
SoilDepthMeters,DistRidge,HarvestSlattervallTotal,NiPpm,Al2O3,DistRidge=High|HarvestSlattervallTotal=High|NiPpm=Mid|Al2O3=Low,0,3333333333333333,0,6666666666666666,0
SoilDepthMeters,DistRidge,HarvestSlattervallTotal,NiPpm,Al2O3,DistRidge=Mid|HarvestSlattervallTotal=Low|NiPpm=Low|Al2O3=Mid,1,0,0
SoilDepthMeters,DistRidge,HarvestSlattervallTotal,NiPpm,Al2O3,DistRidge=High|HarvestSlattervallTotal=Missing|NiPpm=High|Al2O3=Mid,0,1,0
SoilDepthMeters,DistRidge,HarvestSlattervallTotal,NiPpm,Al2O3,DistRidge=Low|HarvestSlattervallTotal=Missing|NiPpm=Mid|Al2O3=Mid,0,1,0
SoilDepthMeters,DistRidge,HarvestSlattervallTotal,NiPpm,Al2O3,DistRidge=Low|HarvestSlattervallTotal=Missing|NiPpm=Low|Al2O3=Mid,1,0,0
DistRidge,,(no-parents),0,20358177508559389,0,20358177508559389,0,20937582301817223
HarvestHostvete,HarvestHavre,Lat,GlobalDensity,HarvestHavre=Low|Lat=High|GlobalDensity=Low,0,0,0
HarvestHostvete,HarvestHavre,Lat,GlobalDensity,HarvestHavre=High|Lat=Low|GlobalDensity=Mid,0,8894009216589862,0,0,11059907834101383
HarvestHostvete,HarvestHavre,Lat,GlobalDensity,HarvestHavre=High|Lat=Low|GlobalDensity=Low,0,0,1
HarvestHostvete,HarvestHavre,Lat,GlobalDensity,HarvestHavre=Low|Lat=High|GlobalDensity=Mid,1,0,0
HarvestHostvete,HarvestHavre,Lat,GlobalDensity,HarvestHavre=Missing|Lat=High|GlobalDensity=Low,0,0,0
HarvestHostvete,HarvestHavre,Lat,GlobalDensity,HarvestHavre=Mid|Lat=Mid|GlobalDensity=High,0,1,0
HarvestHostvete,HarvestHavre,Lat,GlobalDensity,HarvestHavre=High|Lat=Mid|GlobalDensity=Mid,0,0,1
HarvestHostvete,HarvestHavre,Lat,GlobalDensity,HarvestHavre=Low|Lat=High|GlobalDensity=High,1,0,0
HarvestHostvete,HarvestHavre,Lat,GlobalDensity,HarvestHavre=Low|Lat=Mid|GlobalDensity=Mid,0,8080808080808081,0,0,1919191919191919
HarvestHostvete,HarvestHavre,Lat,GlobalDensity,HarvestHavre=Mid|Lat=Mid|GlobalDensity=Low,0,1,0
HarvestHostvete,HarvestHavre,Lat,GlobalDensity,HarvestHavre=Mid|Lat=Mid|GlobalDensity=Mid,0,1,0
HarvestHostvete,HarvestHavre,Lat,GlobalDensity,HarvestHavre=Low|Lat=Mid|GlobalDensity=High,0,9377431906614786,0,0,0622568093385214
HarvestHostvete,HarvestHavre,Lat,GlobalDensity,HarvestHavre=Missing|Lat=Low|GlobalDensity=Mid,0,0,0
HarvestHostvete,HarvestHavre,Lat,GlobalDensity,HarvestHavre=High|Lat=High|GlobalDensity=Low,0,0,1
HarvestHostvete,HarvestHavre,Lat,GlobalDensity,HarvestHavre=Mid|Lat=Low|GlobalDensity=Mid,0,1,0
HarvestHostvete,HarvestHavre,Lat,GlobalDensity,HarvestHavre=Mid|Lat=Low|GlobalDensity=High,0,1,0
HarvestHostvete,HarvestHavre,Lat,GlobalDensity,HarvestHavre=High|Lat=Mid|GlobalDensity=Low,0,0,1
HarvestHostvete,HarvestHavre,Lat,GlobalDensity,HarvestHavre=Low|Lat=Low|GlobalDensity=High,0,989247311827957,0,0,010752688172043012
HarvestHostvete,HarvestHavre,Lat,GlobalDensity,HarvestHavre=High|Lat=Mid|GlobalDensity=High,0,0,9859154929577465,0,014084507042253521
HarvestHostvete,HarvestHavre,Lat,GlobalDensity,HarvestHavre=Low|Lat=Low|GlobalDensity=Low,0,0,1
HarvestHostvete,HarvestHavre,Lat,GlobalDensity,HarvestHavre=High|Lat=High|GlobalDensity=High,0,1,0
HarvestHostvete,HarvestHavre,Lat,GlobalDensity,HarvestHavre=Low|Lat=Mid|GlobalDensity=Low,1,0,0
HarvestHostvete,HarvestHavre,Lat,GlobalDensity,HarvestHavre=Missing|Lat=Low|GlobalDensity=Low,0,0,0
HarvestHostvete,HarvestHavre,Lat,GlobalDensity,HarvestHavre=Low|Lat=Low|GlobalDensity=Mid,1,0,0
HarvestHostvete,HarvestHavre,Lat,GlobalDensity,HarvestHavre=Missing|Lat=Mid|GlobalDensity=Mid,0,0,0
HarvestHavre,HarvestSlattervallTotal,NiPpm,GlobalDensity,HarvestSlattervallTotal=Low|NiPpm=Missing|GlobalDensity=Low,0,5945945945945946,0,0
HarvestHavre,HarvestSlattervallTotal,NiPpm,GlobalDensity,HarvestSlattervallTotal=High|NiPpm=Mid|GlobalDensity=Mid,0,0,1
HarvestHavre,HarvestSlattervallTotal,NiPpm,GlobalDensity,HarvestSlattervallTotal=High|NiPpm=Mid|GlobalDensity=Low,0,0,1
HarvestHavre,HarvestSlattervallTotal,NiPpm,GlobalDensity,HarvestSlattervallTotal=High|NiPpm=High|GlobalDensity=Low,0,0,1
HarvestHavre,HarvestSlattervallTotal,NiPpm,GlobalDensity,HarvestSlattervallTotal=Mid|NiPpm=Low|GlobalDensity=Mid,0,17421602787456447,0,8257839721254355,0
HarvestHavre,HarvestSlattervallTotal,NiPpm,GlobalDensity,HarvestSlattervallTotal=Missing|NiPpm=High|GlobalDensity=Mid,0,9473684210526315,0,0
HarvestHavre,HarvestSlattervallTotal,NiPpm,GlobalDensity,HarvestSlattervallTotal=Mid|NiPpm=Mid|GlobalDensity=Mid,0,18811881188118812,0,8118811881188119,0
HarvestHavre,HarvestSlattervallTotal,NiPpm,GlobalDensity,HarvestSlattervallTotal=Mid|NiPpm=Mid|GlobalDensity=High,0,0988235294117647,0,9011764705882352,0
HarvestHavre,HarvestSlattervallTotal,NiPpm,GlobalDensity,HarvestSlattervallTotal=Mid|NiPpm=High|GlobalDensity=High,0,056962025316455694,0,9430379746835443,0
HarvestHavre,HarvestSlattervallTotal,NiPpm,GlobalDensity,HarvestSlattervallTotal=High|NiPpm=Low|GlobalDensity=Mid,0,0,1
HarvestHavre,HarvestSlattervallTotal,NiPpm,GlobalDensity,HarvestSlattervallTotal=Mid|NiPpm=Missing|GlobalDensity=High,0,5121951219512195,0,4878048780487805,0
HarvestHavre,HarvestSlattervallTotal,NiPpm,GlobalDensity,HarvestSlattervallTotal=Low|NiPpm=Low|GlobalDensity=Low,0,43147208121827413,0,0
HarvestHavre,HarvestSlattervallTotal,NiPpm,GlobalDensity,HarvestSlattervallTotal=Missing|NiPpm=Missing|GlobalDensity=Mid,1,0,0
HarvestHavre,HarvestSlattervallTotal,NiPpm,GlobalDensity,HarvestSlattervallTotal=Mid|NiPpm=Low|GlobalDensity=Low,0,1,0
HarvestHavre,HarvestSlattervallTotal,NiPpm,GlobalDensity,HarvestSlattervallTotal=Mid|NiPpm=Missing|GlobalDensity=Mid,0,8421052631578947,0,15789473684210525,0
HarvestHavre,HarvestSlattervallTotal,NiPpm,GlobalDensity,HarvestSlattervallTotal=Low|NiPpm=Missing|GlobalDensity=Mid,1,0,0
HarvestHavre,HarvestSlattervallTotal,NiPpm,GlobalDensity,HarvestSlattervallTotal=Low|NiPpm=Missing|GlobalDensity=High,0,9,0,0,1
HarvestHavre,HarvestSlattervallTotal,NiPpm,GlobalDensity,HarvestSlattervallTotal=Low|NiPpm=High|GlobalDensity=Low,0,5181159420289855,0,0
HarvestHavre,HarvestSlattervallTotal,NiPpm,GlobalDensity,HarvestSlattervallTotal=High|NiPpm=Low|GlobalDensity=Low,0,078125,0,0,921875
HarvestHavre,HarvestSlattervallTotal,NiPpm,GlobalDensity,HarvestSlattervallTotal=Missing|NiPpm=Mid|GlobalDensity=Mid,0,4722222222222222,0,0
HarvestHavre,HarvestSlattervallTotal,NiPpm,GlobalDensity,HarvestSlattervallTotal=Mid|NiPpm=High|GlobalDensity=Mid,0,019230769230769232,0,9807692307692307,0
HarvestHavre,HarvestSlattervallTotal,NiPpm,GlobalDensity,HarvestSlattervallTotal=Mid|NiPpm=Low|GlobalDensity=High,0,21568627450980393,0,7843137254901961,0
HarvestHavre,HarvestSlattervallTotal,NiPpm,GlobalDensity,HarvestSlattervallTotal=High|NiPpm=High|GlobalDensity=Mid,0,0,1
HarvestHavre,HarvestSlattervallTotal,NiPpm,GlobalDensity,HarvestSlattervallTotal=Low|NiPpm=Mid|GlobalDensity=Low,0,6901960784313725,0,0
HarvestHavre,HarvestSlattervallTotal,NiPpm,GlobalDensity,HarvestSlattervallTotal=Missing|NiPpm=Low|GlobalDensity=Mid,0,6076923076923076,0,0
HarvestHavre,HarvestSlattervallTotal,NiPpm,GlobalDensity,HarvestSlattervallTotal=High|NiPpm=Missing|GlobalDensity=Mid,0,0,1
HarvestHavre,HarvestSlattervallTotal,NiPpm,GlobalDensity,HarvestSlattervallTotal=Low|NiPpm=Low|GlobalDensity=High,0,1016949152542373,0,0,8983050847457628
HarvestHavre,HarvestSlattervallTotal,NiPpm,GlobalDensity,HarvestSlattervallTotal=Low|NiPpm=Mid|GlobalDensity=Mid,1,0,0
HarvestHavre,HarvestSlattervallTotal,NiPpm,GlobalDensity,HarvestSlattervallTotal=Low|NiPpm=Mid|GlobalDensity=High,1,0,0
HarvestHavre,HarvestSlattervallTotal,NiPpm,GlobalDensity,HarvestSlattervallTotal=Missing|NiPpm=Low|GlobalDensity=Low,0,0,0,3333333333333333
HarvestHavre,HarvestSlattervallTotal,NiPpm,GlobalDensity,HarvestSlattervallTotal=Missing|NiPpm=Mid|GlobalDensity=Low,0,16666666666666666,0,0
HarvestHavre,HarvestSlattervallTotal,NiPpm,GlobalDensity,HarvestSlattervallTotal=Low|NiPpm=High|GlobalDensity=Mid,1,0,0
HarvestHavre,HarvestSlattervallTotal,NiPpm,GlobalDensity,HarvestSlattervallTotal=Mid|NiPpm=Missing|GlobalDensity=Low,0,1,0
HarvestHavre,HarvestSlattervallTotal,NiPpm,GlobalDensity,HarvestSlattervallTotal=Low|NiPpm=Low|GlobalDensity=Mid,1,0,0
HarvestHavre,HarvestSlattervallTotal,NiPpm,GlobalDensity,HarvestSlattervallTotal=Missing|NiPpm=High|GlobalDensity=Low,0,0,0
HarvestHavre,HarvestSlattervallTotal,NiPpm,GlobalDensity,HarvestSlattervallTotal=Low|NiPpm=High|GlobalDensity=High,0,6666666666666666,0,0,3333333333333333
HarvestHavre,HarvestSlattervallTotal,NiPpm,GlobalDensity,HarvestSlattervallTotal=Missing|NiPpm=Missing|GlobalDensity=Low,0,0,0
HarvestHavre,HarvestSlattervallTotal,NiPpm,GlobalDensity,HarvestSlattervallTotal=High|NiPpm=Low|GlobalDensity=High,0,0,1
HarvestHavre,HarvestSlattervallTotal,NiPpm,GlobalDensity,HarvestSlattervallTotal=Missing|NiPpm=Low|GlobalDensity=High,1,0,0
HarvestHavre,HarvestSlattervallTotal,NiPpm,GlobalDensity,HarvestSlattervallTotal=High|NiPpm=Missing|GlobalDensity=Low,0,0,1
HarvestSlattervallTotal,DistRidge,NiPpm,CrPpm,Al2O3,DistRidge=High|NiPpm=Missing|CrPpm=Missing|Al2O3=Missing,0,7049180327868853,0,21311475409836064,0,02185792349726776
HarvestSlattervallTotal,DistRidge,NiPpm,CrPpm,Al2O3,DistRidge=High|NiPpm=Mid|CrPpm=Low|Al2O3=High,0,0,7894736842105263,0,21052631578947367
HarvestSlattervallTotal,DistRidge,NiPpm,CrPpm,Al2O3,DistRidge=Missing|NiPpm=High|CrPpm=High|Al2O3=Mid,0,24550898203592814,0,0718562874251497,0,6826347305389222
HarvestSlattervallTotal,DistRidge,NiPpm,CrPpm,Al2O3,DistRidge=High|NiPpm=Low|CrPpm=Low|Al2O3=Low,0,21232876712328766,0,4315068493150685,0,3150684931506849
HarvestSlattervallTotal,DistRidge,NiPpm,CrPpm,Al2O3,DistRidge=High|NiPpm=High|CrPpm=High|Al2O3=High,0,4634146341463415,0,17073170731707318,0,21951219512195122
HarvestSlattervallTotal,DistRidge,NiPpm,CrPpm,Al2O3,DistRidge=Missing|NiPpm=Mid|CrPpm=High|Al2O3=Low,0,4,0,25,0,35
HarvestSlattervallTotal,DistRidge,NiPpm,CrPpm,Al2O3,DistRidge=Missing|NiPpm=Mid|CrPpm=Mid|Al2O3=High,0,030612244897959183,0,9081632653061225,0,061224489795918366
HarvestSlattervallTotal,DistRidge,NiPpm,CrPpm,Al2O3,DistRidge=Missing|NiPpm=High|CrPpm=High|Al2O3=Low,0,0,40336134453781514,0,5966386554621849
HarvestSlattervallTotal,DistRidge,NiPpm,CrPpm,Al2O3,DistRidge=Low|NiPpm=Missing|CrPpm=Missing|Al2O3=Missing,0,8513513513513513,0,10810810810810811,0,02702702702702703
HarvestSlattervallTotal,DistRidge,NiPpm,CrPpm,Al2O3,DistRidge=Missing|NiPpm=Missing|CrPpm=Missing|Al2O3=Missing,0,7560321715817694,0,20107238605898123,0,013404825737265416
HarvestSlattervallTotal,DistRidge,NiPpm,CrPpm,Al2O3,DistRidge=Mid|NiPpm=Missing|CrPpm=Missing|Al2O3=Missing,0,8688524590163934,0,09836065573770492,0,01639344262295082
HarvestSlattervallTotal,DistRidge,NiPpm,CrPpm,Al2O3,DistRidge=Missing|NiPpm=Low|CrPpm=Mid|Al2O3=Low,0,8108108108108109,0,02702702702702703,0,05405405405405406
HarvestSlattervallTotal,DistRidge,NiPpm,CrPpm,Al2O3,DistRidge=Low|NiPpm=Low|CrPpm=Low|Al2O3=Low,0,09859154929577464,0,6244131455399061,0,07511737089201878
HarvestSlattervallTotal,DistRidge,NiPpm,CrPpm,Al2O3,DistRidge=High|NiPpm=Low|CrPpm=Low|Al2O3=High,0,0,25,0,5833333333333334
HarvestSlattervallTotal,DistRidge,NiPpm,CrPpm,Al2O3,DistRidge=Missing|NiPpm=High|CrPpm=High|Al2O3=High,0,6077348066298343,0,08287292817679558,0,30386740331491713
HarvestSlattervallTotal,DistRidge,NiPpm,CrPpm,Al2O3,DistRidge=Low|NiPpm=High|CrPpm=High|Al2O3=High,0,061946902654867256,0,7964601769911505,0,10619469026548672
HarvestSlattervallTotal,DistRidge,NiPpm,CrPpm,Al2O3,DistRidge=Low|NiPpm=Low|CrPpm=Mid|Al2O3=Low,0,34285714285714286,0,2,0,42857142857142855
HarvestSlattervallTotal,DistRidge,NiPpm,CrPpm,Al2O3,DistRidge=Mid|NiPpm=Mid|CrPpm=Mid|Al2O3=Mid,0,07317073170731707,0,7073170731707317,0,14634146341463414
HarvestSlattervallTotal,DistRidge,NiPpm,CrPpm,Al2O3,DistRidge=Low|NiPpm=Mid|CrPpm=Mid|Al2O3=High,0,18181818181818182,0,18181818181818182,0,22727272727272727
HarvestSlattervallTotal,DistRidge,NiPpm,CrPpm,Al2O3,DistRidge=Mid|NiPpm=High|CrPpm=Mid|Al2O3=High,0,043478260869565216,0,6086956521739131,0,34782608695652173
HarvestSlattervallTotal,DistRidge,NiPpm,CrPpm,Al2O3,DistRidge=Mid|NiPpm=Low|CrPpm=Low|Al2O3=Low,0,19879518072289157,0,5,0,0963855421686747
HarvestSlattervallTotal,DistRidge,NiPpm,CrPpm,Al2O3,DistRidge=Low|NiPpm=Mid|CrPpm=Mid|Al2O3=Low,0,22727272727272727,0,6818181818181818,0,09090909090909091
HarvestSlattervallTotal,DistRidge,NiPpm,CrPpm,Al2O3,DistRidge=Low|NiPpm=Low|CrPpm=High|Al2O3=Low,0,1875,0,8125,0
HarvestSlattervallTotal,DistRidge,NiPpm,CrPpm,Al2O3,DistRidge=Low|NiPpm=High|CrPpm=Mid|Al2O3=High,0,05454545454545454,0,9454545454545454,0
HarvestSlattervallTotal,DistRidge,NiPpm,CrPpm,Al2O3,DistRidge=Low|NiPpm=Mid|CrPpm=Low|Al2O3=Low,0,0,8125,0,1875
HarvestSlattervallTotal,DistRidge,NiPpm,CrPpm,Al2O3,DistRidge=Mid|NiPpm=High|CrPpm=High|Al2O3=High,0,3114754098360656,0,6721311475409836,0
HarvestSlattervallTotal,DistRidge,NiPpm,CrPpm,Al2O3,DistRidge=Mid|NiPpm=Low|CrPpm=Low|Al2O3=High,0,0,9230769230769231,0,07692307692307693
HarvestSlattervallTotal,DistRidge,NiPpm,CrPpm,Al2O3,DistRidge=Low|NiPpm=Low|CrPpm=Low|Al2O3=High,0,0,875,0,125
HarvestSlattervallTotal,DistRidge,NiPpm,CrPpm,Al2O3,DistRidge=Low|NiPpm=Mid|CrPpm=Mid|Al2O3=Mid,0,08333333333333333,0,5833333333333334,0,3333333333333333
HarvestSlattervallTotal,DistRidge,NiPpm,CrPpm,Al2O3,DistRidge=Mid|NiPpm=Mid|CrPpm=Low|Al2O3=Low,0,13636363636363635,0,8636363636363636,0
HarvestSlattervallTotal,DistRidge,NiPpm,CrPpm,Al2O3,DistRidge=High|NiPpm=Low|CrPpm=Mid|Al2O3=Low,0,6666666666666666,0,14814814814814814,0,14814814814814814
HarvestSlattervallTotal,DistRidge,NiPpm,CrPpm,Al2O3,DistRidge=Low|NiPpm=Low|CrPpm=Low|Al2O3=Mid,0,09090909090909091,0,2727272727272727,0,6363636363636364
HarvestSlattervallTotal,DistRidge,NiPpm,CrPpm,Al2O3,DistRidge=High|NiPpm=High|CrPpm=Mid|Al2O3=High,0,0,5555555555555556,0,4444444444444444
HarvestSlattervallTotal,DistRidge,NiPpm,CrPpm,Al2O3,DistRidge=Missing|NiPpm=Low|CrPpm=Low|Al2O3=Low,0,1559633027522936,0,28440366972477066,0,42201834862385323
HarvestSlattervallTotal,DistRidge,NiPpm,CrPpm,Al2O3,DistRidge=Mid|NiPpm=Low|CrPpm=Low|Al2O3=Mid,0,1,0,3,0,6
HarvestSlattervallTotal,DistRidge,NiPpm,CrPpm,Al2O3,DistRidge=High|NiPpm=Low|CrPpm=Low|Al2O3=Mid,0,041666666666666664,0,4583333333333333,0,20833333333333334
HarvestSlattervallTotal,DistRidge,NiPpm,CrPpm,Al2O3,DistRidge=High|NiPpm=Mid|CrPpm=Mid|Al2O3=Low,0,34285714285714286,0,42857142857142855,0,08571428571428572
HarvestSlattervallTotal,DistRidge,NiPpm,CrPpm,Al2O3,DistRidge=Missing|NiPpm=Mid|CrPpm=Mid|Al2O3=Mid,0,3958333333333333,0,5,0,0625
HarvestSlattervallTotal,DistRidge,NiPpm,CrPpm,Al2O3,DistRidge=Missing|NiPpm=High|CrPpm=Mid|Al2O3=Mid,0,5833333333333334,0,4166666666666667,0
HarvestSlattervallTotal,DistRidge,NiPpm,CrPpm,Al2O3,DistRidge=Missing|NiPpm=High|CrPpm=Mid|Al2O3=Low,0,23076923076923078,0,7692307692307693,0
HarvestSlattervallTotal,DistRidge,NiPpm,CrPpm,Al2O3,DistRidge=High|NiPpm=Mid|CrPpm=Mid|Al2O3=Mid,0,25,0,6785714285714286,0,03571428571428571
HarvestSlattervallTotal,DistRidge,NiPpm,CrPpm,Al2O3,DistRidge=Missing|NiPpm=Mid|CrPpm=Low|Al2O3=Mid,0,0625,0,6875,0,25
HarvestSlattervallTotal,DistRidge,NiPpm,CrPpm,Al2O3,DistRidge=Mid|NiPpm=Low|CrPpm=Mid|Al2O3=Low,0,6730769230769231,0,019230769230769232,0,2692307692307692
HarvestSlattervallTotal,DistRidge,NiPpm,CrPpm,Al2O3,DistRidge=Mid|NiPpm=High|CrPpm=High|Al2O3=Mid,0,5882352941176471,0,23529411764705882,0
HarvestSlattervallTotal,DistRidge,NiPpm,CrPpm,Al2O3,DistRidge=High|NiPpm=Mid|CrPpm=High|Al2O3=Low,0,8571428571428571,0,14285714285714285,0
HarvestSlattervallTotal,DistRidge,NiPpm,CrPpm,Al2O3,DistRidge=Mid|NiPpm=Low|CrPpm=High|Al2O3=Low,0,5,0,5,0
HarvestSlattervallTotal,DistRidge,NiPpm,CrPpm,Al2O3,DistRidge=Missing|NiPpm=Mid|CrPpm=High|Al2O3=Mid,1,0,0
HarvestSlattervallTotal,DistRidge,NiPpm,CrPpm,Al2O3,DistRidge=Mid|NiPpm=Mid|CrPpm=Mid|Al2O3=Low,0,3953488372093023,0,3953488372093023,0,20930232558139536
HarvestSlattervallTotal,DistRidge,NiPpm,CrPpm,Al2O3,DistRidge=High|NiPpm=Mid|CrPpm=Mid|Al2O3=High,0,26666666666666666,0,4666666666666667,0,2
HarvestSlattervallTotal,DistRidge,NiPpm,CrPpm,Al2O3,DistRidge=High|NiPpm=Mid|CrPpm=Low|Al2O3=Low,0,16666666666666666,0,8333333333333334,0
HarvestSlattervallTotal,DistRidge,NiPpm,CrPpm,Al2O3,DistRidge=Missing|NiPpm=Mid|CrPpm=Low|Al2O3=Low,0,5135135135135135,0,4594594594594595,0
HarvestSlattervallTotal,DistRidge,NiPpm,CrPpm,Al2O3,DistRidge=Missing|NiPpm=High|CrPpm=Mid|Al2O3=High,0,5769230769230769,0,15384615384615385,0,2692307692307692
HarvestSlattervallTotal,DistRidge,NiPpm,CrPpm,Al2O3,DistRidge=Missing|NiPpm=Mid|CrPpm=Mid|Al2O3=Low,0,5076923076923077,0,26153846153846155,0,03076923076923077
HarvestSlattervallTotal,DistRidge,NiPpm,CrPpm,Al2O3,DistRidge=Missing|NiPpm=Low|CrPpm=Low|Al2O3=High,0,0,29411764705882354,0,47058823529411764
HarvestSlattervallTotal,DistRidge,NiPpm,CrPpm,Al2O3,DistRidge=High|NiPpm=High|CrPpm=High|Al2O3=Mid,0,8214285714285714,0,14285714285714285,0
HarvestSlattervallTotal,DistRidge,NiPpm,CrPpm,Al2O3,DistRidge=Mid|NiPpm=Mid|CrPpm=Mid|Al2O3=High,0,0,23076923076923078,0,5384615384615384
HarvestSlattervallTotal,DistRidge,NiPpm,CrPpm,Al2O3,DistRidge=High|NiPpm=Mid|CrPpm=Low|Al2O3=Mid,0,0,8181818181818182,0,18181818181818182
HarvestSlattervallTotal,DistRidge,NiPpm,CrPpm,Al2O3,DistRidge=High|NiPpm=Mid|CrPpm=High|Al2O3=Mid,0,8484848484848485,0,0,030303030303030304
HarvestSlattervallTotal,DistRidge,NiPpm,CrPpm,Al2O3,DistRidge=Mid|NiPpm=Mid|CrPpm=High|Al2O3=Mid,0,5833333333333334,0,0,4166666666666667
HarvestSlattervallTotal,DistRidge,NiPpm,CrPpm,Al2O3,DistRidge=High|NiPpm=High|CrPpm=Mid|Al2O3=Low,0,0,8,0
HarvestSlattervallTotal,DistRidge,NiPpm,CrPpm,Al2O3,DistRidge=Missing|NiPpm=Low|CrPpm=Mid|Al2O3=Mid,0,25,0,5,0,08333333333333333
HarvestSlattervallTotal,DistRidge,NiPpm,CrPpm,Al2O3,DistRidge=Low|NiPpm=Mid|CrPpm=High|Al2O3=Low,0,5384615384615384,0,15384615384615385,0,07692307692307693
HarvestSlattervallTotal,DistRidge,NiPpm,CrPpm,Al2O3,DistRidge=Missing|NiPpm=Low|CrPpm=Low|Al2O3=Mid,0,03333333333333333,0,4666666666666667,0,3333333333333333
HarvestSlattervallTotal,DistRidge,NiPpm,CrPpm,Al2O3,DistRidge=Low|NiPpm=Mid|CrPpm=Low|Al2O3=High,0,0,75,0
HarvestSlattervallTotal,DistRidge,NiPpm,CrPpm,Al2O3,DistRidge=Low|NiPpm=High|CrPpm=High|Al2O3=Mid,0,625,0,0,125
HarvestSlattervallTotal,DistRidge,NiPpm,CrPpm,Al2O3,DistRidge=Low|NiPpm=High|CrPpm=Mid|Al2O3=Mid,0,6,0,2,0,2
HarvestSlattervallTotal,DistRidge,NiPpm,CrPpm,Al2O3,DistRidge=High|NiPpm=Low|CrPpm=Mid|Al2O3=Mid,0,4117647058823529,0,29411764705882354,0
HarvestSlattervallTotal,DistRidge,NiPpm,CrPpm,Al2O3,DistRidge=Low|NiPpm=Low|CrPpm=Mid|Al2O3=High,0,0,1
HarvestSlattervallTotal,DistRidge,NiPpm,CrPpm,Al2O3,DistRidge=Low|NiPpm=Mid|CrPpm=High|Al2O3=High,0,375,0,0,625
HarvestSlattervallTotal,DistRidge,NiPpm,CrPpm,Al2O3,DistRidge=Low|NiPpm=Mid|CrPpm=High|Al2O3=Mid,0,375,0,125,0,4375
HarvestSlattervallTotal,DistRidge,NiPpm,CrPpm,Al2O3,DistRidge=High|NiPpm=High|CrPpm=High|Al2O3=Low,0,42105263157894735,0,5789473684210527,0
HarvestSlattervallTotal,DistRidge,NiPpm,CrPpm,Al2O3,DistRidge=Missing|NiPpm=Mid|CrPpm=Low|Al2O3=High,0,0,8,0,2
HarvestSlattervallTotal,DistRidge,NiPpm,CrPpm,Al2O3,DistRidge=Mid|NiPpm=Mid|CrPpm=High|Al2O3=High,0,18181818181818182,0,18181818181818182,0,6363636363636364
HarvestSlattervallTotal,DistRidge,NiPpm,CrPpm,Al2O3,DistRidge=Missing|NiPpm=Mid|CrPpm=High|Al2O3=High,0,6666666666666666,0,0,3333333333333333
HarvestSlattervallTotal,DistRidge,NiPpm,CrPpm,Al2O3,DistRidge=Missing|NiPpm=Low|CrPpm=Mid|Al2O3=High,0,0,5,0,5
HarvestSlattervallTotal,DistRidge,NiPpm,CrPpm,Al2O3,DistRidge=Low|NiPpm=High|CrPpm=High|Al2O3=Low,0,0,5,0,5
HarvestSlattervallTotal,DistRidge,NiPpm,CrPpm,Al2O3,DistRidge=Mid|NiPpm=High|CrPpm=High|Al2O3=Low,0,29411764705882354,0,5882352941176471,0,11764705882352941
HarvestSlattervallTotal,DistRidge,NiPpm,CrPpm,Al2O3,DistRidge=Mid|NiPpm=Low|CrPpm=Mid|Al2O3=Mid,0,1,0
HarvestSlattervallTotal,DistRidge,NiPpm,CrPpm,Al2O3,DistRidge=Mid|NiPpm=Mid|CrPpm=Low|Al2O3=Mid,0,011235955056179775,0,9775280898876404,0,011235955056179775
HarvestSlattervallTotal,DistRidge,NiPpm,CrPpm,Al2O3,DistRidge=Low|NiPpm=High|CrPpm=Mid|Al2O3=Low,0,4,0,6,0
HarvestSlattervallTotal,DistRidge,NiPpm,CrPpm,Al2O3,DistRidge=Low|NiPpm=Low|CrPpm=Mid|Al2O3=Mid,0,05,0,925,0
HarvestSlattervallTotal,DistRidge,NiPpm,CrPpm,Al2O3,DistRidge=High|NiPpm=High|CrPpm=Mid|Al2O3=Mid,0,3333333333333333,0,6666666666666666,0
HarvestSlattervallTotal,DistRidge,NiPpm,CrPpm,Al2O3,DistRidge=Mid|NiPpm=Mid|CrPpm=Low|Al2O3=High,0,1,0
HarvestSlattervallTotal,DistRidge,NiPpm,CrPpm,Al2O3,DistRidge=Mid|NiPpm=Low|CrPpm=Mid|Al2O3=High,0,1,0
HarvestSlattervallTotal,DistRidge,NiPpm,CrPpm,Al2O3,DistRidge=Mid|NiPpm=Mid|CrPpm=High|Al2O3=Low,1,0,0
HarvestSlattervallTotal,DistRidge,NiPpm,CrPpm,Al2O3,DistRidge=Mid|NiPpm=High|CrPpm=Mid|Al2O3=Low,0,0,6666666666666666,0
HarvestSlattervallTotal,DistRidge,NiPpm,CrPpm,Al2O3,DistRidge=High|NiPpm=Mid|CrPpm=High|Al2O3=High,0,3333333333333333,0,0,6666666666666666
HarvestSlattervallTotal,DistRidge,NiPpm,CrPpm,Al2O3,DistRidge=Low|NiPpm=Mid|CrPpm=Low|Al2O3=Mid,0,0,1
HarvestSlattervallTotal,DistRidge,NiPpm,CrPpm,Al2O3,DistRidge=Low|NiPpm=High|CrPpm=Low|Al2O3=Mid,0,1,0
HarvestSlattervallTotal,DistRidge,NiPpm,CrPpm,Al2O3,DistRidge=Mid|NiPpm=High|CrPpm=Mid|Al2O3=Mid,0,1,0
Lat,DistCoast,HarvestHavre,HarvestSlattervallTotal,GlobalDensity,DistCoast=Low|HarvestHavre=Low|HarvestSlattervallTotal=Low|GlobalDensity=Low,0,0,1
Lat,DistCoast,HarvestHavre,HarvestSlattervallTotal,GlobalDensity,DistCoast=Low|HarvestHavre=High|HarvestSlattervallTotal=High|GlobalDensity=Mid,1,0,0
Lat,DistCoast,HarvestHavre,HarvestSlattervallTotal,GlobalDensity,DistCoast=Low|HarvestHavre=High|HarvestSlattervallTotal=High|GlobalDensity=Low,0,8761061946902655,0,10619469026548672,0,017699115044247787
Lat,DistCoast,HarvestHavre,HarvestSlattervallTotal,GlobalDensity,DistCoast=Mid|HarvestHavre=High|HarvestSlattervallTotal=High|GlobalDensity=Low,0,6234567901234568,0,24691358024691357,0,12962962962962962
Lat,DistCoast,HarvestHavre,HarvestSlattervallTotal,GlobalDensity,DistCoast=High|HarvestHavre=Low|HarvestSlattervallTotal=Mid|GlobalDensity=Mid,0,0,1
Lat,DistCoast,HarvestHavre,HarvestSlattervallTotal,GlobalDensity,DistCoast=Mid|HarvestHavre=Low|HarvestSlattervallTotal=Missing|GlobalDensity=Mid,0,0,3103448275862069,0,6896551724137931
Lat,DistCoast,HarvestHavre,HarvestSlattervallTotal,GlobalDensity,DistCoast=Mid|HarvestHavre=Low|HarvestSlattervallTotal=Mid|GlobalDensity=Mid,0,1111111111111111,0,0,8888888888888888
Lat,DistCoast,HarvestHavre,HarvestSlattervallTotal,GlobalDensity,DistCoast=Low|HarvestHavre=Missing|HarvestSlattervallTotal=Low|GlobalDensity=Low,0,0,1
Lat,DistCoast,HarvestHavre,HarvestSlattervallTotal,GlobalDensity,DistCoast=Mid|HarvestHavre=Mid|HarvestSlattervallTotal=Mid|GlobalDensity=High,0,2951388888888889,0,7048611111111112,0
Lat,DistCoast,HarvestHavre,HarvestSlattervallTotal,GlobalDensity,DistCoast=High|HarvestHavre=Mid|HarvestSlattervallTotal=Mid|GlobalDensity=High,0,025943396226415096,0,9740566037735849,0
Lat,DistCoast,HarvestHavre,HarvestSlattervallTotal,GlobalDensity,DistCoast=Mid|HarvestHavre=High|HarvestSlattervallTotal=High|GlobalDensity=Mid,0,43661971830985913,0,5633802816901409,0
Lat,DistCoast,HarvestHavre,HarvestSlattervallTotal,GlobalDensity,DistCoast=High|HarvestHavre=Low|HarvestSlattervallTotal=Mid|GlobalDensity=High,0,7850467289719626,0,018691588785046728,0,19626168224299065
Lat,DistCoast,HarvestHavre,HarvestSlattervallTotal,GlobalDensity,DistCoast=Low|HarvestHavre=Mid|HarvestSlattervallTotal=Mid|GlobalDensity=Low,0,1,0
Lat,DistCoast,HarvestHavre,HarvestSlattervallTotal,GlobalDensity,DistCoast=Low|HarvestHavre=Mid|HarvestSlattervallTotal=Mid|GlobalDensity=Mid,0,7710843373493976,0,2289156626506024,0
Lat,DistCoast,HarvestHavre,HarvestSlattervallTotal,GlobalDensity,DistCoast=High|HarvestHavre=Low|HarvestSlattervallTotal=Low|GlobalDensity=Mid,0,0,1
Lat,DistCoast,HarvestHavre,HarvestSlattervallTotal,GlobalDensity,DistCoast=High|HarvestHavre=Low|HarvestSlattervallTotal=Low|GlobalDensity=High,0,0,6755162241887905,0,32448377581120946
Lat,DistCoast,HarvestHavre,HarvestSlattervallTotal,GlobalDensity,DistCoast=Mid|HarvestHavre=Low|HarvestSlattervallTotal=Low|GlobalDensity=High,0,034482758620689655,0,8620689655172413,0,10344827586206896
Lat,DistCoast,HarvestHavre,HarvestSlattervallTotal,GlobalDensity,DistCoast=Mid|HarvestHavre=Low|HarvestSlattervallTotal=Low|GlobalDensity=Mid,0,0,9565217391304348,0,043478260869565216
Lat,DistCoast,HarvestHavre,HarvestSlattervallTotal,GlobalDensity,DistCoast=Low|HarvestHavre=Missing|HarvestSlattervallTotal=Missing|GlobalDensity=Mid,0,6666666666666666,0,3333333333333333,0
Lat,DistCoast,HarvestHavre,HarvestSlattervallTotal,GlobalDensity,DistCoast=High|HarvestHavre=Low|HarvestSlattervallTotal=Missing|GlobalDensity=Mid,0,0,5925925925925926,0,4074074074074074
Lat,DistCoast,HarvestHavre,HarvestSlattervallTotal,GlobalDensity,DistCoast=Mid|HarvestHavre=Mid|HarvestSlattervallTotal=Mid|GlobalDensity=Mid,0,9681978798586572,0,03180212014134275,0
Lat,DistCoast,HarvestHavre,HarvestSlattervallTotal,GlobalDensity,DistCoast=Mid|HarvestHavre=Low|HarvestSlattervallTotal=Low|GlobalDensity=Low,0,0,1
Lat,DistCoast,HarvestHavre,HarvestSlattervallTotal,GlobalDensity,DistCoast=Mid|HarvestHavre=Missing|HarvestSlattervallTotal=Missing|GlobalDensity=Mid,1,0,0
Lat,DistCoast,HarvestHavre,HarvestSlattervallTotal,GlobalDensity,DistCoast=Mid|HarvestHavre=Missing|HarvestSlattervallTotal=Low|GlobalDensity=Low,0,0,1
Lat,DistCoast,HarvestHavre,HarvestSlattervallTotal,GlobalDensity,DistCoast=Mid|HarvestHavre=High|HarvestSlattervallTotal=Low|GlobalDensity=High,0,1,0
Lat,DistCoast,HarvestHavre,HarvestSlattervallTotal,GlobalDensity,DistCoast=Low|HarvestHavre=Low|HarvestSlattervallTotal=Low|GlobalDensity=Mid,0,1,0
Lat,DistCoast,HarvestHavre,HarvestSlattervallTotal,GlobalDensity,DistCoast=High|HarvestHavre=Missing|HarvestSlattervallTotal=Low|GlobalDensity=Low,0,0,1
Lat,DistCoast,HarvestHavre,HarvestSlattervallTotal,GlobalDensity,DistCoast=High|HarvestHavre=Low|HarvestSlattervallTotal=Low|GlobalDensity=Low,0,0,1
Lat,DistCoast,HarvestHavre,HarvestSlattervallTotal,GlobalDensity,DistCoast=High|HarvestHavre=High|HarvestSlattervallTotal=Low|GlobalDensity=High,0,0,6973684210526315,0,3026315789473684
Lat,DistCoast,HarvestHavre,HarvestSlattervallTotal,GlobalDensity,DistCoast=Mid|HarvestHavre=High|HarvestSlattervallTotal=Missing|GlobalDensity=Low,1,0,0
Lat,DistCoast,HarvestHavre,HarvestSlattervallTotal,GlobalDensity,DistCoast=Mid|HarvestHavre=Low|HarvestSlattervallTotal=High|GlobalDensity=Low,1,0,0
Lat,DistCoast,HarvestHavre,HarvestSlattervallTotal,GlobalDensity,DistCoast=Mid|HarvestHavre=Low|HarvestSlattervallTotal=Missing|GlobalDensity=Low,0,1,0
Lat,DistCoast,HarvestHavre,HarvestSlattervallTotal,GlobalDensity,DistCoast=Mid|HarvestHavre=Low|HarvestSlattervallTotal=Mid|GlobalDensity=High,0,8888888888888888,0,1111111111111111,0
Lat,DistCoast,HarvestHavre,HarvestSlattervallTotal,GlobalDensity,DistCoast=Low|HarvestHavre=Missing|HarvestSlattervallTotal=Missing|GlobalDensity=Low,0,0,1
Lat,DistCoast,HarvestHavre,HarvestSlattervallTotal,GlobalDensity,DistCoast=Mid|HarvestHavre=Missing|HarvestSlattervallTotal=Missing|GlobalDensity=Low,1,0,0
Lat,DistCoast,HarvestHavre,HarvestSlattervallTotal,GlobalDensity,DistCoast=Mid|HarvestHavre=High|HarvestSlattervallTotal=High|GlobalDensity=High,0,1,0
Lat,DistCoast,HarvestHavre,HarvestSlattervallTotal,GlobalDensity,DistCoast=High|HarvestHavre=Low|HarvestSlattervallTotal=Missing|GlobalDensity=High,0,0,1
Lat,DistCoast,HarvestHavre,HarvestSlattervallTotal,GlobalDensity,DistCoast=Low|HarvestHavre=Low|HarvestSlattervallTotal=High|GlobalDensity=Low,1,0,0
Fe2O3,Lat,NiPpm,CrPpm,Al2O3,Lat=High|NiPpm=Missing|CrPpm=Missing|Al2O3=Missing,0,0,0
Fe2O3,Lat,NiPpm,CrPpm,Al2O3,Lat=Low|NiPpm=Mid|CrPpm=Low|Al2O3=High,0,2,0,0,8
Fe2O3,Lat,NiPpm,CrPpm,Al2O3,Lat=Low|NiPpm=High|CrPpm=High|Al2O3=Mid,0,016129032258064516,0,3225806451612903,0,6612903225806451
Fe2O3,Lat,NiPpm,CrPpm,Al2O3,Lat=High|NiPpm=Low|CrPpm=Low|Al2O3=Low,0,9009009009009009,0,0990990990990991,0
Fe2O3,Lat,NiPpm,CrPpm,Al2O3,Lat=High|NiPpm=High|CrPpm=High|Al2O3=High,0,10778443113772455,0,6107784431137725,0,281437125748503
Fe2O3,Lat,NiPpm,CrPpm,Al2O3,Lat=High|NiPpm=Mid|CrPpm=High|Al2O3=Low,0,3333333333333333,0,6111111111111112,0,05555555555555555
Fe2O3,Lat,NiPpm,CrPpm,Al2O3,Lat=Mid|NiPpm=Mid|CrPpm=Mid|Al2O3=High,0,0297029702970297,0,009900990099009901,0,9603960396039604
Fe2O3,Lat,NiPpm,CrPpm,Al2O3,Lat=Mid|NiPpm=High|CrPpm=High|Al2O3=Low,0,06557377049180328,0,06557377049180328,0,8688524590163934
Fe2O3,Lat,NiPpm,CrPpm,Al2O3,Lat=Mid|NiPpm=High|CrPpm=High|Al2O3=Mid,0,07692307692307693,0,07692307692307693,0,8461538461538461
Fe2O3,Lat,NiPpm,CrPpm,Al2O3,Lat=Mid|NiPpm=Low|CrPpm=Low|Al2O3=Low,0,7476635514018691,0,24299065420560748,0,009345794392523364
Fe2O3,Lat,NiPpm,CrPpm,Al2O3,Lat=High|NiPpm=Low|CrPpm=Mid|Al2O3=Low,0,49333333333333335,0,5,0,006666666666666667
Fe2O3,Lat,NiPpm,CrPpm,Al2O3,Lat=Mid|NiPpm=Missing|CrPpm=Missing|Al2O3=Missing,0,0,0
Fe2O3,Lat,NiPpm,CrPpm,Al2O3,Lat=Low|NiPpm=Low|CrPpm=Low|Al2O3=High,0,0196078431372549,0,8431372549019608,0,13725490196078433
Fe2O3,Lat,NiPpm,CrPpm,Al2O3,Lat=Low|NiPpm=High|CrPpm=High|Al2O3=High,0,0049261083743842365,0,0,9950738916256158
Fe2O3,Lat,NiPpm,CrPpm,Al2O3,Lat=High|NiPpm=Mid|CrPpm=Mid|Al2O3=Mid,0,6153846153846154,0,3076923076923077,0,07692307692307693
Fe2O3,Lat,NiPpm,CrPpm,Al2O3,Lat=High|NiPpm=Mid|CrPpm=Mid|Al2O3=High,0,5882352941176471,0,4117647058823529,0
Fe2O3,Lat,NiPpm,CrPpm,Al2O3,Lat=Low|NiPpm=High|CrPpm=Mid|Al2O3=High,0,061224489795918366,0,01020408163265306,0,9285714285714286
Fe2O3,Lat,NiPpm,CrPpm,Al2O3,Lat=Low|NiPpm=Low|CrPpm=Low|Al2O3=Low,0,7961165048543689,0,20064724919093851,0,003236245954692557
Fe2O3,Lat,NiPpm,CrPpm,Al2O3,Lat=Low|NiPpm=Mid|CrPpm=Mid|Al2O3=Low,0,12658227848101267,0,4936708860759494,0,379746835443038
Fe2O3,Lat,NiPpm,CrPpm,Al2O3,Lat=Low|NiPpm=Low|CrPpm=High|Al2O3=Low,0,0,1
Fe2O3,Lat,NiPpm,CrPpm,Al2O3,Lat=Low|NiPpm=Mid|CrPpm=Low|Al2O3=Low,0,1,0
Fe2O3,Lat,NiPpm,CrPpm,Al2O3,Lat=Mid|NiPpm=Mid|CrPpm=Mid|Al2O3=Mid,0,6597938144329897,0,10309278350515463,0,23711340206185566
Fe2O3,Lat,NiPpm,CrPpm,Al2O3,Lat=Low|NiPpm=Low|CrPpm=Mid|Al2O3=Low,0,6666666666666666,0,3333333333333333,0
Fe2O3,Lat,NiPpm,CrPpm,Al2O3,Lat=Mid|NiPpm=Mid|CrPpm=Low|Al2O3=Low,0,1951219512195122,0,8048780487804879,0
Fe2O3,Lat,NiPpm,CrPpm,Al2O3,Lat=Low|NiPpm=Low|CrPpm=Low|Al2O3=Mid,0,2833333333333333,0,6166666666666667,0,1
Fe2O3,Lat,NiPpm,CrPpm,Al2O3,Lat=High|NiPpm=Mid|CrPpm=Mid|Al2O3=Low,0,4578313253012048,0,5180722891566265,0,024096385542168676
Fe2O3,Lat,NiPpm,CrPpm,Al2O3,Lat=Mid|NiPpm=High|CrPpm=High|Al2O3=High,0,038461538461538464,0,0,9615384615384616
Fe2O3,Lat,NiPpm,CrPpm,Al2O3,Lat=Mid|NiPpm=Low|CrPpm=Mid|Al2O3=Low,0,7714285714285715,0,22857142857142856,0
Fe2O3,Lat,NiPpm,CrPpm,Al2O3,Lat=Mid|NiPpm=High|CrPpm=Mid|Al2O3=Mid,0,0,11764705882352941,0,8823529411764706
Fe2O3,Lat,NiPpm,CrPpm,Al2O3,Lat=Mid|NiPpm=High|CrPpm=Mid|Al2O3=Low,0,125,0,1875,0,6875
Fe2O3,Lat,NiPpm,CrPpm,Al2O3,Lat=Mid|NiPpm=Mid|CrPpm=Low|Al2O3=High,0,041666666666666664,0,7916666666666666,0,16666666666666666
Fe2O3,Lat,NiPpm,CrPpm,Al2O3,Lat=Mid|NiPpm=Mid|CrPpm=Low|Al2O3=Mid,0,0,9112903225806451,0,08870967741935484
Fe2O3,Lat,NiPpm,CrPpm,Al2O3,Lat=Low|NiPpm=High|CrPpm=High|Al2O3=Low,0,2696629213483146,0,06741573033707865,0,6629213483146067
Fe2O3,Lat,NiPpm,CrPpm,Al2O3,Lat=Low|NiPpm=Mid|CrPpm=Mid|Al2O3=Mid,0,030303030303030304,0,6363636363636364,0,3333333333333333
Fe2O3,Lat,NiPpm,CrPpm,Al2O3,Lat=High|NiPpm=Low|CrPpm=High|Al2O3=Low,0,5,0,5,0
Fe2O3,Lat,NiPpm,CrPpm,Al2O3,Lat=High|NiPpm=Mid|CrPpm=High|Al2O3=Mid,0,2153846153846154,0,7846153846153846,0
Fe2O3,Lat,NiPpm,CrPpm,Al2O3,Lat=Low|NiPpm=Missing|CrPpm=Missing|Al2O3=Missing,0,0,0
Fe2O3,Lat,NiPpm,CrPpm,Al2O3,Lat=Low|NiPpm=Mid|CrPpm=Mid|Al2O3=High,0,16666666666666666,0,4,0,43333333333333335
Fe2O3,Lat,NiPpm,CrPpm,Al2O3,Lat=Mid|NiPpm=High|CrPpm=Mid|Al2O3=High,0,0,1
Fe2O3,Lat,NiPpm,CrPpm,Al2O3,Lat=High|NiPpm=High|CrPpm=High|Al2O3=Mid,0,024096385542168676,0,39759036144578314,0,5783132530120482
Fe2O3,Lat,NiPpm,CrPpm,Al2O3,Lat=Low|NiPpm=Mid|CrPpm=Low|Al2O3=Mid,0,14285714285714285,0,7857142857142857,0,07142857142857142
Fe2O3,Lat,NiPpm,CrPpm,Al2O3,Lat=Low|NiPpm=Mid|CrPpm=High|Al2O3=Mid,0,0,6666666666666666,0,3333333333333333
Fe2O3,Lat,NiPpm,CrPpm,Al2O3,Lat=Low|NiPpm=Low|CrPpm=Mid|Al2O3=Mid,0,07692307692307693,0,9230769230769231,0
Fe2O3,Lat,NiPpm,CrPpm,Al2O3,Lat=High|NiPpm=High|CrPpm=Mid|Al2O3=Mid,0,1,0
Fe2O3,Lat,NiPpm,CrPpm,Al2O3,Lat=Mid|NiPpm=Low|CrPpm=Low|Al2O3=High,0,42857142857142855,0,14285714285714285,0,42857142857142855
Fe2O3,Lat,NiPpm,CrPpm,Al2O3,Lat=Mid|NiPpm=Mid|CrPpm=Mid|Al2O3=Low,0,28,0,52,0,2
Fe2O3,Lat,NiPpm,CrPpm,Al2O3,Lat=High|NiPpm=Low|CrPpm=Mid|Al2O3=Mid,0,3125,0,6875,0
Fe2O3,Lat,NiPpm,CrPpm,Al2O3,Lat=High|NiPpm=High|CrPpm=Mid|Al2O3=Low,0,14285714285714285,0,5714285714285714,0,2857142857142857
Fe2O3,Lat,NiPpm,CrPpm,Al2O3,Lat=High|NiPpm=High|CrPpm=Mid|Al2O3=High,0,0,8947368421052632,0,10526315789473684
Fe2O3,Lat,NiPpm,CrPpm,Al2O3,Lat=Mid|NiPpm=Low|CrPpm=Mid|Al2O3=High,0,0,8333333333333334,0,16666666666666666
Fe2O3,Lat,NiPpm,CrPpm,Al2O3,Lat=Mid|NiPpm=Mid|CrPpm=High|Al2O3=High,0,0,1
Fe2O3,Lat,NiPpm,CrPpm,Al2O3,Lat=Mid|NiPpm=Mid|CrPpm=High|Al2O3=Low,0,0,1
Fe2O3,Lat,NiPpm,CrPpm,Al2O3,Lat=High|NiPpm=Mid|CrPpm=High|Al2O3=High,0,0625,0,625,0,3125
Fe2O3,Lat,NiPpm,CrPpm,Al2O3,Lat=High|NiPpm=High|CrPpm=High|Al2O3=Low,0,0,9230769230769231,0,07692307692307693
Fe2O3,Lat,NiPpm,CrPpm,Al2O3,Lat=Low|NiPpm=High|CrPpm=Mid|Al2O3=Mid,0,0,1
Fe2O3,Lat,NiPpm,CrPpm,Al2O3,Lat=Mid|NiPpm=Low|CrPpm=Mid|Al2O3=Mid,0,9166666666666666,0,013888888888888888,0,06944444444444445
Fe2O3,Lat,NiPpm,CrPpm,Al2O3,Lat=Low|NiPpm=Mid|CrPpm=High|Al2O3=High,0,0,1
Fe2O3,Lat,NiPpm,CrPpm,Al2O3,Lat=Mid|NiPpm=Low|CrPpm=Low|Al2O3=Mid,0,5384615384615384,0,38461538461538464,0,07692307692307693
Fe2O3,Lat,NiPpm,CrPpm,Al2O3,Lat=Low|NiPpm=Mid|CrPpm=High|Al2O3=Low,0,07692307692307693,0,9230769230769231,0
Fe2O3,Lat,NiPpm,CrPpm,Al2O3,Lat=Low|NiPpm=High|CrPpm=Mid|Al2O3=Low,0,0,3333333333333333,0,6666666666666666
Fe2O3,Lat,NiPpm,CrPpm,Al2O3,Lat=High|NiPpm=Low|CrPpm=Low|Al2O3=Mid,1,0,0
Fe2O3,Lat,NiPpm,CrPpm,Al2O3,Lat=High|NiPpm=Mid|CrPpm=Low|Al2O3=Low,1,0,0
Fe2O3,Lat,NiPpm,CrPpm,Al2O3,Lat=High|NiPpm=Mid|CrPpm=Low|Al2O3=Mid,1,0,0
Fe2O3,Lat,NiPpm,CrPpm,Al2O3,Lat=Low|NiPpm=Low|CrPpm=Mid|Al2O3=High,0,0,1
Fe2O3,Lat,NiPpm,CrPpm,Al2O3,Lat=Mid|NiPpm=Mid|CrPpm=High|Al2O3=Mid,0,07692307692307693,0,07692307692307693,0,8461538461538461
Fe2O3,Lat,NiPpm,CrPpm,Al2O3,Lat=Mid|NiPpm=High|CrPpm=Low|Al2O3=Mid,0,1,0
NiPpm,DistRidge,Al2O3,DistRidge=High|Al2O3=Missing,0,0,0
NiPpm,DistRidge,Al2O3,DistRidge=High|Al2O3=High,0,1,0,3333333333333333,0,5666666666666667
NiPpm,DistRidge,Al2O3,DistRidge=Missing|Al2O3=Mid,0,1377049180327869,0,2754098360655738,0,5868852459016394
NiPpm,DistRidge,Al2O3,DistRidge=High|Al2O3=Low,0,684931506849315,0,2328767123287671,0,0821917808219178
NiPpm,DistRidge,Al2O3,DistRidge=Missing|Al2O3=Low,0,41876430205949655,0,2791762013729977,0,30205949656750575
NiPpm,DistRidge,Al2O3,DistRidge=Missing|Al2O3=High,0,07331378299120235,0,3196480938416422,0,6070381231671554
NiPpm,DistRidge,Al2O3,DistRidge=Low|Al2O3=Missing,0,0,0
NiPpm,DistRidge,Al2O3,DistRidge=Missing|Al2O3=Missing,0,0,0
NiPpm,DistRidge,Al2O3,DistRidge=Mid|Al2O3=Missing,0,0,0
NiPpm,DistRidge,Al2O3,DistRidge=Low|Al2O3=Low,0,7213114754098361,0,24316939890710382,0,03551912568306011
NiPpm,DistRidge,Al2O3,DistRidge=Low|Al2O3=High,0,07488986784140969,0,18502202643171806,0,7400881057268722
NiPpm,DistRidge,Al2O3,DistRidge=Mid|Al2O3=Mid,0,20588235294117646,0,696078431372549,0,09803921568627451
NiPpm,DistRidge,Al2O3,DistRidge=Mid|Al2O3=High,0,109375,0,234375,0,65625
NiPpm,DistRidge,Al2O3,DistRidge=Mid|Al2O3=Low,0,6896551724137931,0,2476489028213166,0,06269592476489028
NiPpm,DistRidge,Al2O3,DistRidge=Low|Al2O3=Mid,0,4811320754716981,0,3867924528301887,0,1320754716981132
NiPpm,DistRidge,Al2O3,DistRidge=High|Al2O3=Mid,0,205,0,61,0,185
CrPpm,DistRidge,NiPpm,Al2O3,DistRidge=High|NiPpm=Missing|Al2O3=Missing,0,0,0
CrPpm,DistRidge,NiPpm,Al2O3,DistRidge=High|NiPpm=Mid|Al2O3=High,0,475,0,375,0,15
CrPpm,DistRidge,NiPpm,Al2O3,DistRidge=Missing|NiPpm=High|Al2O3=Mid,0,0,0670391061452514,0,9329608938547486
CrPpm,DistRidge,NiPpm,Al2O3,DistRidge=High|NiPpm=Low|Al2O3=Low,0,73,0,27,0
CrPpm,DistRidge,NiPpm,Al2O3,DistRidge=High|NiPpm=High|Al2O3=High,0,0,39705882352941174,0,6029411764705882
CrPpm,DistRidge,NiPpm,Al2O3,DistRidge=Missing|NiPpm=Mid|Al2O3=Low,0,30327868852459017,0,5327868852459017,0,16393442622950818
CrPpm,DistRidge,NiPpm,Al2O3,DistRidge=Missing|NiPpm=Mid|Al2O3=High,0,045871559633027525,0,8990825688073395,0,05504587155963303
CrPpm,DistRidge,NiPpm,Al2O3,DistRidge=Missing|NiPpm=High|Al2O3=Low,0,0,09848484848484848,0,9015151515151515
CrPpm,DistRidge,NiPpm,Al2O3,DistRidge=Low|NiPpm=Missing|Al2O3=Missing,0,0,0
CrPpm,DistRidge,NiPpm,Al2O3,DistRidge=Missing|NiPpm=Missing|Al2O3=Missing,0,0,0
CrPpm,DistRidge,NiPpm,Al2O3,DistRidge=Mid|NiPpm=Missing|Al2O3=Missing,0,0,0
CrPpm,DistRidge,NiPpm,Al2O3,DistRidge=Missing|NiPpm=Low|Al2O3=Low,0,5956284153005464,0,40437158469945356,0
CrPpm,DistRidge,NiPpm,Al2O3,DistRidge=Low|NiPpm=Low|Al2O3=Low,0,8068181818181818,0,13257575757575757,0,06060606060606061
CrPpm,DistRidge,NiPpm,Al2O3,DistRidge=High|NiPpm=Low|Al2O3=High,1,0,0
CrPpm,DistRidge,NiPpm,Al2O3,DistRidge=Missing|NiPpm=High|Al2O3=High,0,0,12560386473429952,0,8743961352657005
CrPpm,DistRidge,NiPpm,Al2O3,DistRidge=Low|NiPpm=High|Al2O3=High,0,0,3273809523809524,0,6726190476190477
CrPpm,DistRidge,NiPpm,Al2O3,DistRidge=Mid|NiPpm=Mid|Al2O3=Mid,0,6267605633802817,0,2887323943661972,0,08450704225352113
CrPpm,DistRidge,NiPpm,Al2O3,DistRidge=Low|NiPpm=Mid|Al2O3=High,0,09523809523809523,0,5238095238095238,0,38095238095238093
CrPpm,DistRidge,NiPpm,Al2O3,DistRidge=Mid|NiPpm=High|Al2O3=High,0,0,27380952380952384,0,7261904761904762
CrPpm,DistRidge,NiPpm,Al2O3,DistRidge=Mid|NiPpm=Low|Al2O3=Low,0,7545454545454545,0,23636363636363636,0,00909090909090909
CrPpm,DistRidge,NiPpm,Al2O3,DistRidge=Low|NiPpm=Mid|Al2O3=Low,0,3595505617977528,0,4943820224719101,0,14606741573033707
CrPpm,DistRidge,NiPpm,Al2O3,DistRidge=Mid|NiPpm=Low|Al2O3=High,0,9285714285714286,0,07142857142857142,0
CrPpm,DistRidge,NiPpm,Al2O3,DistRidge=Low|NiPpm=Low|Al2O3=High,0,9411764705882353,0,058823529411764705,0
CrPpm,DistRidge,NiPpm,Al2O3,DistRidge=Low|NiPpm=Mid|Al2O3=Mid,0,024390243902439025,0,5853658536585366,0,3902439024390244
CrPpm,DistRidge,NiPpm,Al2O3,DistRidge=Mid|NiPpm=Mid|Al2O3=Low,0,27848101265822783,0,5443037974683544,0,17721518987341772
CrPpm,DistRidge,NiPpm,Al2O3,DistRidge=Low|NiPpm=Low|Al2O3=Mid,0,21568627450980393,0,7843137254901961,0
CrPpm,DistRidge,NiPpm,Al2O3,DistRidge=Mid|NiPpm=Low|Al2O3=Mid,0,23809523809523808,0,7619047619047619,0
CrPpm,DistRidge,NiPpm,Al2O3,DistRidge=High|NiPpm=Low|Al2O3=Mid,0,5853658536585366,0,4146341463414634,0
CrPpm,DistRidge,NiPpm,Al2O3,DistRidge=High|NiPpm=Mid|Al2O3=Low,0,17647058823529413,0,5147058823529411,0,3088235294117647
CrPpm,DistRidge,NiPpm,Al2O3,DistRidge=Missing|NiPpm=Mid|Al2O3=Mid,0,19047619047619047,0,5714285714285714,0,23809523809523808
CrPpm,DistRidge,NiPpm,Al2O3,DistRidge=High|NiPpm=Mid|Al2O3=Mid,0,27049180327868855,0,45901639344262296,0,27049180327868855
CrPpm,DistRidge,NiPpm,Al2O3,DistRidge=Mid|NiPpm=High|Al2O3=Mid,0,0,15,0,85
CrPpm,DistRidge,NiPpm,Al2O3,DistRidge=Missing|NiPpm=Low|Al2O3=High,0,68,0,32,0
CrPpm,DistRidge,NiPpm,Al2O3,DistRidge=High|NiPpm=High|Al2O3=Mid,0,0,24324324324324326,0,7567567567567568
CrPpm,DistRidge,NiPpm,Al2O3,DistRidge=Mid|NiPpm=Mid|Al2O3=High,0,2,0,43333333333333335,0,36666666666666664
CrPpm,DistRidge,NiPpm,Al2O3,DistRidge=High|NiPpm=High|Al2O3=Low,0,0,20833333333333334,0,7916666666666666
CrPpm,DistRidge,NiPpm,Al2O3,DistRidge=Missing|NiPpm=Low|Al2O3=Mid,0,7142857142857143,0,2857142857142857,0
CrPpm,DistRidge,NiPpm,Al2O3,DistRidge=Low|NiPpm=High|Al2O3=Mid,0,07142857142857142,0,35714285714285715,0,5714285714285714
CrPpm,DistRidge,NiPpm,Al2O3,DistRidge=Low|NiPpm=High|Al2O3=Low,0,0,38461538461538464,0,6153846153846154
CrPpm,DistRidge,NiPpm,Al2O3,DistRidge=Mid|NiPpm=High|Al2O3=Low,0,0,15,0,85
IsMoran,DistCoast,DirCoast,HarvestHostvete,Lat,DistCoast=Low|DirCoast=Low|HarvestHostvete=Missing|Lat=High,0,8461538461538461,0,0,15384615384615385
IsMoran,DistCoast,DirCoast,HarvestHostvete,Lat,DistCoast=Low|DirCoast=High|HarvestHostvete=High|Lat=Low,0,9117647058823529,0,0,08823529411764706
IsMoran,DistCoast,DirCoast,HarvestHostvete,Lat,DistCoast=Mid|DirCoast=High|HarvestHostvete=High|Lat=Low,0,7272727272727273,0,0,2727272727272727
IsMoran,DistCoast,DirCoast,HarvestHostvete,Lat,DistCoast=High|DirCoast=Low|HarvestHostvete=Low|Lat=High,0,937007874015748,0,0,06299212598425197
IsMoran,DistCoast,DirCoast,HarvestHostvete,Lat,DistCoast=Mid|DirCoast=Low|HarvestHostvete=Low|Lat=High,0,9459459459459459,0,0,05405405405405406
IsMoran,DistCoast,DirCoast,HarvestHostvete,Lat,DistCoast=Low|DirCoast=Mid|HarvestHostvete=Missing|Lat=High,0,5416666666666666,0,0,4583333333333333
IsMoran,DistCoast,DirCoast,HarvestHostvete,Lat,DistCoast=Mid|DirCoast=High|HarvestHostvete=Mid|Lat=Mid,0,9807692307692307,0,0,019230769230769232
IsMoran,DistCoast,DirCoast,HarvestHostvete,Lat,DistCoast=High|DirCoast=High|HarvestHostvete=Mid|Lat=Mid,0,71,0,0,29
IsMoran,DistCoast,DirCoast,HarvestHostvete,Lat,DistCoast=Mid|DirCoast=Mid|HarvestHostvete=High|Lat=Mid,0,8571428571428571,0,0,14285714285714285
IsMoran,DistCoast,DirCoast,HarvestHostvete,Lat,DistCoast=Low|DirCoast=High|HarvestHostvete=Missing|Lat=High,0,7843137254901961,0,0,21568627450980393
IsMoran,DistCoast,DirCoast,HarvestHostvete,Lat,DistCoast=Mid|DirCoast=Low|HarvestHostvete=Low|Lat=Mid,0,25,0,0,75
IsMoran,DistCoast,DirCoast,HarvestHostvete,Lat,DistCoast=Low|DirCoast=Low|HarvestHostvete=Mid|Lat=Mid,1,0,0
IsMoran,DistCoast,DirCoast,HarvestHostvete,Lat,DistCoast=Low|DirCoast=Mid|HarvestHostvete=Low|Lat=Low,0,9243697478991597,0,0,07563025210084033
IsMoran,DistCoast,DirCoast,HarvestHostvete,Lat,DistCoast=Low|DirCoast=High|HarvestHostvete=Mid|Lat=Mid,0,9649122807017544,0,0,03508771929824561
IsMoran,DistCoast,DirCoast,HarvestHostvete,Lat,DistCoast=High|DirCoast=Mid|HarvestHostvete=Low|Lat=High,0,7857142857142857,0,0,21428571428571427
IsMoran,DistCoast,DirCoast,HarvestHostvete,Lat,DistCoast=High|DirCoast=High|HarvestHostvete=Low|Lat=High,0,8586956521739131,0,0,14130434782608695
IsMoran,DistCoast,DirCoast,HarvestHostvete,Lat,DistCoast=Mid|DirCoast=Mid|HarvestHostvete=Low|Lat=Mid,0,46153846153846156,0,0,5384615384615384
IsMoran,DistCoast,DirCoast,HarvestHostvete,Lat,DistCoast=High|DirCoast=Mid|HarvestHostvete=Low|Lat=Mid,0,8765432098765432,0,0,12345679012345678
IsMoran,DistCoast,DirCoast,HarvestHostvete,Lat,DistCoast=Mid|DirCoast=Mid|HarvestHostvete=Low|Lat=High,1,0,0
IsMoran,DistCoast,DirCoast,HarvestHostvete,Lat,DistCoast=Low|DirCoast=Low|HarvestHostvete=Missing|Lat=Low,1,0,0
IsMoran,DistCoast,DirCoast,HarvestHostvete,Lat,DistCoast=Mid|DirCoast=Low|HarvestHostvete=High|Lat=High,0,7142857142857143,0,0,2857142857142857
IsMoran,DistCoast,DirCoast,HarvestHostvete,Lat,DistCoast=Mid|DirCoast=High|HarvestHostvete=Mid|Lat=Low,0,9311926605504587,0,0,06880733944954129
IsMoran,DistCoast,DirCoast,HarvestHostvete,Lat,DistCoast=Low|DirCoast=Mid|HarvestHostvete=Mid|Lat=Low,0,9464285714285714,0,0,05357142857142857
IsMoran,DistCoast,DirCoast,HarvestHostvete,Lat,DistCoast=Mid|DirCoast=Mid|HarvestHostvete=Mid|Lat=Low,0,8652482269503546,0,0,1347517730496454
IsMoran,DistCoast,DirCoast,HarvestHostvete,Lat,DistCoast=Low|DirCoast=Low|HarvestHostvete=Mid|Lat=Low,1,0,0
IsMoran,DistCoast,DirCoast,HarvestHostvete,Lat,DistCoast=Low|DirCoast=High|HarvestHostvete=Mid|Lat=Low,0,9253731343283582,0,0,07462686567164178
IsMoran,DistCoast,DirCoast,HarvestHostvete,Lat,DistCoast=High|DirCoast=High|HarvestHostvete=Low|Lat=Mid,0,986013986013986,0,0,013986013986013986
IsMoran,DistCoast,DirCoast,HarvestHostvete,Lat,DistCoast=Low|DirCoast=Low|HarvestHostvete=Low|Lat=Low,1,0,0
IsMoran,DistCoast,DirCoast,HarvestHostvete,Lat,DistCoast=Mid|DirCoast=Low|HarvestHostvete=High|Lat=Mid,0,6428571428571429,0,0,35714285714285715
IsMoran,DistCoast,DirCoast,HarvestHostvete,Lat,DistCoast=Mid|DirCoast=Low|HarvestHostvete=Missing|Lat=High,0,9377593360995851,0,0,06224066390041494
IsMoran,DistCoast,DirCoast,HarvestHostvete,Lat,DistCoast=High|DirCoast=Low|HarvestHostvete=Mid|Lat=Mid,0,7530864197530864,0,0,24691358024691357
IsMoran,DistCoast,DirCoast,HarvestHostvete,Lat,DistCoast=Mid|DirCoast=Mid|HarvestHostvete=Missing|Lat=Low,0,6333333333333333,0,0,36666666666666664
IsMoran,DistCoast,DirCoast,HarvestHostvete,Lat,DistCoast=Low|DirCoast=High|HarvestHostvete=Low|Lat=Low,0,9736842105263158,0,0,02631578947368421
IsMoran,DistCoast,DirCoast,HarvestHostvete,Lat,DistCoast=Mid|DirCoast=High|HarvestHostvete=Low|Lat=Low,0,7142857142857143,0,0,2857142857142857
IsMoran,DistCoast,DirCoast,HarvestHostvete,Lat,DistCoast=Low|DirCoast=Low|HarvestHostvete=High|Lat=Mid,0,782608695652174,0,0,21739130434782608
IsMoran,DistCoast,DirCoast,HarvestHostvete,Lat,DistCoast=High|DirCoast=Low|HarvestHostvete=Low|Lat=Low,0,7777777777777778,0,0,2222222222222222
IsMoran,DistCoast,DirCoast,HarvestHostvete,Lat,DistCoast=Mid|DirCoast=Low|HarvestHostvete=Mid|Lat=Mid,0,7058823529411765,0,0,29411764705882354
IsMoran,DistCoast,DirCoast,HarvestHostvete,Lat,DistCoast=High|DirCoast=High|HarvestHostvete=Low|Lat=Low,0,7435897435897436,0,0,2564102564102564
IsMoran,DistCoast,DirCoast,HarvestHostvete,Lat,DistCoast=High|DirCoast=Mid|HarvestHostvete=Mid|Lat=Low,0,9090909090909091,0,0,09090909090909091
IsMoran,DistCoast,DirCoast,HarvestHostvete,Lat,DistCoast=Low|DirCoast=Low|HarvestHostvete=High|Lat=Low,0,5333333333333333,0,0,4666666666666667
IsMoran,DistCoast,DirCoast,HarvestHostvete,Lat,DistCoast=Low|DirCoast=Mid|HarvestHostvete=Mid|Lat=Mid,1,0,0
IsMoran,DistCoast,DirCoast,HarvestHostvete,Lat,DistCoast=Mid|DirCoast=Mid|HarvestHostvete=Missing|Lat=High,1,0,0
IsMoran,DistCoast,DirCoast,HarvestHostvete,Lat,DistCoast=High|DirCoast=Low|HarvestHostvete=Missing|Lat=High,0,5909090909090909,0,0,4090909090909091
IsMoran,DistCoast,DirCoast,HarvestHostvete,Lat,DistCoast=Mid|DirCoast=Low|HarvestHostvete=High|Lat=Low,0,375,0,0,625
IsMoran,DistCoast,DirCoast,HarvestHostvete,Lat,DistCoast=Mid|DirCoast=Mid|HarvestHostvete=High|Lat=Low,0,13043478260869565,0,0,8695652173913043
IsMoran,DistCoast,DirCoast,HarvestHostvete,Lat,DistCoast=Mid|DirCoast=Low|HarvestHostvete=Missing|Lat=Low,0,14285714285714285,0,0,8571428571428571
IsMoran,DistCoast,DirCoast,HarvestHostvete,Lat,DistCoast=High|DirCoast=Low|HarvestHostvete=Low|Lat=Mid,0,971830985915493,0,0,028169014084507043
IsMoran,DistCoast,DirCoast,HarvestHostvete,Lat,DistCoast=Low|DirCoast=Low|HarvestHostvete=High|Lat=High,0,6666666666666666,0,0,3333333333333333
IsMoran,DistCoast,DirCoast,HarvestHostvete,Lat,DistCoast=Mid|DirCoast=Mid|HarvestHostvete=Mid|Lat=Mid,1,0,0
IsMoran,DistCoast,DirCoast,HarvestHostvete,Lat,DistCoast=High|DirCoast=Low|HarvestHostvete=Mid|Lat=High,1,0,0
IsMoran,DistCoast,DirCoast,HarvestHostvete,Lat,DistCoast=High|DirCoast=High|HarvestHostvete=Missing|Lat=High,0,5,0,0,5
IsMoran,DistCoast,DirCoast,HarvestHostvete,Lat,DistCoast=High|DirCoast=Mid|HarvestHostvete=Low|Lat=Low,0,8148148148148148,0,0,18518518518518517
IsMoran,DistCoast,DirCoast,HarvestHostvete,Lat,DistCoast=Low|DirCoast=High|HarvestHostvete=High|Lat=Mid,0,5,0,0,5
IsMoran,DistCoast,DirCoast,HarvestHostvete,Lat,DistCoast=Low|DirCoast=Mid|HarvestHostvete=High|Lat=Low,0,37593984962406013,0,0,6240601503759399
IsMoran,DistCoast,DirCoast,HarvestHostvete,Lat,DistCoast=Mid|DirCoast=Mid|HarvestHostvete=Low|Lat=Low,0,625,0,0,375
IsMoran,DistCoast,DirCoast,HarvestHostvete,Lat,DistCoast=High|DirCoast=Mid|HarvestHostvete=Mid|Lat=Mid,0,9837837837837838,0,0,016216216216216217
IsMoran,DistCoast,DirCoast,HarvestHostvete,Lat,DistCoast=High|DirCoast=Mid|HarvestHostvete=Missing|Lat=High,1,0,0
IsMoran,DistCoast,DirCoast,HarvestHostvete,Lat,DistCoast=Mid|DirCoast=High|HarvestHostvete=Missing|Lat=Low,0,5,0,0,5
IsMoran,DistCoast,DirCoast,HarvestHostvete,Lat,DistCoast=Low|DirCoast=Mid|HarvestHostvete=Missing|Lat=Low,1,0,0
IsMoran,DistCoast,DirCoast,HarvestHostvete,Lat,DistCoast=Mid|DirCoast=High|HarvestHostvete=Low|Lat=Mid,1,0,0
IsMoran,DistCoast,DirCoast,HarvestHostvete,Lat,DistCoast=Low|DirCoast=Mid|HarvestHostvete=High|Lat=Mid,1,0,0
IsMoran,DistCoast,DirCoast,HarvestHostvete,Lat,DistCoast=Mid|DirCoast=Low|HarvestHostvete=Low|Lat=Low,0,0,1
IsMoran,DistCoast,DirCoast,HarvestHostvete,Lat,DistCoast=Low|DirCoast=High|HarvestHostvete=High|Lat=High,1,0,0
IsMoran,DistCoast,DirCoast,HarvestHostvete,Lat,DistCoast=Low|DirCoast=Low|HarvestHostvete=Missing|Lat=Mid,1,0,0
IsLera,DirCoast,HarvestHostvete,DirCoast=Low|HarvestHostvete=Missing,1,0,0
IsLera,DirCoast,HarvestHostvete,DirCoast=High|HarvestHostvete=High,0,9032258064516129,0,0,0967741935483871
IsLera,DirCoast,HarvestHostvete,DirCoast=Low|HarvestHostvete=Low,1,0,0
IsLera,DirCoast,HarvestHostvete,DirCoast=Mid|HarvestHostvete=Missing,1,0,0
IsLera,DirCoast,HarvestHostvete,DirCoast=High|HarvestHostvete=Mid,1,0,0
IsLera,DirCoast,HarvestHostvete,DirCoast=Mid|HarvestHostvete=High,0,4248927038626609,0,0,575107296137339
IsLera,DirCoast,HarvestHostvete,DirCoast=High|HarvestHostvete=Missing,1,0,0
IsLera,DirCoast,HarvestHostvete,DirCoast=Low|HarvestHostvete=Mid,1,0,0
IsLera,DirCoast,HarvestHostvete,DirCoast=Mid|HarvestHostvete=Low,1,0,0
IsLera,DirCoast,HarvestHostvete,DirCoast=High|HarvestHostvete=Low,1,0,0
IsLera,DirCoast,HarvestHostvete,DirCoast=Low|HarvestHostvete=High,0,9470588235294117,0,0,052941176470588235
IsLera,DirCoast,HarvestHostvete,DirCoast=Mid|HarvestHostvete=Mid,1,0,0
Al2O3,DistRidge,DistRidge=High,0,3672955974842767,0,25157232704402516,0,1509433962264151
Al2O3,DistRidge,DistRidge=Missing,0,3001373626373626,0,20947802197802198,0,2342032967032967
Al2O3,DistRidge,DistRidge=Low,0,47347994825355755,0,1371280724450194,0,2936610608020699
Al2O3,DistRidge,DistRidge=Mid,0,4126778783958603,0,26390685640362227,0,16558861578266496
SiO2,DistCoast,DirCoast,HarvestHostvete,Fe2O3,Al2O3,DistCoast=Low|DirCoast=Low|HarvestHostvete=Missing|Fe2O3=Missing|Al2O3=Missing,0,0,0
SiO2,DistCoast,DirCoast,HarvestHostvete,Fe2O3,Al2O3,DistCoast=Low|DirCoast=High|HarvestHostvete=High|Fe2O3=High|Al2O3=High,0,5,0,5,0
SiO2,DistCoast,DirCoast,HarvestHostvete,Fe2O3,Al2O3,DistCoast=Mid|DirCoast=High|HarvestHostvete=High|Fe2O3=Low|Al2O3=Mid,0,1,0
SiO2,DistCoast,DirCoast,HarvestHostvete,Fe2O3,Al2O3,DistCoast=High|DirCoast=Low|HarvestHostvete=Low|Fe2O3=Low|Al2O3=Low,0,013513513513513514,0,0,9864864864864865
SiO2,DistCoast,DirCoast,HarvestHostvete,Fe2O3,Al2O3,DistCoast=Mid|DirCoast=Low|HarvestHostvete=Low|Fe2O3=High|Al2O3=High,1,0,0
SiO2,DistCoast,DirCoast,HarvestHostvete,Fe2O3,Al2O3,DistCoast=Mid|DirCoast=Low|HarvestHostvete=Low|Fe2O3=Mid|Al2O3=Low,0,125,0,5,0,375
SiO2,DistCoast,DirCoast,HarvestHostvete,Fe2O3,Al2O3,DistCoast=Low|DirCoast=Mid|HarvestHostvete=Missing|Fe2O3=Missing|Al2O3=Missing,0,0,0
SiO2,DistCoast,DirCoast,HarvestHostvete,Fe2O3,Al2O3,DistCoast=Mid|DirCoast=High|HarvestHostvete=Mid|Fe2O3=High|Al2O3=High,0,981042654028436,0,018957345971563982,0
SiO2,DistCoast,DirCoast,HarvestHostvete,Fe2O3,Al2O3,DistCoast=Mid|DirCoast=High|HarvestHostvete=Mid|Fe2O3=High|Al2O3=Low,0,11666666666666667,0,8,0,08333333333333333
SiO2,DistCoast,DirCoast,HarvestHostvete,Fe2O3,Al2O3,DistCoast=High|DirCoast=High|HarvestHostvete=Mid|Fe2O3=High|Al2O3=Mid,0,30952380952380953,0,6904761904761905,0
SiO2,DistCoast,DirCoast,HarvestHostvete,Fe2O3,Al2O3,DistCoast=Mid|DirCoast=Mid|HarvestHostvete=High|Fe2O3=Low|Al2O3=Low,0,6111111111111112,0,0,3888888888888889
SiO2,DistCoast,DirCoast,HarvestHostvete,Fe2O3,Al2O3,DistCoast=High|DirCoast=Low|HarvestHostvete=Low|Fe2O3=Missing|Al2O3=Missing,0,0,0
SiO2,DistCoast,DirCoast,HarvestHostvete,Fe2O3,Al2O3,DistCoast=Low|DirCoast=High|HarvestHostvete=Missing|Fe2O3=Mid|Al2O3=Low,0,4,0,6,0
SiO2,DistCoast,DirCoast,HarvestHostvete,Fe2O3,Al2O3,DistCoast=Mid|DirCoast=Low|HarvestHostvete=Low|Fe2O3=Missing|Al2O3=Missing,0,0,0
SiO2,DistCoast,DirCoast,HarvestHostvete,Fe2O3,Al2O3,DistCoast=Low|DirCoast=Low|HarvestHostvete=Mid|Fe2O3=Low|Al2O3=Low,0,0,1
SiO2,DistCoast,DirCoast,HarvestHostvete,Fe2O3,Al2O3,DistCoast=Low|DirCoast=Mid|HarvestHostvete=Low|Fe2O3=High|Al2O3=High,1,0,0
SiO2,DistCoast,DirCoast,HarvestHostvete,Fe2O3,Al2O3,DistCoast=Low|DirCoast=High|HarvestHostvete=Mid|Fe2O3=Missing|Al2O3=Missing,0,0,0
SiO2,DistCoast,DirCoast,HarvestHostvete,Fe2O3,Al2O3,DistCoast=High|DirCoast=Mid|HarvestHostvete=Low|Fe2O3=Missing|Al2O3=Missing,0,0,0
SiO2,DistCoast,DirCoast,HarvestHostvete,Fe2O3,Al2O3,DistCoast=High|DirCoast=High|HarvestHostvete=Low|Fe2O3=Missing|Al2O3=Missing,0,0,0
SiO2,DistCoast,DirCoast,HarvestHostvete,Fe2O3,Al2O3,DistCoast=Mid|DirCoast=Mid|HarvestHostvete=Low|Fe2O3=Missing|Al2O3=Missing,0,0,0
SiO2,DistCoast,DirCoast,HarvestHostvete,Fe2O3,Al2O3,DistCoast=Low|DirCoast=Mid|HarvestHostvete=Missing|Fe2O3=Mid|Al2O3=High,0,984375,0,015625,0
SiO2,DistCoast,DirCoast,HarvestHostvete,Fe2O3,Al2O3,DistCoast=Low|DirCoast=Low|HarvestHostvete=Missing|Fe2O3=High|Al2O3=High,1,0,0
SiO2,DistCoast,DirCoast,HarvestHostvete,Fe2O3,Al2O3,DistCoast=Mid|DirCoast=Low|HarvestHostvete=High|Fe2O3=Mid|Al2O3=Low,0,16216216216216217,0,16216216216216217,0,6756756756756757
SiO2,DistCoast,DirCoast,HarvestHostvete,Fe2O3,Al2O3,DistCoast=Low|DirCoast=Low|HarvestHostvete=Missing|Fe2O3=Mid|Al2O3=Low,0,25,0,6527777777777778,0,09722222222222222
SiO2,DistCoast,DirCoast,HarvestHostvete,Fe2O3,Al2O3,DistCoast=Mid|DirCoast=Low|HarvestHostvete=Low|Fe2O3=High|Al2O3=Mid,0,5555555555555556,0,4444444444444444,0
SiO2,DistCoast,DirCoast,HarvestHostvete,Fe2O3,Al2O3,DistCoast=Mid|DirCoast=Low|HarvestHostvete=Low|Fe2O3=Mid|Al2O3=High,0,6,0,4,0
SiO2,DistCoast,DirCoast,HarvestHostvete,Fe2O3,Al2O3,DistCoast=Low|DirCoast=Mid|HarvestHostvete=Mid|Fe2O3=High|Al2O3=High,0,95,0,05,0
SiO2,DistCoast,DirCoast,HarvestHostvete,Fe2O3,Al2O3,DistCoast=Mid|DirCoast=High|HarvestHostvete=Mid|Fe2O3=Low|Al2O3=Low,0,11842105263157894,0,0,881578947368421
SiO2,DistCoast,DirCoast,HarvestHostvete,Fe2O3,Al2O3,DistCoast=Mid|DirCoast=Mid|HarvestHostvete=Mid|Fe2O3=High|Al2O3=Low,0,8,0,04,0,16
SiO2,DistCoast,DirCoast,HarvestHostvete,Fe2O3,Al2O3,DistCoast=Low|DirCoast=Mid|HarvestHostvete=Mid|Fe2O3=High|Al2O3=Low,1,0,0
SiO2,DistCoast,DirCoast,HarvestHostvete,Fe2O3,Al2O3,DistCoast=Low|DirCoast=Low|HarvestHostvete=Mid|Fe2O3=High|Al2O3=High,1,0,0
SiO2,DistCoast,DirCoast,HarvestHostvete,Fe2O3,Al2O3,DistCoast=Low|DirCoast=High|HarvestHostvete=Mid|Fe2O3=Mid|Al2O3=Low,0,0,07692307692307693,0,9230769230769231
SiO2,DistCoast,DirCoast,HarvestHostvete,Fe2O3,Al2O3,DistCoast=Low|DirCoast=High|HarvestHostvete=Mid|Fe2O3=High|Al2O3=High,1,0,0
SiO2,DistCoast,DirCoast,HarvestHostvete,Fe2O3,Al2O3,DistCoast=Low|DirCoast=High|HarvestHostvete=Mid|Fe2O3=Low|Al2O3=Low,0,48936170212765956,0,0,5106382978723404
SiO2,DistCoast,DirCoast,HarvestHostvete,Fe2O3,Al2O3,DistCoast=Low|DirCoast=Mid|HarvestHostvete=Mid|Fe2O3=Mid|Al2O3=Low,0,1875,0,6875,0,125
SiO2,DistCoast,DirCoast,HarvestHostvete,Fe2O3,Al2O3,DistCoast=Mid|DirCoast=Mid|HarvestHostvete=Mid|Fe2O3=Low|Al2O3=Low,0,7254901960784313,0,058823529411764705,0,21568627450980393
SiO2,DistCoast,DirCoast,HarvestHostvete,Fe2O3,Al2O3,DistCoast=Mid|DirCoast=Mid|HarvestHostvete=Mid|Fe2O3=High|Al2O3=High,0,9,0,1,0
SiO2,DistCoast,DirCoast,HarvestHostvete,Fe2O3,Al2O3,DistCoast=Low|DirCoast=High|HarvestHostvete=Mid|Fe2O3=Mid|Al2O3=High,1,0,0
SiO2,DistCoast,DirCoast,HarvestHostvete,Fe2O3,Al2O3,DistCoast=Low|DirCoast=Mid|HarvestHostvete=Mid|Fe2O3=Low|Al2O3=Low,0,1,0,7,0,2
SiO2,DistCoast,DirCoast,HarvestHostvete,Fe2O3,Al2O3,DistCoast=Mid|DirCoast=High|HarvestHostvete=Mid|Fe2O3=Mid|Al2O3=High,0,25,0,75,0
SiO2,DistCoast,DirCoast,HarvestHostvete,Fe2O3,Al2O3,DistCoast=Low|DirCoast=High|HarvestHostvete=Mid|Fe2O3=Mid|Al2O3=Mid,0,0,6666666666666666,0,3333333333333333
SiO2,DistCoast,DirCoast,HarvestHostvete,Fe2O3,Al2O3,DistCoast=Mid|DirCoast=High|HarvestHostvete=Mid|Fe2O3=Mid|Al2O3=Low,0,0,11904761904761904,0,8809523809523809
SiO2,DistCoast,DirCoast,HarvestHostvete,Fe2O3,Al2O3,DistCoast=Low|DirCoast=Mid|HarvestHostvete=Low|Fe2O3=Mid|Al2O3=Mid,0,2222222222222222,0,7777777777777778,0
SiO2,DistCoast,DirCoast,HarvestHostvete,Fe2O3,Al2O3,DistCoast=Low|DirCoast=Mid|HarvestHostvete=Low|Fe2O3=Low|Al2O3=Low,0,05084745762711865,0,7457627118644068,0,2033898305084746
SiO2,DistCoast,DirCoast,HarvestHostvete,Fe2O3,Al2O3,DistCoast=Low|DirCoast=Low|HarvestHostvete=Low|Fe2O3=Low|Al2O3=Low,0,2857142857142857,0,0,7142857142857143
SiO2,DistCoast,DirCoast,HarvestHostvete,Fe2O3,Al2O3,DistCoast=Low|DirCoast=Low|HarvestHostvete=Low|Fe2O3=Mid|Al2O3=High,0,1,0
SiO2,DistCoast,DirCoast,HarvestHostvete,Fe2O3,Al2O3,DistCoast=Mid|DirCoast=High|HarvestHostvete=Mid|Fe2O3=Missing|Al2O3=Missing,0,0,0
SiO2,DistCoast,DirCoast,HarvestHostvete,Fe2O3,Al2O3,DistCoast=High|DirCoast=High|HarvestHostvete=Mid|Fe2O3=Low|Al2O3=Mid,0,0,015625,0,984375
SiO2,DistCoast,DirCoast,HarvestHostvete,Fe2O3,Al2O3,DistCoast=High|DirCoast=High|HarvestHostvete=Mid|Fe2O3=High|Al2O3=High,0,6785714285714286,0,32142857142857145,0
SiO2,DistCoast,DirCoast,HarvestHostvete,Fe2O3,Al2O3,DistCoast=High|DirCoast=High|HarvestHostvete=Mid|Fe2O3=Low|Al2O3=Low,0,0,08695652173913043,0,9130434782608695
SiO2,DistCoast,DirCoast,HarvestHostvete,Fe2O3,Al2O3,DistCoast=High|DirCoast=High|HarvestHostvete=Mid|Fe2O3=High|Al2O3=Low,0,06666666666666667,0,26666666666666666,0,6666666666666666
SiO2,DistCoast,DirCoast,HarvestHostvete,Fe2O3,Al2O3,DistCoast=High|DirCoast=High|HarvestHostvete=Mid|Fe2O3=Mid|Al2O3=Mid,0,1,0
SiO2,DistCoast,DirCoast,HarvestHostvete,Fe2O3,Al2O3,DistCoast=High|DirCoast=High|HarvestHostvete=Mid|Fe2O3=Missing|Al2O3=Missing,0,0,0
SiO2,DistCoast,DirCoast,HarvestHostvete,Fe2O3,Al2O3,DistCoast=Low|DirCoast=High|HarvestHostvete=High|Fe2O3=Mid|Al2O3=Low,0,8,0,0,2
SiO2,DistCoast,DirCoast,HarvestHostvete,Fe2O3,Al2O3,DistCoast=Low|DirCoast=Low|HarvestHostvete=Missing|Fe2O3=Low|Al2O3=Low,0,11214953271028037,0,09345794392523364,0,794392523364486
SiO2,DistCoast,DirCoast,HarvestHostvete,Fe2O3,Al2O3,DistCoast=Low|DirCoast=High|HarvestHostvete=High|Fe2O3=High|Al2O3=Mid,0,6666666666666666,0,0,3333333333333333
SiO2,DistCoast,DirCoast,HarvestHostvete,Fe2O3,Al2O3,DistCoast=Mid|DirCoast=Low|HarvestHostvete=Missing|Fe2O3=Mid|Al2O3=Low,0,047619047619047616,0,5714285714285714,0,38095238095238093
SiO2,DistCoast,DirCoast,HarvestHostvete,Fe2O3,Al2O3,DistCoast=High|DirCoast=High|HarvestHostvete=Mid|Fe2O3=Mid|Al2O3=Low,0,0,1111111111111111,0,8888888888888888
SiO2,DistCoast,DirCoast,HarvestHostvete,Fe2O3,Al2O3,DistCoast=Mid|DirCoast=Low|HarvestHostvete=Missing|Fe2O3=Mid|Al2O3=Mid,0,022727272727272728,0,9772727272727273,0
SiO2,DistCoast,DirCoast,HarvestHostvete,Fe2O3,Al2O3,DistCoast=High|DirCoast=Low|HarvestHostvete=Mid|Fe2O3=Missing|Al2O3=Missing,0,0,0
SiO2,DistCoast,DirCoast,HarvestHostvete,Fe2O3,Al2O3,DistCoast=Mid|DirCoast=Mid|HarvestHostvete=Missing|Fe2O3=Low|Al2O3=Low,0,0,25,0,75
SiO2,DistCoast,DirCoast,HarvestHostvete,Fe2O3,Al2O3,DistCoast=Mid|DirCoast=Mid|HarvestHostvete=Missing|Fe2O3=Low|Al2O3=Mid,0,1,0
SiO2,DistCoast,DirCoast,HarvestHostvete,Fe2O3,Al2O3,DistCoast=Low|DirCoast=High|HarvestHostvete=Low|Fe2O3=Missing|Al2O3=Missing,0,0,0
SiO2,DistCoast,DirCoast,HarvestHostvete,Fe2O3,Al2O3,DistCoast=Mid|DirCoast=High|HarvestHostvete=Low|Fe2O3=Low|Al2O3=Low,0,0,1
SiO2,DistCoast,DirCoast,HarvestHostvete,Fe2O3,Al2O3,DistCoast=Low|DirCoast=Low|HarvestHostvete=Missing|Fe2O3=Low|Al2O3=Mid,0,0,9629629629629629,0,037037037037037035
SiO2,DistCoast,DirCoast,HarvestHostvete,Fe2O3,Al2O3,DistCoast=Low|DirCoast=Low|HarvestHostvete=High|Fe2O3=High|Al2O3=Mid,1,0,0
SiO2,DistCoast,DirCoast,HarvestHostvete,Fe2O3,Al2O3,DistCoast=High|DirCoast=Low|HarvestHostvete=Low|Fe2O3=Mid|Al2O3=High,0,2857142857142857,0,7142857142857143,0
SiO2,DistCoast,DirCoast,HarvestHostvete,Fe2O3,Al2O3,DistCoast=Mid|DirCoast=Low|HarvestHostvete=Missing|Fe2O3=Low|Al2O3=Low,0,2765957446808511,0,0425531914893617,0,6808510638297872
SiO2,DistCoast,DirCoast,HarvestHostvete,Fe2O3,Al2O3,DistCoast=Mid|DirCoast=Mid|HarvestHostvete=Mid|Fe2O3=Mid|Al2O3=Low,0,0975609756097561,0,024390243902439025,0,8780487804878049
SiO2,DistCoast,DirCoast,HarvestHostvete,Fe2O3,Al2O3,DistCoast=Mid|DirCoast=Low|HarvestHostvete=Mid|Fe2O3=Low|Al2O3=Low,0,0,1
SiO2,DistCoast,DirCoast,HarvestHostvete,Fe2O3,Al2O3,DistCoast=Low|DirCoast=Low|HarvestHostvete=High|Fe2O3=Low|Al2O3=Low,0,3333333333333333,0,0,6666666666666666
SiO2,DistCoast,DirCoast,HarvestHostvete,Fe2O3,Al2O3,DistCoast=Mid|DirCoast=High|HarvestHostvete=Mid|Fe2O3=High|Al2O3=Mid,0,4117647058823529,0,5882352941176471,0
SiO2,DistCoast,DirCoast,HarvestHostvete,Fe2O3,Al2O3,DistCoast=High|DirCoast=High|HarvestHostvete=Low|Fe2O3=Mid|Al2O3=Low,0,0,1
SiO2,DistCoast,DirCoast,HarvestHostvete,Fe2O3,Al2O3,DistCoast=High|DirCoast=Mid|HarvestHostvete=Mid|Fe2O3=Low|Al2O3=Low,0,0,1
SiO2,DistCoast,DirCoast,HarvestHostvete,Fe2O3,Al2O3,DistCoast=Low|DirCoast=Low|HarvestHostvete=High|Fe2O3=Mid|Al2O3=High,0,2,0,8,0
SiO2,DistCoast,DirCoast,HarvestHostvete,Fe2O3,Al2O3,DistCoast=Mid|DirCoast=Mid|HarvestHostvete=Missing|Fe2O3=Missing|Al2O3=Missing,0,0,0
SiO2,DistCoast,DirCoast,HarvestHostvete,Fe2O3,Al2O3,DistCoast=Low|DirCoast=Low|HarvestHostvete=Missing|Fe2O3=High|Al2O3=Mid,0,1,0
SiO2,DistCoast,DirCoast,HarvestHostvete,Fe2O3,Al2O3,DistCoast=High|DirCoast=Low|HarvestHostvete=Missing|Fe2O3=High|Al2O3=Low,0,0,5,0,5
SiO2,DistCoast,DirCoast,HarvestHostvete,Fe2O3,Al2O3,DistCoast=High|DirCoast=Low|HarvestHostvete=Missing|Fe2O3=Mid|Al2O3=Low,0,0,1
SiO2,DistCoast,DirCoast,HarvestHostvete,Fe2O3,Al2O3,DistCoast=High|DirCoast=Low|HarvestHostvete=Missing|Fe2O3=Mid|Al2O3=High,1,0,0
SiO2,DistCoast,DirCoast,HarvestHostvete,Fe2O3,Al2O3,DistCoast=Mid|DirCoast=High|HarvestHostvete=Mid|Fe2O3=Mid|Al2O3=Mid,0,6,0,4,0
SiO2,DistCoast,DirCoast,HarvestHostvete,Fe2O3,Al2O3,DistCoast=Low|DirCoast=High|HarvestHostvete=Missing|Fe2O3=Low|Al2O3=Low,0,16666666666666666,0,0,8333333333333334
SiO2,DistCoast,DirCoast,HarvestHostvete,Fe2O3,Al2O3,DistCoast=Mid|DirCoast=High|HarvestHostvete=High|Fe2O3=High|Al2O3=High,0,8333333333333334,0,16666666666666666,0
SiO2,DistCoast,DirCoast,HarvestHostvete,Fe2O3,Al2O3,DistCoast=Mid|DirCoast=Low|HarvestHostvete=High|Fe2O3=Low|Al2O3=High,0,3333333333333333,0,6666666666666666,0
SiO2,DistCoast,DirCoast,HarvestHostvete,Fe2O3,Al2O3,DistCoast=Mid|DirCoast=Mid|HarvestHostvete=High|Fe2O3=Mid|Al2O3=Mid,0,0,07317073170731707,0,926829268292683
SiO2,DistCoast,DirCoast,HarvestHostvete,Fe2O3,Al2O3,DistCoast=Mid|DirCoast=High|HarvestHostvete=High|Fe2O3=Mid|Al2O3=Mid,0,0,3333333333333333,0,6666666666666666
SiO2,DistCoast,DirCoast,HarvestHostvete,Fe2O3,Al2O3,DistCoast=High|DirCoast=High|HarvestHostvete=Low|Fe2O3=Mid|Al2O3=Mid,0,0,5714285714285714,0,42857142857142855
SiO2,DistCoast,DirCoast,HarvestHostvete,Fe2O3,Al2O3,DistCoast=High|DirCoast=Low|HarvestHostvete=Missing|Fe2O3=Missing|Al2O3=Missing,0,0,0
SiO2,DistCoast,DirCoast,HarvestHostvete,Fe2O3,Al2O3,DistCoast=Low|DirCoast=Mid|HarvestHostvete=Missing|Fe2O3=Low|Al2O3=Low,0,0,06976744186046512,0,9302325581395349
SiO2,DistCoast,DirCoast,HarvestHostvete,Fe2O3,Al2O3,DistCoast=Low|DirCoast=Low|HarvestHostvete=Missing|Fe2O3=Mid|Al2O3=Mid,0,06779661016949153,0,9152542372881356,0,01694915254237288
SiO2,DistCoast,DirCoast,HarvestHostvete,Fe2O3,Al2O3,DistCoast=Mid|DirCoast=Mid|HarvestHostvete=Missing|Fe2O3=High|Al2O3=High,1,0,0
SiO2,DistCoast,DirCoast,HarvestHostvete,Fe2O3,Al2O3,DistCoast=Mid|DirCoast=Low|HarvestHostvete=High|Fe2O3=High|Al2O3=Mid,0,375,0,625,0
SiO2,DistCoast,DirCoast,HarvestHostvete,Fe2O3,Al2O3,DistCoast=Mid|DirCoast=Low|HarvestHostvete=High|Fe2O3=High|Al2O3=High,0,7692307692307693,0,15384615384615385,0,07692307692307693
SiO2,DistCoast,DirCoast,HarvestHostvete,Fe2O3,Al2O3,DistCoast=Mid|DirCoast=High|HarvestHostvete=Low|Fe2O3=Mid|Al2O3=High,1,0,0
SiO2,DistCoast,DirCoast,HarvestHostvete,Fe2O3,Al2O3,DistCoast=Low|DirCoast=Low|HarvestHostvete=Low|Fe2O3=Mid|Al2O3=Mid,0,1,0
SiO2,DistCoast,DirCoast,HarvestHostvete,Fe2O3,Al2O3,DistCoast=Mid|DirCoast=Low|HarvestHostvete=Missing|Fe2O3=Low|Al2O3=High,0,6190476190476191,0,38095238095238093,0
SiO2,DistCoast,DirCoast,HarvestHostvete,Fe2O3,Al2O3,DistCoast=Low|DirCoast=Low|HarvestHostvete=High|Fe2O3=Mid|Al2O3=Mid,0,2,0,4,0,4
SiO2,DistCoast,DirCoast,HarvestHostvete,Fe2O3,Al2O3,DistCoast=Mid|DirCoast=Low|HarvestHostvete=Missing|Fe2O3=Missing|Al2O3=Missing,0,0,0
SiO2,DistCoast,DirCoast,HarvestHostvete,Fe2O3,Al2O3,DistCoast=Mid|DirCoast=Low|HarvestHostvete=High|Fe2O3=Low|Al2O3=Low,0,02040816326530612,0,08163265306122448,0,8979591836734694
SiO2,DistCoast,DirCoast,HarvestHostvete,Fe2O3,Al2O3,DistCoast=Low|DirCoast=Low|HarvestHostvete=Low|Fe2O3=High|Al2O3=Mid,1,0,0
SiO2,DistCoast,DirCoast,HarvestHostvete,Fe2O3,Al2O3,DistCoast=Mid|DirCoast=Low|HarvestHostvete=Missing|Fe2O3=Low|Al2O3=Mid,0,0,42857142857142855,0,5714285714285714
SiO2,DistCoast,DirCoast,HarvestHostvete,Fe2O3,Al2O3,DistCoast=Low|DirCoast=Mid|HarvestHostvete=Missing|Fe2O3=Mid|Al2O3=Mid,0,1,0
SiO2,DistCoast,DirCoast,HarvestHostvete,Fe2O3,Al2O3,DistCoast=High|DirCoast=Low|HarvestHostvete=Low|Fe2O3=Mid|Al2O3=Low,0,058823529411764705,0,5882352941176471,0,35294117647058826
SiO2,DistCoast,DirCoast,HarvestHostvete,Fe2O3,Al2O3,DistCoast=High|DirCoast=Low|HarvestHostvete=Low|Fe2O3=Mid|Al2O3=Mid,0,1,0
SiO2,DistCoast,DirCoast,HarvestHostvete,Fe2O3,Al2O3,DistCoast=Mid|DirCoast=Mid|HarvestHostvete=High|Fe2O3=High|Al2O3=High,0,96,0,04,0
SiO2,DistCoast,DirCoast,HarvestHostvete,Fe2O3,Al2O3,DistCoast=Low|DirCoast=Mid|HarvestHostvete=Missing|Fe2O3=Mid|Al2O3=Low,0,1,0
SiO2,DistCoast,DirCoast,HarvestHostvete,Fe2O3,Al2O3,DistCoast=Low|DirCoast=Low|HarvestHostvete=Missing|Fe2O3=Mid|Al2O3=High,0,6428571428571429,0,35714285714285715,0
SiO2,DistCoast,DirCoast,HarvestHostvete,Fe2O3,Al2O3,DistCoast=Mid|DirCoast=Low|HarvestHostvete=High|Fe2O3=Mid|Al2O3=High,0,1,0
SiO2,DistCoast,DirCoast,HarvestHostvete,Fe2O3,Al2O3,DistCoast=Low|DirCoast=Low|HarvestHostvete=High|Fe2O3=High|Al2O3=High,0,45454545454545453,0,5454545454545454,0
SiO2,DistCoast,DirCoast,HarvestHostvete,Fe2O3,Al2O3,DistCoast=High|DirCoast=High|HarvestHostvete=Missing|Fe2O3=Missing|Al2O3=Missing,0,0,0
SiO2,DistCoast,DirCoast,HarvestHostvete,Fe2O3,Al2O3,DistCoast=Low|DirCoast=High|HarvestHostvete=Low|Fe2O3=Mid|Al2O3=Mid,0,1,0
SiO2,DistCoast,DirCoast,HarvestHostvete,Fe2O3,Al2O3,DistCoast=Low|DirCoast=High|HarvestHostvete=High|Fe2O3=Mid|Al2O3=High,1,0,0
SiO2,DistCoast,DirCoast,HarvestHostvete,Fe2O3,Al2O3,DistCoast=Mid|DirCoast=Mid|HarvestHostvete=Missing|Fe2O3=Mid|Al2O3=High,0,8333333333333334,0,16666666666666666,0
SiO2,DistCoast,DirCoast,HarvestHostvete,Fe2O3,Al2O3,DistCoast=High|DirCoast=Mid|HarvestHostvete=Mid|Fe2O3=Mid|Al2O3=Low,0,1,0
SiO2,DistCoast,DirCoast,HarvestHostvete,Fe2O3,Al2O3,DistCoast=High|DirCoast=Mid|HarvestHostvete=Low|Fe2O3=High|Al2O3=High,1,0,0
SiO2,DistCoast,DirCoast,HarvestHostvete,Fe2O3,Al2O3,DistCoast=Low|DirCoast=High|HarvestHostvete=High|Fe2O3=Low|Al2O3=Low,0,5,0,0,5
SiO2,DistCoast,DirCoast,HarvestHostvete,Fe2O3,Al2O3,DistCoast=Low|DirCoast=Low|HarvestHostvete=High|Fe2O3=High|Al2O3=Low,0,2,0,4,0,4
SiO2,DistCoast,DirCoast,HarvestHostvete,Fe2O3,Al2O3,DistCoast=Low|DirCoast=Mid|HarvestHostvete=High|Fe2O3=High|Al2O3=High,0,42424242424242425,0,5757575757575758,0
SiO2,DistCoast,DirCoast,HarvestHostvete,Fe2O3,Al2O3,DistCoast=Low|DirCoast=High|HarvestHostvete=Low|Fe2O3=Low|Al2O3=Low,0,0,1
SiO2,DistCoast,DirCoast,HarvestHostvete,Fe2O3,Al2O3,DistCoast=Mid|DirCoast=Mid|HarvestHostvete=Low|Fe2O3=Mid|Al2O3=Low,0,0,5,0,5
SiO2,DistCoast,DirCoast,HarvestHostvete,Fe2O3,Al2O3,DistCoast=Low|DirCoast=Low|HarvestHostvete=Mid|Fe2O3=Mid|Al2O3=Low,0,0,5,0,5
SiO2,DistCoast,DirCoast,HarvestHostvete,Fe2O3,Al2O3,DistCoast=High|DirCoast=Low|HarvestHostvete=Mid|Fe2O3=Low|Al2O3=Low,0,0,025,0,975
SiO2,DistCoast,DirCoast,HarvestHostvete,Fe2O3,Al2O3,DistCoast=Low|DirCoast=Mid|HarvestHostvete=Mid|Fe2O3=Missing|Al2O3=Missing,0,0,0
SiO2,DistCoast,DirCoast,HarvestHostvete,Fe2O3,Al2O3,DistCoast=Mid|DirCoast=Low|HarvestHostvete=Missing|Fe2O3=High|Al2O3=High,1,0,0
SiO2,DistCoast,DirCoast,HarvestHostvete,Fe2O3,Al2O3,DistCoast=Low|DirCoast=High|HarvestHostvete=Missing|Fe2O3=High|Al2O3=High,1,0,0
SiO2,DistCoast,DirCoast,HarvestHostvete,Fe2O3,Al2O3,DistCoast=High|DirCoast=Low|HarvestHostvete=Mid|Fe2O3=Mid|Al2O3=High,1,0,0
SiO2,DistCoast,DirCoast,HarvestHostvete,Fe2O3,Al2O3,DistCoast=Mid|DirCoast=Mid|HarvestHostvete=Mid|Fe2O3=High|Al2O3=Mid,0,3333333333333333,0,6666666666666666,0
SiO2,DistCoast,DirCoast,HarvestHostvete,Fe2O3,Al2O3,DistCoast=Low|DirCoast=Low|HarvestHostvete=Missing|Fe2O3=High|Al2O3=Low,0,5,0,5,0
SiO2,DistCoast,DirCoast,HarvestHostvete,Fe2O3,Al2O3,DistCoast=Mid|DirCoast=High|HarvestHostvete=Mid|Fe2O3=Low|Al2O3=Mid,1,0,0
SiO2,DistCoast,DirCoast,HarvestHostvete,Fe2O3,Al2O3,DistCoast=Mid|DirCoast=Low|HarvestHostvete=High|Fe2O3=Mid|Al2O3=Mid,0,0,75,0,25
SiO2,DistCoast,DirCoast,HarvestHostvete,Fe2O3,Al2O3,DistCoast=Low|DirCoast=High|HarvestHostvete=Low|Fe2O3=High|Al2O3=Low,0,1,0
SiO2,DistCoast,DirCoast,HarvestHostvete,Fe2O3,Al2O3,DistCoast=Mid|DirCoast=Low|HarvestHostvete=High|Fe2O3=Low|Al2O3=Mid,0,1,0
SiO2,DistCoast,DirCoast,HarvestHostvete,Fe2O3,Al2O3,DistCoast=Low|DirCoast=High|HarvestHostvete=Low|Fe2O3=High|Al2O3=Mid,1,0,0
SiO2,DistCoast,DirCoast,HarvestHostvete,Fe2O3,Al2O3,DistCoast=High|DirCoast=Mid|HarvestHostvete=Mid|Fe2O3=Mid|Al2O3=Mid,0,008849557522123894,0,9911504424778761,0
SiO2,DistCoast,DirCoast,HarvestHostvete,Fe2O3,Al2O3,DistCoast=Low|DirCoast=Low|HarvestHostvete=Mid|Fe2O3=Missing|Al2O3=Missing,0,0,0
SiO2,DistCoast,DirCoast,HarvestHostvete,Fe2O3,Al2O3,DistCoast=Mid|DirCoast=Low|HarvestHostvete=Missing|Fe2O3=High|Al2O3=Mid,0,038461538461538464,0,9615384615384616,0
SiO2,DistCoast,DirCoast,HarvestHostvete,Fe2O3,Al2O3,DistCoast=High|DirCoast=Mid|HarvestHostvete=Mid|Fe2O3=Low|Al2O3=Mid,0,1,0
SiO2,DistCoast,DirCoast,HarvestHostvete,Fe2O3,Al2O3,DistCoast=Mid|DirCoast=High|HarvestHostvete=High|Fe2O3=Low|Al2O3=Low,0,0,1
SiO2,DistCoast,DirCoast,HarvestHostvete,Fe2O3,Al2O3,DistCoast=Low|DirCoast=High|HarvestHostvete=Missing|Fe2O3=Mid|Al2O3=High,0,6296296296296297,0,37037037037037035,0
SiO2,DistCoast,DirCoast,HarvestHostvete,Fe2O3,Al2O3,DistCoast=Mid|DirCoast=Mid|HarvestHostvete=High|Fe2O3=High|Al2O3=Low,0,0,1
SiO2,DistCoast,DirCoast,HarvestHostvete,Fe2O3,Al2O3,DistCoast=Low|DirCoast=High|HarvestHostvete=Missing|Fe2O3=Low|Al2O3=Mid,0,1,0
SiO2,DistCoast,DirCoast,HarvestHostvete,Fe2O3,Al2O3,DistCoast=High|DirCoast=High|HarvestHostvete=Low|Fe2O3=Low|Al2O3=Low,0,0,1
SiO2,DistCoast,DirCoast,HarvestHostvete,Fe2O3,Al2O3,DistCoast=High|DirCoast=Low|HarvestHostvete=Mid|Fe2O3=Mid|Al2O3=Low,0,0,1
SiO2,DistCoast,DirCoast,HarvestHostvete,Fe2O3,Al2O3,DistCoast=Mid|DirCoast=Mid|HarvestHostvete=Low|Fe2O3=High|Al2O3=High,1,0,0
SiO2,DistCoast,DirCoast,HarvestHostvete,Fe2O3,Al2O3,DistCoast=Mid|DirCoast=Mid|HarvestHostvete=Missing|Fe2O3=Mid|Al2O3=Low,0,2,0,8,0
SiO2,DistCoast,DirCoast,HarvestHostvete,Fe2O3,Al2O3,DistCoast=Mid|DirCoast=High|HarvestHostvete=Low|Fe2O3=Missing|Al2O3=Missing,0,0,0
SiO2,DistCoast,DirCoast,HarvestHostvete,Fe2O3,Al2O3,DistCoast=High|DirCoast=Low|HarvestHostvete=Mid|Fe2O3=High|Al2O3=Mid,0,5,0,5,0
SiO2,DistCoast,DirCoast,HarvestHostvete,Fe2O3,Al2O3,DistCoast=Low|DirCoast=Mid|HarvestHostvete=High|Fe2O3=High|Al2O3=Mid,0,1,0
SiO2,DistCoast,DirCoast,HarvestHostvete,Fe2O3,Al2O3,DistCoast=Mid|DirCoast=Low|HarvestHostvete=Missing|Fe2O3=Mid|Al2O3=High,0,7142857142857143,0,2857142857142857,0
SiO2,DistCoast,DirCoast,HarvestHostvete,Fe2O3,Al2O3,DistCoast=Low|DirCoast=Mid|HarvestHostvete=Low|Fe2O3=Missing|Al2O3=Missing,0,0,0
SiO2,DistCoast,DirCoast,HarvestHostvete,Fe2O3,Al2O3,DistCoast=Mid|DirCoast=Mid|HarvestHostvete=Missing|Fe2O3=Mid|Al2O3=Mid,0,1,0
SiO2,DistCoast,DirCoast,HarvestHostvete,Fe2O3,Al2O3,DistCoast=Mid|DirCoast=Mid|HarvestHostvete=Low|Fe2O3=Mid|Al2O3=Mid,0,2,0,8,0
SiO2,DistCoast,DirCoast,HarvestHostvete,Fe2O3,Al2O3,DistCoast=Low|DirCoast=High|HarvestHostvete=Missing|Fe2O3=Missing|Al2O3=Missing,0,0,0
SiO2,DistCoast,DirCoast,HarvestHostvete,Fe2O3,Al2O3,DistCoast=Mid|DirCoast=High|HarvestHostvete=High|Fe2O3=Mid|Al2O3=High,0,6666666666666666,0,3333333333333333,0
SiO2,DistCoast,DirCoast,HarvestHostvete,Fe2O3,Al2O3,DistCoast=High|DirCoast=High|HarvestHostvete=Mid|Fe2O3=Mid|Al2O3=High,1,0,0
SiO2,DistCoast,DirCoast,HarvestHostvete,Fe2O3,Al2O3,DistCoast=High|DirCoast=Mid|HarvestHostvete=Missing|Fe2O3=High|Al2O3=High,1,0,0
SiO2,DistCoast,DirCoast,HarvestHostvete,Fe2O3,Al2O3,DistCoast=Low|DirCoast=High|HarvestHostvete=High|Fe2O3=High|Al2O3=Low,0,02127659574468085,0,9787234042553191,0
SiO2,DistCoast,DirCoast,HarvestHostvete,Fe2O3,Al2O3,DistCoast=Mid|DirCoast=Low|HarvestHostvete=Low|Fe2O3=Low|Al2O3=High,0,1,0
SiO2,DistCoast,DirCoast,HarvestHostvete,Fe2O3,Al2O3,DistCoast=Mid|DirCoast=High|HarvestHostvete=Missing|Fe2O3=High|Al2O3=Low,1,0,0
SiO2,DistCoast,DirCoast,HarvestHostvete,Fe2O3,Al2O3,DistCoast=Low|DirCoast=Low|HarvestHostvete=Missing|Fe2O3=Low|Al2O3=High,1,0,0
SiO2,DistCoast,DirCoast,HarvestHostvete,Fe2O3,Al2O3,DistCoast=Mid|DirCoast=Mid|HarvestHostvete=High|Fe2O3=High|Al2O3=Mid,0,9,0,1,0
SiO2,DistCoast,DirCoast,HarvestHostvete,Fe2O3,Al2O3,DistCoast=Mid|DirCoast=High|HarvestHostvete=Missing|Fe2O3=Low|Al2O3=Mid,0,1,0
SiO2,DistCoast,DirCoast,HarvestHostvete,Fe2O3,Al2O3,DistCoast=High|DirCoast=Low|HarvestHostvete=Missing|Fe2O3=Mid|Al2O3=Mid,0,1,0
SiO2,DistCoast,DirCoast,HarvestHostvete,Fe2O3,Al2O3,DistCoast=High|DirCoast=Low|HarvestHostvete=Low|Fe2O3=High|Al2O3=High,0,0,36363636363636365,0,6363636363636364
SiO2,DistCoast,DirCoast,HarvestHostvete,Fe2O3,Al2O3,DistCoast=Mid|DirCoast=Mid|HarvestHostvete=Low|Fe2O3=Mid|Al2O3=High,1,0,0
SiO2,DistCoast,DirCoast,HarvestHostvete,Fe2O3,Al2O3,DistCoast=Low|DirCoast=Mid|HarvestHostvete=Missing|Fe2O3=High|Al2O3=High,1,0,0
SiO2,DistCoast,DirCoast,HarvestHostvete,Fe2O3,Al2O3,DistCoast=Low|DirCoast=Mid|HarvestHostvete=Missing|Fe2O3=Low|Al2O3=Mid,0,0,8571428571428571,0,14285714285714285
SiO2,DistCoast,DirCoast,HarvestHostvete,Fe2O3,Al2O3,DistCoast=Mid|DirCoast=Low|HarvestHostvete=Low|Fe2O3=Low|Al2O3=Low,0,0,1
SiO2,DistCoast,DirCoast,HarvestHostvete,Fe2O3,Al2O3,DistCoast=Low|DirCoast=Low|HarvestHostvete=High|Fe2O3=Mid|Al2O3=Low,0,1,0
SiO2,DistCoast,DirCoast,HarvestHostvete,Fe2O3,Al2O3,DistCoast=Low|DirCoast=Mid|HarvestHostvete=Missing|Fe2O3=High|Al2O3=Mid,0,1,0
SiO2,DistCoast,DirCoast,HarvestHostvete,Fe2O3,Al2O3,DistCoast=Mid|DirCoast=High|HarvestHostvete=High|Fe2O3=High|Al2O3=Mid,0,5,0,0,5
SiO2,DistCoast,DirCoast,HarvestHostvete,Fe2O3,Al2O3,DistCoast=High|DirCoast=High|HarvestHostvete=Mid|Fe2O3=Low|Al2O3=High,0,6666666666666666,0,3333333333333333,0
SiO2,DistCoast,DirCoast,HarvestHostvete,Fe2O3,Al2O3,DistCoast=Mid|DirCoast=Mid|HarvestHostvete=Mid|Fe2O3=Missing|Al2O3=Missing,0,0,0
SiO2,DistCoast,DirCoast,HarvestHostvete,Fe2O3,Al2O3,DistCoast=Mid|DirCoast=Mid|HarvestHostvete=High|Fe2O3=Mid|Al2O3=High,1,0,0
SiO2,DistCoast,DirCoast,HarvestHostvete,Fe2O3,Al2O3,DistCoast=Mid|DirCoast=Mid|HarvestHostvete=Low|Fe2O3=Low|Al2O3=Mid,1,0,0
SiO2,DistCoast,DirCoast,HarvestHostvete,Fe2O3,Al2O3,DistCoast=High|DirCoast=Mid|HarvestHostvete=Mid|Fe2O3=Missing|Al2O3=Missing,0,0,0
SiO2,DistCoast,DirCoast,HarvestHostvete,Fe2O3,Al2O3,DistCoast=Mid|DirCoast=High|HarvestHostvete=Missing|Fe2O3=Low|Al2O3=Low,0,0,1
SiO2,DistCoast,DirCoast,HarvestHostvete,Fe2O3,Al2O3,DistCoast=High|DirCoast=Mid|HarvestHostvete=Low|Fe2O3=Mid|Al2O3=Low,0,0,14285714285714285,0,8571428571428571
SiO2,DistCoast,DirCoast,HarvestHostvete,Fe2O3,Al2O3,DistCoast=Low|DirCoast=Mid|HarvestHostvete=High|Fe2O3=Mid|Al2O3=Low,0,5,0,5,0
SiO2,DistCoast,DirCoast,HarvestHostvete,Fe2O3,Al2O3,DistCoast=High|DirCoast=Mid|HarvestHostvete=Low|Fe2O3=Mid|Al2O3=High,1,0,0
SiO2,DistCoast,DirCoast,HarvestHostvete,Fe2O3,Al2O3,DistCoast=Mid|DirCoast=High|HarvestHostvete=Missing|Fe2O3=Mid|Al2O3=Mid,0,1,0
SiO2,DistCoast,DirCoast,HarvestHostvete,Fe2O3,Al2O3,DistCoast=High|DirCoast=High|HarvestHostvete=Low|Fe2O3=High|Al2O3=Low,0,0,5,0,5
SiO2,DistCoast,DirCoast,HarvestHostvete,Fe2O3,Al2O3,DistCoast=Low|DirCoast=Mid|HarvestHostvete=Low|Fe2O3=Mid|Al2O3=High,0,1,0
SiO2,DistCoast,DirCoast,HarvestHostvete,Fe2O3,Al2O3,DistCoast=Low|DirCoast=Mid|HarvestHostvete=Mid|Fe2O3=Mid|Al2O3=Mid,1,0,0
SiO2,DistCoast,DirCoast,HarvestHostvete,Fe2O3,Al2O3,DistCoast=Mid|DirCoast=Low|HarvestHostvete=High|Fe2O3=High|Al2O3=Low,0,0,6666666666666666,0,3333333333333333
SiO2,DistCoast,DirCoast,HarvestHostvete,Fe2O3,Al2O3,DistCoast=Low|DirCoast=High|HarvestHostvete=Missing|Fe2O3=Low|Al2O3=High,0,6666666666666666,0,3333333333333333,0
SiO2,DistCoast,DirCoast,HarvestHostvete,Fe2O3,Al2O3,DistCoast=Low|DirCoast=Mid|HarvestHostvete=High|Fe2O3=Low|Al2O3=High,0,5,0,0,5
SiO2,DistCoast,DirCoast,HarvestHostvete,Fe2O3,Al2O3,DistCoast=High|DirCoast=Mid|HarvestHostvete=Low|Fe2O3=Low|Al2O3=Low,0,0,1
SiO2,DistCoast,DirCoast,HarvestHostvete,Fe2O3,Al2O3,DistCoast=High|DirCoast=Mid|HarvestHostvete=Low|Fe2O3=Mid|Al2O3=Mid,1,0,0
SiO2,DistCoast,DirCoast,HarvestHostvete,Fe2O3,Al2O3,DistCoast=High|DirCoast=Mid|HarvestHostvete=Low|Fe2O3=Low|Al2O3=Mid,1,0,0
SiO2,DistCoast,DirCoast,HarvestHostvete,Fe2O3,Al2O3,DistCoast=Low|DirCoast=Mid|HarvestHostvete=High|Fe2O3=Low|Al2O3=Low,0,24,0,0,76
SiO2,DistCoast,DirCoast,HarvestHostvete,Fe2O3,Al2O3,DistCoast=High|DirCoast=Low|HarvestHostvete=Low|Fe2O3=High|Al2O3=Mid,1,0,0
SiO2,DistCoast,DirCoast,HarvestHostvete,Fe2O3,Al2O3,DistCoast=Low|DirCoast=Mid|HarvestHostvete=Mid|Fe2O3=High|Al2O3=Mid,1,0,0
SiO2,DistCoast,DirCoast,HarvestHostvete,Fe2O3,Al2O3,DistCoast=Low|DirCoast=High|HarvestHostvete=Low|Fe2O3=High|Al2O3=High,1,0,0
SiO2,DistCoast,DirCoast,HarvestHostvete,Fe2O3,Al2O3,DistCoast=Low|DirCoast=High|HarvestHostvete=Low|Fe2O3=Mid|Al2O3=Low,0,1,0
SiO2,DistCoast,DirCoast,HarvestHostvete,Fe2O3,Al2O3,DistCoast=High|DirCoast=Low|HarvestHostvete=Mid|Fe2O3=Low|Al2O3=Mid,0,1,0
SiO2,DistCoast,DirCoast,HarvestHostvete,Fe2O3,Al2O3,DistCoast=High|DirCoast=Low|HarvestHostvete=Mid|Fe2O3=High|Al2O3=High,1,0,0
SiO2,DistCoast,DirCoast,HarvestHostvete,Fe2O3,Al2O3,DistCoast=Low|DirCoast=High|HarvestHostvete=Low|Fe2O3=Mid|Al2O3=High,1,0,0
SiO2,DistCoast,DirCoast,HarvestHostvete,Fe2O3,Al2O3,DistCoast=Mid|DirCoast=Low|HarvestHostvete=Low|Fe2O3=High|Al2O3=Low,0,1,0
SiO2,DistCoast,DirCoast,HarvestHostvete,Fe2O3,Al2O3,DistCoast=Low|DirCoast=Mid|HarvestHostvete=Low|Fe2O3=Low|Al2O3=Mid,1,0,0
SiO2,DistCoast,DirCoast,HarvestHostvete,Fe2O3,Al2O3,DistCoast=Mid|DirCoast=High|HarvestHostvete=Low|Fe2O3=Low|Al2O3=Mid,0,0,1
SiO2,DistCoast,DirCoast,HarvestHostvete,Fe2O3,Al2O3,DistCoast=Low|DirCoast=High|HarvestHostvete=Low|Fe2O3=Low|Al2O3=High,1,0,0
SiO2,DistCoast,DirCoast,HarvestHostvete,Fe2O3,Al2O3,DistCoast=Mid|DirCoast=Mid|HarvestHostvete=Mid|Fe2O3=Mid|Al2O3=Mid,0,1,0
SiO2,DistCoast,DirCoast,HarvestHostvete,Fe2O3,Al2O3,DistCoast=Mid|DirCoast=Low|HarvestHostvete=Mid|Fe2O3=High|Al2O3=Low,0,0,1
SiO2,DistCoast,DirCoast,HarvestHostvete,Fe2O3,Al2O3,DistCoast=Low|DirCoast=Mid|HarvestHostvete=High|Fe2O3=Missing|Al2O3=Missing,0,0,0
SiO2,DistCoast,DirCoast,HarvestHostvete,Fe2O3,Al2O3,DistCoast=Mid|DirCoast=High|HarvestHostvete=High|Fe2O3=Mid|Al2O3=Low,0,0,1
SiO2,DistCoast,DirCoast,HarvestHostvete,Fe2O3,Al2O3,DistCoast=Mid|DirCoast=Mid|HarvestHostvete=Missing|Fe2O3=Low|Al2O3=High,0,1,0
SiO2,DistCoast,DirCoast,HarvestHostvete,Fe2O3,Al2O3,DistCoast=High|DirCoast=Low|HarvestHostvete=Low|Fe2O3=Low|Al2O3=High,0,25,0,75,0
SiO2,DistCoast,DirCoast,HarvestHostvete,Fe2O3,Al2O3,DistCoast=Mid|DirCoast=Mid|HarvestHostvete=High|Fe2O3=Low|Al2O3=High,0,1,0
SiO2,DistCoast,DirCoast,HarvestHostvete,Fe2O3,Al2O3,DistCoast=Low|DirCoast=Mid|HarvestHostvete=Low|Fe2O3=Mid|Al2O3=Low,0,0,1
SiO2,DistCoast,DirCoast,HarvestHostvete,Fe2O3,Al2O3,DistCoast=Low|DirCoast=Low|HarvestHostvete=Mid|Fe2O3=High|Al2O3=Mid,1,0,0
SiO2,DistCoast,DirCoast,HarvestHostvete,Fe2O3,Al2O3,DistCoast=High|DirCoast=Low|HarvestHostvete=Mid|Fe2O3=Mid|Al2O3=Mid,0,1,0
SiO2,DistCoast,DirCoast,HarvestHostvete,Fe2O3,Al2O3,DistCoast=Mid|DirCoast=Low|HarvestHostvete=Low|Fe2O3=Low|Al2O3=Mid,0,1,0
SiO2,DistCoast,DirCoast,HarvestHostvete,Fe2O3,Al2O3,DistCoast=High|DirCoast=Low|HarvestHostvete=Low|Fe2O3=High|Al2O3=Low,1,0,0
SiO2,DistCoast,DirCoast,HarvestHostvete,Fe2O3,Al2O3,DistCoast=Low|DirCoast=Mid|HarvestHostvete=Low|Fe2O3=High|Al2O3=Low,0,1,0
SiO2,DistCoast,DirCoast,HarvestHostvete,Fe2O3,Al2O3,DistCoast=Low|DirCoast=High|HarvestHostvete=Mid|Fe2O3=High|Al2O3=Mid,0,1,0
SiO2,DistCoast,DirCoast,HarvestHostvete,Fe2O3,Al2O3,DistCoast=Mid|DirCoast=Low|HarvestHostvete=Low|Fe2O3=Mid|Al2O3=Mid,0,1,0
SiO2,DistCoast,DirCoast,HarvestHostvete,Fe2O3,Al2O3,DistCoast=Low|DirCoast=Mid|HarvestHostvete=Low|Fe2O3=Low|Al2O3=High,1,0,0
SiO2,DistCoast,DirCoast,HarvestHostvete,Fe2O3,Al2O3,DistCoast=Low|DirCoast=Mid|HarvestHostvete=Low|Fe2O3=High|Al2O3=Mid,1,0,0
SiO2,DistCoast,DirCoast,HarvestHostvete,Fe2O3,Al2O3,DistCoast=Mid|DirCoast=High|HarvestHostvete=High|Fe2O3=Low|Al2O3=High,1,0,0
SiO2,DistCoast,DirCoast,HarvestHostvete,Fe2O3,Al2O3,DistCoast=Mid|DirCoast=High|HarvestHostvete=Low|Fe2O3=High|Al2O3=High,1,0,0
SiO2,DistCoast,DirCoast,HarvestHostvete,Fe2O3,Al2O3,DistCoast=Mid|DirCoast=Low|HarvestHostvete=Missing|Fe2O3=High|Al2O3=Low,1,0,0
SiO2,DistCoast,DirCoast,HarvestHostvete,Fe2O3,Al2O3,DistCoast=Mid|DirCoast=High|HarvestHostvete=Low|Fe2O3=Mid|Al2O3=Low,0,1,0
SiO2,DistCoast,DirCoast,HarvestHostvete,Fe2O3,Al2O3,DistCoast=Low|DirCoast=Low|HarvestHostvete=Mid|Fe2O3=Mid|Al2O3=High,1,0,0
SiO2,DistCoast,DirCoast,HarvestHostvete,Fe2O3,Al2O3,DistCoast=Low|DirCoast=High|HarvestHostvete=Missing|Fe2O3=Mid|Al2O3=Mid,0,1,0
SiO2,DistCoast,DirCoast,HarvestHostvete,Fe2O3,Al2O3,DistCoast=Mid|DirCoast=Mid|HarvestHostvete=Mid|Fe2O3=Mid|Al2O3=High,1,0,0
GlobalDensity,HarvestSlattervallTotal,NiPpm,CrPpm,Al2O3,HarvestSlattervallTotal=Low|NiPpm=Missing|CrPpm=Missing|Al2O3=Missing,0,12758620689655173,0,2,0,6724137931034483
GlobalDensity,HarvestSlattervallTotal,NiPpm,CrPpm,Al2O3,HarvestSlattervallTotal=High|NiPpm=Mid|CrPpm=Low|Al2O3=High,0,6,0,4,0
GlobalDensity,HarvestSlattervallTotal,NiPpm,CrPpm,Al2O3,HarvestSlattervallTotal=High|NiPpm=High|CrPpm=High|Al2O3=Mid,0,9826086956521739,0,017391304347826087,0
GlobalDensity,HarvestSlattervallTotal,NiPpm,CrPpm,Al2O3,HarvestSlattervallTotal=Mid|NiPpm=Low|CrPpm=Low|Al2O3=Low,0,0032258064516129032,0,7516129032258064,0,24516129032258063
GlobalDensity,HarvestSlattervallTotal,NiPpm,CrPpm,Al2O3,HarvestSlattervallTotal=Missing|NiPpm=High|CrPpm=High|Al2O3=High,0,08333333333333333,0,9166666666666666,0
GlobalDensity,HarvestSlattervallTotal,NiPpm,CrPpm,Al2O3,HarvestSlattervallTotal=Mid|NiPpm=Mid|CrPpm=High|Al2O3=Low,0,0,5,0,5
GlobalDensity,HarvestSlattervallTotal,NiPpm,CrPpm,Al2O3,HarvestSlattervallTotal=Mid|NiPpm=Mid|CrPpm=Mid|Al2O3=High,0,0,05825242718446602,0,941747572815534
GlobalDensity,HarvestSlattervallTotal,NiPpm,CrPpm,Al2O3,HarvestSlattervallTotal=Mid|NiPpm=High|CrPpm=High|Al2O3=Low,0,0,0136986301369863,0,9863013698630136
GlobalDensity,HarvestSlattervallTotal,NiPpm,CrPpm,Al2O3,HarvestSlattervallTotal=Mid|NiPpm=High|CrPpm=High|Al2O3=Mid,0,0,1
GlobalDensity,HarvestSlattervallTotal,NiPpm,CrPpm,Al2O3,HarvestSlattervallTotal=High|NiPpm=Low|CrPpm=Low|Al2O3=Low,0,1935483870967742,0,7983870967741935,0,008064516129032258
GlobalDensity,HarvestSlattervallTotal,NiPpm,CrPpm,Al2O3,HarvestSlattervallTotal=Mid|NiPpm=Missing|CrPpm=Missing|Al2O3=Missing,0,26865671641791045,0,4253731343283582,0,30597014925373134
GlobalDensity,HarvestSlattervallTotal,NiPpm,CrPpm,Al2O3,HarvestSlattervallTotal=Low|NiPpm=Low|CrPpm=Mid|Al2O3=Low,0,986013986013986,0,013986013986013986,0
GlobalDensity,HarvestSlattervallTotal,NiPpm,CrPpm,Al2O3,HarvestSlattervallTotal=Missing|NiPpm=Missing|CrPpm=Missing|Al2O3=Missing,0,08,0,92,0
GlobalDensity,HarvestSlattervallTotal,NiPpm,CrPpm,Al2O3,HarvestSlattervallTotal=High|NiPpm=Low|CrPpm=Low|Al2O3=High,0,2777777777777778,0,7222222222222222,0
GlobalDensity,HarvestSlattervallTotal,NiPpm,CrPpm,Al2O3,HarvestSlattervallTotal=Low|NiPpm=High|CrPpm=High|Al2O3=High,0,9935483870967742,0,0064516129032258064,0
GlobalDensity,HarvestSlattervallTotal,NiPpm,CrPpm,Al2O3,HarvestSlattervallTotal=High|NiPpm=Low|CrPpm=Mid|Al2O3=Low,0,6829268292682927,0,3170731707317073,0
GlobalDensity,HarvestSlattervallTotal,NiPpm,CrPpm,Al2O3,HarvestSlattervallTotal=Missing|NiPpm=Mid|CrPpm=Mid|Al2O3=Mid,0,14285714285714285,0,8571428571428571,0
GlobalDensity,HarvestSlattervallTotal,NiPpm,CrPpm,Al2O3,HarvestSlattervallTotal=Missing|NiPpm=Mid|CrPpm=Mid|Al2O3=High,0,1,0
GlobalDensity,HarvestSlattervallTotal,NiPpm,CrPpm,Al2O3,HarvestSlattervallTotal=Mid|NiPpm=High|CrPpm=Mid|Al2O3=High,0,0,7764705882352941,0,2235294117647059
GlobalDensity,HarvestSlattervallTotal,NiPpm,CrPpm,Al2O3,HarvestSlattervallTotal=Mid|NiPpm=High|CrPpm=High|Al2O3=High,0,0,9019607843137255,0,09803921568627451
GlobalDensity,HarvestSlattervallTotal,NiPpm,CrPpm,Al2O3,HarvestSlattervallTotal=Mid|NiPpm=Mid|CrPpm=Mid|Al2O3=Low,0,0,569620253164557,0,43037974683544306
GlobalDensity,HarvestSlattervallTotal,NiPpm,CrPpm,Al2O3,HarvestSlattervallTotal=Mid|NiPpm=Low|CrPpm=High|Al2O3=Low,0,1,0
GlobalDensity,HarvestSlattervallTotal,NiPpm,CrPpm,Al2O3,HarvestSlattervallTotal=Mid|NiPpm=Mid|CrPpm=Low|Al2O3=Low,0,0,3472222222222222,0,6527777777777778
GlobalDensity,HarvestSlattervallTotal,NiPpm,CrPpm,Al2O3,HarvestSlattervallTotal=Mid|NiPpm=Low|CrPpm=Low|Al2O3=High,0,0,7058823529411765,0,29411764705882354
GlobalDensity,HarvestSlattervallTotal,NiPpm,CrPpm,Al2O3,HarvestSlattervallTotal=Mid|NiPpm=Mid|CrPpm=Mid|Al2O3=Mid,0,0,02857142857142857,0,9714285714285714
GlobalDensity,HarvestSlattervallTotal,NiPpm,CrPpm,Al2O3,HarvestSlattervallTotal=Mid|NiPpm=Low|CrPpm=Mid|Al2O3=Low,0,0,5,0,5
GlobalDensity,HarvestSlattervallTotal,NiPpm,CrPpm,Al2O3,HarvestSlattervallTotal=High|NiPpm=Low|CrPpm=Low|Al2O3=Mid,0,17857142857142858,0,8214285714285714,0
GlobalDensity,HarvestSlattervallTotal,NiPpm,CrPpm,Al2O3,HarvestSlattervallTotal=High|NiPpm=High|CrPpm=Mid|Al2O3=High,0,37037037037037035,0,6296296296296297,0
GlobalDensity,HarvestSlattervallTotal,NiPpm,CrPpm,Al2O3,HarvestSlattervallTotal=Mid|NiPpm=High|CrPpm=Mid|Al2O3=Mid,0,0,06666666666666667,0,9333333333333333
GlobalDensity,HarvestSlattervallTotal,NiPpm,CrPpm,Al2O3,HarvestSlattervallTotal=Mid|NiPpm=High|CrPpm=Mid|Al2O3=Low,0,0,10526315789473684,0,8947368421052632
GlobalDensity,HarvestSlattervallTotal,NiPpm,CrPpm,Al2O3,HarvestSlattervallTotal=Mid|NiPpm=Mid|CrPpm=Low|Al2O3=High,0,0,4642857142857143,0,5357142857142857
GlobalDensity,HarvestSlattervallTotal,NiPpm,CrPpm,Al2O3,HarvestSlattervallTotal=Mid|NiPpm=Mid|CrPpm=Low|Al2O3=Mid,0,0,1
GlobalDensity,HarvestSlattervallTotal,NiPpm,CrPpm,Al2O3,HarvestSlattervallTotal=High|NiPpm=High|CrPpm=High|Al2O3=Low,1,0,0
GlobalDensity,HarvestSlattervallTotal,NiPpm,CrPpm,Al2O3,HarvestSlattervallTotal=Low|NiPpm=Low|CrPpm=Low|Al2O3=Low,0,37254901960784315,0,049019607843137254,0,5784313725490197
GlobalDensity,HarvestSlattervallTotal,NiPpm,CrPpm,Al2O3,HarvestSlattervallTotal=High|NiPpm=Mid|CrPpm=Mid|Al2O3=Mid,0,3684210526315789,0,631578947368421,0
GlobalDensity,HarvestSlattervallTotal,NiPpm,CrPpm,Al2O3,HarvestSlattervallTotal=Low|NiPpm=Mid|CrPpm=High|Al2O3=Low,1,0,0
GlobalDensity,HarvestSlattervallTotal,NiPpm,CrPpm,Al2O3,HarvestSlattervallTotal=Low|NiPpm=Low|CrPpm=High|Al2O3=Low,1,0,0
GlobalDensity,HarvestSlattervallTotal,NiPpm,CrPpm,Al2O3,HarvestSlattervallTotal=Low|NiPpm=Mid|CrPpm=High|Al2O3=Mid,1,0,0
GlobalDensity,HarvestSlattervallTotal,NiPpm,CrPpm,Al2O3,HarvestSlattervallTotal=Low|NiPpm=Mid|CrPpm=Mid|Al2O3=Low,0,9583333333333334,0,027777777777777776,0,013888888888888888
GlobalDensity,HarvestSlattervallTotal,NiPpm,CrPpm,Al2O3,HarvestSlattervallTotal=Missing|NiPpm=Low|CrPpm=Low|Al2O3=Low,0,030612244897959183,0,9693877551020408,0
GlobalDensity,HarvestSlattervallTotal,NiPpm,CrPpm,Al2O3,HarvestSlattervallTotal=Missing|NiPpm=Low|CrPpm=Low|Al2O3=Mid,0,08333333333333333,0,9166666666666666,0
GlobalDensity,HarvestSlattervallTotal,NiPpm,CrPpm,Al2O3,HarvestSlattervallTotal=High|NiPpm=Missing|CrPpm=Missing|Al2O3=Missing,0,07692307692307693,0,9230769230769231,0
GlobalDensity,HarvestSlattervallTotal,NiPpm,CrPpm,Al2O3,HarvestSlattervallTotal=Low|NiPpm=Mid|CrPpm=Mid|Al2O3=Mid,0,8947368421052632,0,02631578947368421,0,07894736842105263
GlobalDensity,HarvestSlattervallTotal,NiPpm,CrPpm,Al2O3,HarvestSlattervallTotal=Low|NiPpm=Mid|CrPpm=Low|Al2O3=Low,0,8333333333333334,0,08333333333333333,0,08333333333333333
GlobalDensity,HarvestSlattervallTotal,NiPpm,CrPpm,Al2O3,HarvestSlattervallTotal=Low|NiPpm=High|CrPpm=High|Al2O3=Mid,0,9746835443037974,0,012658227848101266,0,012658227848101266
GlobalDensity,HarvestSlattervallTotal,NiPpm,CrPpm,Al2O3,HarvestSlattervallTotal=High|NiPpm=Mid|CrPpm=Mid|Al2O3=High,0,5238095238095238,0,47619047619047616,0
GlobalDensity,HarvestSlattervallTotal,NiPpm,CrPpm,Al2O3,HarvestSlattervallTotal=High|NiPpm=Mid|CrPpm=Low|Al2O3=Mid,0,3333333333333333,0,6666666666666666,0
GlobalDensity,HarvestSlattervallTotal,NiPpm,CrPpm,Al2O3,HarvestSlattervallTotal=High|NiPpm=Mid|CrPpm=High|Al2O3=Mid,1,0,0
GlobalDensity,HarvestSlattervallTotal,NiPpm,CrPpm,Al2O3,HarvestSlattervallTotal=Missing|NiPpm=Mid|CrPpm=Mid|Al2O3=Low,0,2222222222222222,0,7777777777777778,0
GlobalDensity,HarvestSlattervallTotal,NiPpm,CrPpm,Al2O3,HarvestSlattervallTotal=Mid|NiPpm=Low|CrPpm=Mid|Al2O3=Mid,0,0,0625,0,9375
GlobalDensity,HarvestSlattervallTotal,NiPpm,CrPpm,Al2O3,HarvestSlattervallTotal=Missing|NiPpm=Low|CrPpm=Mid|Al2O3=Low,0,0,9230769230769231,0,07692307692307693
GlobalDensity,HarvestSlattervallTotal,NiPpm,CrPpm,Al2O3,HarvestSlattervallTotal=Low|NiPpm=High|CrPpm=Mid|Al2O3=Mid,0,8461538461538461,0,15384615384615385,0
GlobalDensity,HarvestSlattervallTotal,NiPpm,CrPpm,Al2O3,HarvestSlattervallTotal=High|NiPpm=High|CrPpm=High|Al2O3=High,0,8157894736842105,0,18421052631578946,0
GlobalDensity,HarvestSlattervallTotal,NiPpm,CrPpm,Al2O3,HarvestSlattervallTotal=Missing|NiPpm=Mid|CrPpm=Low|Al2O3=High,0,1,0
GlobalDensity,HarvestSlattervallTotal,NiPpm,CrPpm,Al2O3,HarvestSlattervallTotal=High|NiPpm=Low|CrPpm=Mid|Al2O3=Mid,1,0,0
GlobalDensity,HarvestSlattervallTotal,NiPpm,CrPpm,Al2O3,HarvestSlattervallTotal=Low|NiPpm=Mid|CrPpm=Mid|Al2O3=High,0,8181818181818182,0,0,18181818181818182
GlobalDensity,HarvestSlattervallTotal,NiPpm,CrPpm,Al2O3,HarvestSlattervallTotal=High|NiPpm=Mid|CrPpm=Mid|Al2O3=Low,0,6111111111111112,0,3888888888888889,0
GlobalDensity,HarvestSlattervallTotal,NiPpm,CrPpm,Al2O3,HarvestSlattervallTotal=Low|NiPpm=Low|CrPpm=Mid|Al2O3=Mid,1,0,0
GlobalDensity,HarvestSlattervallTotal,NiPpm,CrPpm,Al2O3,HarvestSlattervallTotal=Missing|NiPpm=High|CrPpm=Mid|Al2O3=Low,0,1,0
GlobalDensity,HarvestSlattervallTotal,NiPpm,CrPpm,Al2O3,HarvestSlattervallTotal=Missing|NiPpm=High|CrPpm=High|Al2O3=Mid,0,1,0
GlobalDensity,HarvestSlattervallTotal,NiPpm,CrPpm,Al2O3,HarvestSlattervallTotal=High|NiPpm=High|CrPpm=Mid|Al2O3=Mid,1,0,0
GlobalDensity,HarvestSlattervallTotal,NiPpm,CrPpm,Al2O3,HarvestSlattervallTotal=Missing|NiPpm=Low|CrPpm=Mid|Al2O3=Mid,0,125,0,875,0
GlobalDensity,HarvestSlattervallTotal,NiPpm,CrPpm,Al2O3,HarvestSlattervallTotal=Low|NiPpm=High|CrPpm=Mid|Al2O3=High,1,0,0
GlobalDensity,HarvestSlattervallTotal,NiPpm,CrPpm,Al2O3,HarvestSlattervallTotal=High|NiPpm=Low|CrPpm=Mid|Al2O3=High,0,2,0,8,0
GlobalDensity,HarvestSlattervallTotal,NiPpm,CrPpm,Al2O3,HarvestSlattervallTotal=High|NiPpm=Mid|CrPpm=High|Al2O3=High,0,2608695652173913,0,7391304347826086,0
GlobalDensity,HarvestSlattervallTotal,NiPpm,CrPpm,Al2O3,HarvestSlattervallTotal=Missing|NiPpm=Low|CrPpm=Low|Al2O3=High,0,16666666666666666,0,8333333333333334,0
GlobalDensity,HarvestSlattervallTotal,NiPpm,CrPpm,Al2O3,HarvestSlattervallTotal=Low|NiPpm=High|CrPpm=High|Al2O3=Low,0,9230769230769231,0,07692307692307693,0
GlobalDensity,HarvestSlattervallTotal,NiPpm,CrPpm,Al2O3,HarvestSlattervallTotal=High|NiPpm=Mid|CrPpm=High|Al2O3=Low,1,0,0
GlobalDensity,HarvestSlattervallTotal,NiPpm,CrPpm,Al2O3,HarvestSlattervallTotal=Low|NiPpm=Mid|CrPpm=High|Al2O3=High,1,0,0
GlobalDensity,HarvestSlattervallTotal,NiPpm,CrPpm,Al2O3,HarvestSlattervallTotal=Mid|NiPpm=Low|CrPpm=Mid|Al2O3=High,0,0,1
GlobalDensity,HarvestSlattervallTotal,NiPpm,CrPpm,Al2O3,HarvestSlattervallTotal=Low|NiPpm=High|CrPpm=Mid|Al2O3=Low,0,6,0,0,4
GlobalDensity,HarvestSlattervallTotal,NiPpm,CrPpm,Al2O3,HarvestSlattervallTotal=Missing|NiPpm=Mid|CrPpm=High|Al2O3=Mid,1,0,0
GlobalDensity,HarvestSlattervallTotal,NiPpm,CrPpm,Al2O3,HarvestSlattervallTotal=Missing|NiPpm=Mid|CrPpm=High|Al2O3=Low,0,3333333333333333,0,6666666666666666,0
GlobalDensity,HarvestSlattervallTotal,NiPpm,CrPpm,Al2O3,HarvestSlattervallTotal=Mid|NiPpm=Low|CrPpm=Low|Al2O3=Mid,0,0,06451612903225806,0,9354838709677419
GlobalDensity,HarvestSlattervallTotal,NiPpm,CrPpm,Al2O3,HarvestSlattervallTotal=Mid|NiPpm=Mid|CrPpm=High|Al2O3=High,0,1,0
GlobalDensity,HarvestSlattervallTotal,NiPpm,CrPpm,Al2O3,HarvestSlattervallTotal=Low|NiPpm=Low|CrPpm=Low|Al2O3=Mid,0,5,0,5,0
GlobalDensity,HarvestSlattervallTotal,NiPpm,CrPpm,Al2O3,HarvestSlattervallTotal=Low|NiPpm=Mid|CrPpm=Low|Al2O3=Mid,0,5,0,0,5
GlobalDensity,HarvestSlattervallTotal,NiPpm,CrPpm,Al2O3,HarvestSlattervallTotal=Mid|NiPpm=Mid|CrPpm=High|Al2O3=Mid,0,1,0
GlobalDensity,HarvestSlattervallTotal,NiPpm,CrPpm,Al2O3,HarvestSlattervallTotal=High|NiPpm=Mid|CrPpm=Low|Al2O3=Low,0,3333333333333333,0,6666666666666666,0
GlobalDensity,HarvestSlattervallTotal,NiPpm,CrPpm,Al2O3,HarvestSlattervallTotal=Mid|NiPpm=High|CrPpm=Low|Al2O3=Mid,0,0,1
GlobalDensity,HarvestSlattervallTotal,NiPpm,CrPpm,Al2O3,HarvestSlattervallTotal=Missing|NiPpm=Mid|CrPpm=Low|Al2O3=Low,1,0,0
