Variable,Parents,ParentConfig,Low,Mid,High
Temperature,,(no-parents),0,3326481031582882,0,3662399551485704,0,3011119416931415
Humidity,Temperature,Temperature=High,0,7958107059736229,0,19239720713731576,0,011792086889061288
Humidity,Temperature,Temperature=Mid,0,2747799464217375,0,4700854700854701,0,25513458349279244
Humidity,Temperature,Temperature=Low,0,007303370786516854,0,2747191011235955,0,7179775280898877
DistCoast,Temperature,Humidity,HarvestHostvete,HarvestSlattervallTotal,Temperature=High|Humidity=Low|HarvestHostvete=Low|HarvestSlattervallTotal=Low,0,024350649350649352,0,011363636363636364,0,9642857142857143
DistCoast,Temperature,Humidity,HarvestHostvete,HarvestSlattervallTotal,Temperature=High|Humidity=Low|HarvestHostvete=Mid|HarvestSlattervallTotal=Mid,0,2803532008830022,0,6136865342163356,0,10596026490066225
DistCoast,Temperature,Humidity,HarvestHostvete,HarvestSlattervallTotal,Temperature=High|Humidity=Mid|HarvestHostvete=Mid|HarvestSlattervallTotal=Mid,0,40652173913043477,0,5826086956521739,0,010869565217391304
DistCoast,Temperature,Humidity,HarvestHostvete,HarvestSlattervallTotal,Temperature=Mid|Humidity=Mid|HarvestHostvete=Missing|HarvestSlattervallTotal=Low,0,4492753623188406,0,36231884057971014,0,18840579710144928
DistCoast,Temperature,Humidity,HarvestHostvete,HarvestSlattervallTotal,Temperature=Mid|Humidity=Mid|HarvestHostvete=Low|HarvestSlattervallTotal=Low,0,08082975679542204,0,1838340486409156,0,7353361945636624
DistCoast,Temperature,Humidity,HarvestHostvete,HarvestSlattervallTotal,Temperature=High|Humidity=Low|HarvestHostvete=High|HarvestSlattervallTotal=High,0,3801717408274785,0,4098360655737705,0,209992193598751
DistCoast,Temperature,Humidity,HarvestHostvete,HarvestSlattervallTotal,Temperature=High|Humidity=Mid|HarvestHostvete=Low|HarvestSlattervallTotal=Low,0,1530398322851153,0,570230607966457,0,27672955974842767
DistCoast,Temperature,Humidity,HarvestHostvete,HarvestSlattervallTotal,Temperature=High|Humidity=Low|HarvestHostvete=Low|HarvestSlattervallTotal=Missing,0,0,1
DistCoast,Temperature,Humidity,HarvestHostvete,HarvestSlattervallTotal,Temperature=High|Humidity=Low|HarvestHostvete=Mid|HarvestSlattervallTotal=Missing,0,8167539267015707,0,18324607329842932,0
DistCoast,Temperature,Humidity,HarvestHostvete,HarvestSlattervallTotal,Temperature=High|Humidity=Low|HarvestHostvete=Mid|HarvestSlattervallTotal=High,0,4666666666666667,0,41333333333333333,0,12
DistCoast,Temperature,Humidity,HarvestHostvete,HarvestSlattervallTotal,Temperature=High|Humidity=Low|HarvestHostvete=Missing|HarvestSlattervallTotal=Low,0,5555555555555556,0,32098765432098764,0,12345679012345678
DistCoast,Temperature,Humidity,HarvestHostvete,HarvestSlattervallTotal,Temperature=High|Humidity=High|HarvestHostvete=Mid|HarvestSlattervallTotal=Mid,0,8260869565217391,0,17391304347826086,0
DistCoast,Temperature,Humidity,HarvestHostvete,HarvestSlattervallTotal,Temperature=Mid|Humidity=Mid|HarvestHostvete=Low|HarvestSlattervallTotal=High,0,4,0,6,0
DistCoast,Temperature,Humidity,HarvestHostvete,HarvestSlattervallTotal,Temperature=Mid|Humidity=High|HarvestHostvete=Low|HarvestSlattervallTotal=Low,0,6578947368421053,0,3157894736842105,0,02631578947368421
DistCoast,Temperature,Humidity,HarvestHostvete,HarvestSlattervallTotal,Temperature=High|Humidity=Low|HarvestHostvete=Mid|HarvestSlattervallTotal=Low,0,5627376425855514,0,22433460076045628,0,21292775665399238
DistCoast,Temperature,Humidity,HarvestHostvete,HarvestSlattervallTotal,Temperature=Mid|Humidity=Mid|HarvestHostvete=Mid|HarvestSlattervallTotal=Mid,0,5073649754500819,0,47299509001636664,0,019639934533551555
DistCoast,Temperature,Humidity,HarvestHostvete,HarvestSlattervallTotal,Temperature=Mid|Humidity=High|HarvestHostvete=Missing|HarvestSlattervallTotal=Low,0,8947368421052632,0,05263157894736842,0,05263157894736842
DistCoast,Temperature,Humidity,HarvestHostvete,HarvestSlattervallTotal,Temperature=Mid|Humidity=High|HarvestHostvete=Low|HarvestSlattervallTotal=High,0,7563451776649747,0,2436548223350254,0
DistCoast,Temperature,Humidity,HarvestHostvete,HarvestSlattervallTotal,Temperature=High|Humidity=Mid|HarvestHostvete=Low|HarvestSlattervallTotal=High,0,75,0,25,0
DistCoast,Temperature,Humidity,HarvestHostvete,HarvestSlattervallTotal,Temperature=High|Humidity=Low|HarvestHostvete=Missing|HarvestSlattervallTotal=Missing,0,08333333333333333,0,06944444444444445,0,8472222222222222
DistCoast,Temperature,Humidity,HarvestHostvete,HarvestSlattervallTotal,Temperature=High|Humidity=High|HarvestHostvete=Missing|HarvestSlattervallTotal=Low,0,35714285714285715,0,5,0,14285714285714285
DistCoast,Temperature,Humidity,HarvestHostvete,HarvestSlattervallTotal,Temperature=High|Humidity=High|HarvestHostvete=Low|HarvestSlattervallTotal=High,1,0,0
DistCoast,Temperature,Humidity,HarvestHostvete,HarvestSlattervallTotal,Temperature=Low|Humidity=Mid|HarvestHostvete=Missing|HarvestSlattervallTotal=Low,0,3238095238095238,0,38095238095238093,0,29523809523809524
DistCoast,Temperature,Humidity,HarvestHostvete,HarvestSlattervallTotal,Temperature=Mid|Humidity=High|HarvestHostvete=Mid|HarvestSlattervallTotal=Mid,0,5416171224732461,0,4470868014268728,0,011296076099881093
DistCoast,Temperature,Humidity,HarvestHostvete,HarvestSlattervallTotal,Temperature=High|Humidity=High|HarvestHostvete=High|HarvestSlattervallTotal=High,1,0,0
DistCoast,Temperature,Humidity,HarvestHostvete,HarvestSlattervallTotal,Temperature=High|Humidity=Mid|HarvestHostvete=High|HarvestSlattervallTotal=High,0,49740932642487046,0,34196891191709844,0,16062176165803108
DistCoast,Temperature,Humidity,HarvestHostvete,HarvestSlattervallTotal,Temperature=Low|Humidity=High|HarvestHostvete=Mid|HarvestSlattervallTotal=Mid,0,4963350785340314,0,4816753926701571,0,02198952879581152
DistCoast,Temperature,Humidity,HarvestHostvete,HarvestSlattervallTotal,Temperature=Low|Humidity=High|HarvestHostvete=Low|HarvestSlattervallTotal=Low,0,16381304951411382,0,32577510411846367,0,5104118463674225
DistCoast,Temperature,Humidity,HarvestHostvete,HarvestSlattervallTotal,Temperature=Mid|Humidity=Mid|HarvestHostvete=Missing|HarvestSlattervallTotal=Missing,0,046511627906976744,0,023255813953488372,0,9302325581395349
DistCoast,Temperature,Humidity,HarvestHostvete,HarvestSlattervallTotal,Temperature=High|Humidity=Mid|HarvestHostvete=Missing|HarvestSlattervallTotal=Missing,0,6666666666666666,0,0,3333333333333333
DistCoast,Temperature,Humidity,HarvestHostvete,HarvestSlattervallTotal,Temperature=High|Humidity=Mid|HarvestHostvete=Missing|HarvestSlattervallTotal=Low,0,40625,0,5625,0,03125
DistCoast,Temperature,Humidity,HarvestHostvete,HarvestSlattervallTotal,Temperature=High|Humidity=Mid|HarvestHostvete=Mid|HarvestSlattervallTotal=Low,0,2631578947368421,0,10526315789473684,0,631578947368421
DistCoast,Temperature,Humidity,HarvestHostvete,HarvestSlattervallTotal,Temperature=Mid|Humidity=Mid|HarvestHostvete=Mid|HarvestSlattervallTotal=Low,0,3302325581395349,0,18604651162790697,0,48372093023255813
DistCoast,Temperature,Humidity,HarvestHostvete,HarvestSlattervallTotal,Temperature=Mid|Humidity=High|HarvestHostvete=Missing|HarvestSlattervallTotal=Missing,0,38461538461538464,0,07692307692307693,0,5384615384615384
DistCoast,Temperature,Humidity,HarvestHostvete,HarvestSlattervallTotal,Temperature=Low|Humidity=High|HarvestHostvete=Missing|HarvestSlattervallTotal=Low,0,337696335078534,0,22774869109947643,0,43455497382198954
DistCoast,Temperature,Humidity,HarvestHostvete,HarvestSlattervallTotal,Temperature=Mid|Humidity=Low|HarvestHostvete=Missing|HarvestSlattervallTotal=Low,0,2714285714285714,0,4857142857142857,0,24285714285714285
DistCoast,Temperature,Humidity,HarvestHostvete,HarvestSlattervallTotal,Temperature=High|Humidity=High|HarvestHostvete=Mid|HarvestSlattervallTotal=Missing,0,6,0,4,0
DistCoast,Temperature,Humidity,HarvestHostvete,HarvestSlattervallTotal,Temperature=Low|Humidity=High|HarvestHostvete=Missing|HarvestSlattervallTotal=Missing,0,410958904109589,0,0273972602739726,0,5616438356164384
DistCoast,Temperature,Humidity,HarvestHostvete,HarvestSlattervallTotal,Temperature=Mid|Humidity=Low|HarvestHostvete=Low|HarvestSlattervallTotal=Low,0,08008658008658008,0,045454545454545456,0,8744588744588745
DistCoast,Temperature,Humidity,HarvestHostvete,HarvestSlattervallTotal,Temperature=High|Humidity=High|HarvestHostvete=Low|HarvestSlattervallTotal=Low,0,0,3333333333333333,0,6666666666666666
DistCoast,Temperature,Humidity,HarvestHostvete,HarvestSlattervallTotal,Temperature=Low|Humidity=Mid|HarvestHostvete=Mid|HarvestSlattervallTotal=Low,0,0,024390243902439025,0,975609756097561
DistCoast,Temperature,Humidity,HarvestHostvete,HarvestSlattervallTotal,Temperature=High|Humidity=Mid|HarvestHostvete=Mid|HarvestSlattervallTotal=Missing,0,5263157894736842,0,47368421052631576,0
DistCoast,Temperature,Humidity,HarvestHostvete,HarvestSlattervallTotal,Temperature=Low|Humidity=Mid|HarvestHostvete=Low|HarvestSlattervallTotal=Low,0,01988862370723946,0,11296738265712013,0,8671439936356404
DistCoast,Temperature,Humidity,HarvestHostvete,HarvestSlattervallTotal,Temperature=Low|Humidity=High|HarvestHostvete=Low|HarvestSlattervallTotal=High,0,6657458563535912,0,3342541436464088,0
DistCoast,Temperature,Humidity,HarvestHostvete,HarvestSlattervallTotal,Temperature=High|Humidity=Mid|HarvestHostvete=Mid|HarvestSlattervallTotal=High,0,7272727272727273,0,2727272727272727,0
DistCoast,Temperature,Humidity,HarvestHostvete,HarvestSlattervallTotal,Temperature=Mid|Humidity=Low|HarvestHostvete=Mid|HarvestSlattervallTotal=Missing,0,7894736842105263,0,21052631578947367,0
DistCoast,Temperature,Humidity,HarvestHostvete,HarvestSlattervallTotal,Temperature=Low|Humidity=Mid|HarvestHostvete=Mid|HarvestSlattervallTotal=Mid,0,1388888888888889,0,6166666666666667,0,24444444444444444
DistCoast,Temperature,Humidity,HarvestHostvete,HarvestSlattervallTotal,Temperature=High|Humidity=Mid|HarvestHostvete=Low|HarvestSlattervallTotal=Missing,0,0,1
DistCoast,Temperature,Humidity,HarvestHostvete,HarvestSlattervallTotal,Temperature=Mid|Humidity=Low|HarvestHostvete=Missing|HarvestSlattervallTotal=Missing,0,4,0,3,0,3
DistCoast,Temperature,Humidity,HarvestHostvete,HarvestSlattervallTotal,Temperature=Mid|Humidity=Low|HarvestHostvete=Mid|HarvestSlattervallTotal=Mid,0,6666666666666666,0,3333333333333333,0
DistCoast,Temperature,Humidity,HarvestHostvete,HarvestSlattervallTotal,Temperature=Mid|Humidity=Low|HarvestHostvete=Mid|HarvestSlattervallTotal=Low,0,5363636363636364,0,33636363636363636,0,12727272727272726
DistCoast,Temperature,Humidity,HarvestHostvete,HarvestSlattervallTotal,Temperature=Low|Humidity=Mid|HarvestHostvete=Missing|HarvestSlattervallTotal=Missing,0,03333333333333333,0,06666666666666667,0,9
DistCoast,Temperature,Humidity,HarvestHostvete,HarvestSlattervallTotal,Temperature=Mid|Humidity=Mid|HarvestHostvete=Mid|HarvestSlattervallTotal=Missing,0,8255813953488372,0,1744186046511628,0
DistCoast,Temperature,Humidity,HarvestHostvete,HarvestSlattervallTotal,Temperature=Low|Humidity=High|HarvestHostvete=Mid|HarvestSlattervallTotal=High,1,0,0
DistCoast,Temperature,Humidity,HarvestHostvete,HarvestSlattervallTotal,Temperature=Mid|Humidity=Mid|HarvestHostvete=Low|HarvestSlattervallTotal=Missing,0,0,1
DistCoast,Temperature,Humidity,HarvestHostvete,HarvestSlattervallTotal,Temperature=Low|Humidity=High|HarvestHostvete=Mid|HarvestSlattervallTotal=Low,0,02702702702702703,0,0,972972972972973
DistCoast,Temperature,Humidity,HarvestHostvete,HarvestSlattervallTotal,Temperature=Mid|Humidity=Low|HarvestHostvete=Low|HarvestSlattervallTotal=Missing,0,0,1
DistCoast,Temperature,Humidity,HarvestHostvete,HarvestSlattervallTotal,Temperature=Low|Humidity=Mid|HarvestHostvete=Mid|HarvestSlattervallTotal=Missing,0,56,0,44,0
DistCoast,Temperature,Humidity,HarvestHostvete,HarvestSlattervallTotal,Temperature=Mid|Humidity=Mid|HarvestHostvete=Mid|HarvestSlattervallTotal=High,0,18571428571428572,0,6714285714285714,0,14285714285714285
DistCoast,Temperature,Humidity,HarvestHostvete,HarvestSlattervallTotal,Temperature=Mid|Humidity=Low|HarvestHostvete=Mid|HarvestSlattervallTotal=High,0,25,0,6785714285714286,0,07142857142857142
DistCoast,Temperature,Humidity,HarvestHostvete,HarvestSlattervallTotal,Temperature=Mid|Humidity=Mid|HarvestHostvete=High|HarvestSlattervallTotal=High,0,4,0,3114754098360656,0,28852459016393445
DistCoast,Temperature,Humidity,HarvestHostvete,HarvestSlattervallTotal,Temperature=Low|Humidity=Low|HarvestHostvete=Mid|HarvestSlattervallTotal=High,0,0,6666666666666666,0,3333333333333333
DistCoast,Temperature,Humidity,HarvestHostvete,HarvestSlattervallTotal,Temperature=Mid|Humidity=Low|HarvestHostvete=High|HarvestSlattervallTotal=High,0,44497991967871486,0,4650602409638554,0,08995983935742972
DistCoast,Temperature,Humidity,HarvestHostvete,HarvestSlattervallTotal,Temperature=Low|Humidity=Mid|HarvestHostvete=Mid|HarvestSlattervallTotal=High,0,2894736842105263,0,47368421052631576,0,23684210526315788
DistCoast,Temperature,Humidity,HarvestHostvete,HarvestSlattervallTotal,Temperature=Mid|Humidity=High|HarvestHostvete=Low|HarvestSlattervallTotal=Missing,0,0,1
DistCoast,Temperature,Humidity,HarvestHostvete,HarvestSlattervallTotal,Temperature=Low|Humidity=Low|HarvestHostvete=Low|HarvestSlattervallTotal=Low,0,0,23809523809523808,0,7619047619047619
DistCoast,Temperature,Humidity,HarvestHostvete,HarvestSlattervallTotal,Temperature=Mid|Humidity=High|HarvestHostvete=Mid|HarvestSlattervallTotal=High,1,0,0
DistCoast,Temperature,Humidity,HarvestHostvete,HarvestSlattervallTotal,Temperature=Mid|Humidity=High|HarvestHostvete=Mid|HarvestSlattervallTotal=Missing,0,6,0,4,0
DistCoast,Temperature,Humidity,HarvestHostvete,HarvestSlattervallTotal,Temperature=Low|Humidity=Low|HarvestHostvete=Mid|HarvestSlattervallTotal=Low,0,0,1
DistCoast,Temperature,Humidity,HarvestHostvete,HarvestSlattervallTotal,Temperature=Low|Humidity=High|HarvestHostvete=Mid|HarvestSlattervallTotal=Missing,0,85,0,15,0
DistCoast,Temperature,Humidity,HarvestHostvete,HarvestSlattervallTotal,Temperature=High|Humidity=High|HarvestHostvete=Mid|HarvestSlattervallTotal=High,1,0,0
DistCoast,Temperature,Humidity,HarvestHostvete,HarvestSlattervallTotal,Temperature=Low|Humidity=Mid|HarvestHostvete=High|HarvestSlattervallTotal=High,0,8728813559322034,0,1271186440677966,0
DistCoast,Temperature,Humidity,HarvestHostvete,HarvestSlattervallTotal,Temperature=Low|Humidity=High|HarvestHostvete=High|HarvestSlattervallTotal=High,0,9761904761904762,0,023809523809523808,0
DistCoast,Temperature,Humidity,HarvestHostvete,HarvestSlattervallTotal,Temperature=Low|Humidity=Low|HarvestHostvete=Missing|HarvestSlattervallTotal=Missing,0,0,1
DistCoast,Temperature,Humidity,HarvestHostvete,HarvestSlattervallTotal,Temperature=Low|Humidity=Low|HarvestHostvete=Missing|HarvestSlattervallTotal=Low,0,42857142857142855,0,2857142857142857,0,2857142857142857
DistCoast,Temperature,Humidity,HarvestHostvete,HarvestSlattervallTotal,Temperature=Low|Humidity=Low|HarvestHostvete=High|HarvestSlattervallTotal=High,0,7,0,3,0
DistCoast,Temperature,Humidity,HarvestHostvete,HarvestSlattervallTotal,Temperature=Low|Humidity=Mid|HarvestHostvete=Low|HarvestSlattervallTotal=Missing,0,0,1
DistCoast,Temperature,Humidity,HarvestHostvete,HarvestSlattervallTotal,Temperature=Low|Humidity=Mid|HarvestHostvete=Low|HarvestSlattervallTotal=High,0,1,0
DistCoast,Temperature,Humidity,HarvestHostvete,HarvestSlattervallTotal,Temperature=Low|Humidity=High|HarvestHostvete=Low|HarvestSlattervallTotal=Missing,0,0,1
Wind,Temperature,Humidity,DistCoast,HarvestHavre,Temperature=High|Humidity=Low|DistCoast=High|HarvestHavre=Mid,0,17419354838709677,0,2129032258064516,0,6129032258064516
Wind,Temperature,Humidity,DistCoast,HarvestHavre,Temperature=High|Humidity=Low|DistCoast=Low|HarvestHavre=Mid,0,5618374558303887,0,35335689045936397,0,08480565371024736
Wind,Temperature,Humidity,DistCoast,HarvestHavre,Temperature=High|Humidity=Mid|DistCoast=Mid|HarvestHavre=Mid,0,9820143884892086,0,017985611510791366,0
Wind,Temperature,Humidity,DistCoast,HarvestHavre,Temperature=Mid|Humidity=Mid|DistCoast=Mid|HarvestHavre=Low,0,7183098591549296,0,23380281690140844,0,04788732394366197
Wind,Temperature,Humidity,DistCoast,HarvestHavre,Temperature=High|Humidity=Mid|DistCoast=Low|HarvestHavre=Mid,0,985,0,015,0
Wind,Temperature,Humidity,DistCoast,HarvestHavre,Temperature=Mid|Humidity=Mid|DistCoast=Low|HarvestHavre=Low,0,5,0,43010752688172044,0,06989247311827956
Wind,Temperature,Humidity,DistCoast,HarvestHavre,Temperature=High|Humidity=Low|DistCoast=High|HarvestHavre=Low,0,1607669616519174,0,661504424778761,0,17772861356932154
Wind,Temperature,Humidity,DistCoast,HarvestHavre,Temperature=High|Humidity=Low|DistCoast=Low|HarvestHavre=High,0,061601642710472276,0,4650924024640657,0,473305954825462
Wind,Temperature,Humidity,DistCoast,HarvestHavre,Temperature=High|Humidity=Low|DistCoast=Mid|HarvestHavre=High,0,08666666666666667,0,6104761904761905,0,3028571428571429
Wind,Temperature,Humidity,DistCoast,HarvestHavre,Temperature=High|Humidity=Mid|DistCoast=Low|HarvestHavre=Low,0,07462686567164178,0,5671641791044776,0,3582089552238806
Wind,Temperature,Humidity,DistCoast,HarvestHavre,Temperature=High|Humidity=Low|DistCoast=Mid|HarvestHavre=Mid,0,5910543130990416,0,40894568690095845,0
Wind,Temperature,Humidity,DistCoast,HarvestHavre,Temperature=High|Humidity=Mid|DistCoast=Mid|HarvestHavre=Low,0,7465753424657534,0,2363013698630137,0,017123287671232876
Wind,Temperature,Humidity,DistCoast,HarvestHavre,Temperature=High|Humidity=Low|DistCoast=Low|HarvestHavre=Low,0,04824561403508772,0,793859649122807,0,15789473684210525
Wind,Temperature,Humidity,DistCoast,HarvestHavre,Temperature=Mid|Humidity=Mid|DistCoast=High|HarvestHavre=Missing,0,7727272727272727,0,22727272727272727,0
Wind,Temperature,Humidity,DistCoast,HarvestHavre,Temperature=High|Humidity=Low|DistCoast=High|HarvestHavre=High,0,007434944237918215,0,70817843866171,0,2843866171003718
Wind,Temperature,Humidity,DistCoast,HarvestHavre,Temperature=High|Humidity=Mid|DistCoast=High|HarvestHavre=Low,0,3443708609271523,0,2052980132450331,0,4503311258278146
Wind,Temperature,Humidity,DistCoast,HarvestHavre,Temperature=Mid|Humidity=Mid|DistCoast=High|HarvestHavre=Low,0,17473338802296964,0,5217391304347826,0,30352748154224773
Wind,Temperature,Humidity,DistCoast,HarvestHavre,Temperature=High|Humidity=High|DistCoast=Low|HarvestHavre=Mid,1,0,0
Wind,Temperature,Humidity,DistCoast,HarvestHavre,Temperature=Mid|Humidity=Mid|DistCoast=Low|HarvestHavre=Mid,0,922971114167813,0,07702888583218707,0
Wind,Temperature,Humidity,DistCoast,HarvestHavre,Temperature=Mid|Humidity=High|DistCoast=Low|HarvestHavre=Low,0,7692307692307693,0,2,0,03076923076923077
Wind,Temperature,Humidity,DistCoast,HarvestHavre,Temperature=Mid|Humidity=High|DistCoast=Low|HarvestHavre=Mid,0,49576669802445905,0,504233301975541,0
Wind,Temperature,Humidity,DistCoast,HarvestHavre,Temperature=High|Humidity=Low|DistCoast=Mid|HarvestHavre=Low,0,2033898305084746,0,6779661016949152,0,11864406779661017
Wind,Temperature,Humidity,DistCoast,HarvestHavre,Temperature=Mid|Humidity=Mid|DistCoast=Mid|HarvestHavre=Mid,0,955177743431221,0,04482225656877898,0
Wind,Temperature,Humidity,DistCoast,HarvestHavre,Temperature=High|Humidity=Low|DistCoast=High|HarvestHavre=Missing,0,6065573770491803,0,39344262295081966,0
Wind,Temperature,Humidity,DistCoast,HarvestHavre,Temperature=High|Humidity=High|DistCoast=Low|HarvestHavre=Low,0,6666666666666666,0,3333333333333333,0
Wind,Temperature,Humidity,DistCoast,HarvestHavre,Temperature=High|Humidity=Mid|DistCoast=Low|HarvestHavre=Missing,0,09523809523809523,0,8809523809523809,0,023809523809523808
Wind,Temperature,Humidity,DistCoast,HarvestHavre,Temperature=Low|Humidity=Mid|DistCoast=High|HarvestHavre=Low,0,26490066225165565,0,38505203405865657,0,3500473036896878
Wind,Temperature,Humidity,DistCoast,HarvestHavre,Temperature=High|Humidity=Low|DistCoast=Low|HarvestHavre=Missing,0,0,8055555555555556,0,19444444444444445
Wind,Temperature,Humidity,DistCoast,HarvestHavre,Temperature=High|Humidity=High|DistCoast=Low|HarvestHavre=High,1,0,0
Wind,Temperature,Humidity,DistCoast,HarvestHavre,Temperature=High|Humidity=Mid|DistCoast=Mid|HarvestHavre=High,0,2727272727272727,0,48484848484848486,0,24242424242424243
Wind,Temperature,Humidity,DistCoast,HarvestHavre,Temperature=Low|Humidity=High|DistCoast=Low|HarvestHavre=Mid,0,7521301316808675,0,2300542215336948,0,017815646785437646
Wind,Temperature,Humidity,DistCoast,HarvestHavre,Temperature=Mid|Humidity=High|DistCoast=Low|HarvestHavre=Missing,0,7142857142857143,0,21428571428571427,0,07142857142857142
Wind,Temperature,Humidity,DistCoast,HarvestHavre,Temperature=Low|Humidity=High|DistCoast=Low|HarvestHavre=Low,0,2601626016260163,0,4715447154471545,0,2682926829268293
Wind,Temperature,Humidity,DistCoast,HarvestHavre,Temperature=Mid|Humidity=High|DistCoast=Mid|HarvestHavre=Missing,1,0,0
Wind,Temperature,Humidity,DistCoast,HarvestHavre,Temperature=Mid|Humidity=Mid|DistCoast=Low|HarvestHavre=Missing,0,06818181818181818,0,8409090909090909,0,09090909090909091
Wind,Temperature,Humidity,DistCoast,HarvestHavre,Temperature=High|Humidity=Low|DistCoast=Mid|HarvestHavre=Missing,0,23529411764705882,0,7647058823529411,0
Wind,Temperature,Humidity,DistCoast,HarvestHavre,Temperature=High|Humidity=Mid|DistCoast=High|HarvestHavre=Missing,0,5,0,5,0
Wind,Temperature,Humidity,DistCoast,HarvestHavre,Temperature=High|Humidity=High|DistCoast=High|HarvestHavre=Missing,0,5,0,5,0
Wind,Temperature,Humidity,DistCoast,HarvestHavre,Temperature=High|Humidity=Mid|DistCoast=Low|HarvestHavre=High,0,4375,0,46875,0,09375
Wind,Temperature,Humidity,DistCoast,HarvestHavre,Temperature=Mid|Humidity=Mid|DistCoast=Mid|HarvestHavre=Missing,0,6,0,4,0
Wind,Temperature,Humidity,DistCoast,HarvestHavre,Temperature=Low|Humidity=High|DistCoast=High|HarvestHavre=Missing,0,9290322580645162,0,07096774193548387,0
Wind,Temperature,Humidity,DistCoast,HarvestHavre,Temperature=Mid|Humidity=Low|DistCoast=High|HarvestHavre=Missing,1,0,0
Wind,Temperature,Humidity,DistCoast,HarvestHavre,Temperature=Low|Humidity=Mid|DistCoast=High|HarvestHavre=Missing,0,6764705882352942,0,29411764705882354,0,029411764705882353
Wind,Temperature,Humidity,DistCoast,HarvestHavre,Temperature=Mid|Humidity=Low|DistCoast=Mid|HarvestHavre=Low,0,22988505747126436,0,7126436781609196,0,05747126436781609
Wind,Temperature,Humidity,DistCoast,HarvestHavre,Temperature=High|Humidity=Mid|DistCoast=High|HarvestHavre=Mid,0,5555555555555556,0,2222222222222222,0,2222222222222222
Wind,Temperature,Humidity,DistCoast,HarvestHavre,Temperature=High|Humidity=Mid|DistCoast=Mid|HarvestHavre=Missing,1,0,0
Wind,Temperature,Humidity,DistCoast,HarvestHavre,Temperature=Low|Humidity=High|DistCoast=Low|HarvestHavre=Missing,0,46153846153846156,0,23668639053254437,0,30177514792899407
Wind,Temperature,Humidity,DistCoast,HarvestHavre,Temperature=Mid|Humidity=Low|DistCoast=High|HarvestHavre=Low,0,336283185840708,0,6230088495575221,0,04070796460176991
Wind,Temperature,Humidity,DistCoast,HarvestHavre,Temperature=High|Humidity=High|DistCoast=Mid|HarvestHavre=Low,1,0,0
Wind,Temperature,Humidity,DistCoast,HarvestHavre,Temperature=Mid|Humidity=Mid|DistCoast=High|HarvestHavre=Mid,0,1958041958041958,0,43356643356643354,0,3706293706293706
Wind,Temperature,Humidity,DistCoast,HarvestHavre,Temperature=High|Humidity=High|DistCoast=Mid|HarvestHavre=Mid,1,0,0
Wind,Temperature,Humidity,DistCoast,HarvestHavre,Temperature=Mid|Humidity=High|DistCoast=Mid|HarvestHavre=Mid,0,7668329177057357,0,22942643391521197,0,003740648379052369
Wind,Temperature,Humidity,DistCoast,HarvestHavre,Temperature=High|Humidity=Mid|DistCoast=High|HarvestHavre=High,0,16129032258064516,0,7741935483870968,0,06451612903225806
Wind,Temperature,Humidity,DistCoast,HarvestHavre,Temperature=Low|Humidity=High|DistCoast=Mid|HarvestHavre=Low,0,3324432576769025,0,39118825100133514,0,27636849132176233
Wind,Temperature,Humidity,DistCoast,HarvestHavre,Temperature=Mid|Humidity=Low|DistCoast=High|HarvestHavre=Mid,0,04285714285714286,0,5142857142857142,0,44285714285714284
Wind,Temperature,Humidity,DistCoast,HarvestHavre,Temperature=Low|Humidity=High|DistCoast=Mid|HarvestHavre=Missing,0,7727272727272727,0,22727272727272727,0
Wind,Temperature,Humidity,DistCoast,HarvestHavre,Temperature=High|Humidity=High|DistCoast=Mid|HarvestHavre=Missing,1,0,0
Wind,Temperature,Humidity,DistCoast,HarvestHavre,Temperature=Mid|Humidity=High|DistCoast=Mid|HarvestHavre=Low,0,8125,0,1875,0
Wind,Temperature,Humidity,DistCoast,HarvestHavre,Temperature=Low|Humidity=High|DistCoast=High|HarvestHavre=Low,0,5614035087719298,0,3120960295475531,0,1265004616805171
Wind,Temperature,Humidity,DistCoast,HarvestHavre,Temperature=Mid|Humidity=Low|DistCoast=Low|HarvestHavre=Low,0,16470588235294117,0,7529411764705882,0,08235294117647059
Wind,Temperature,Humidity,DistCoast,HarvestHavre,Temperature=Mid|Humidity=Low|DistCoast=Low|HarvestHavre=Mid,0,3157894736842105,0,6842105263157895,0
Wind,Temperature,Humidity,DistCoast,HarvestHavre,Temperature=Low|Humidity=High|DistCoast=Mid|HarvestHavre=Mid,0,8347497639282342,0,1652502360717658,0
Wind,Temperature,Humidity,DistCoast,HarvestHavre,Temperature=Low|Humidity=Mid|DistCoast=Mid|HarvestHavre=Mid,0,9550561797752809,0,0449438202247191,0
Wind,Temperature,Humidity,DistCoast,HarvestHavre,Temperature=Low|Humidity=Mid|DistCoast=Mid|HarvestHavre=Low,0,23036649214659685,0,4293193717277487,0,3403141361256545
Wind,Temperature,Humidity,DistCoast,HarvestHavre,Temperature=Low|Humidity=Mid|DistCoast=High|HarvestHavre=Mid,0,348993288590604,0,6174496644295302,0,03355704697986577
Wind,Temperature,Humidity,DistCoast,HarvestHavre,Temperature=Low|Humidity=Mid|DistCoast=Low|HarvestHavre=Mid,0,8990825688073395,0,10091743119266056,0
Wind,Temperature,Humidity,DistCoast,HarvestHavre,Temperature=Mid|Humidity=Low|DistCoast=Mid|HarvestHavre=Mid,0,16666666666666666,0,8333333333333334,0
Wind,Temperature,Humidity,DistCoast,HarvestHavre,Temperature=Low|Humidity=Mid|DistCoast=Low|HarvestHavre=Low,0,11904761904761904,0,4523809523809524,0,42857142857142855
Wind,Temperature,Humidity,DistCoast,HarvestHavre,Temperature=Mid|Humidity=High|DistCoast=High|HarvestHavre=Low,0,0,75,0,25
Wind,Temperature,Humidity,DistCoast,HarvestHavre,Temperature=Low|Humidity=High|DistCoast=High|HarvestHavre=Mid,0,9072847682119205,0,052980132450331126,0,039735099337748346
Wind,Temperature,Humidity,DistCoast,HarvestHavre,Temperature=Low|Humidity=Mid|DistCoast=Low|HarvestHavre=Missing,0,3,0,36666666666666664,0,3333333333333333
Wind,Temperature,Humidity,DistCoast,HarvestHavre,Temperature=Mid|Humidity=Mid|DistCoast=High|HarvestHavre=High,0,03409090909090909,0,3977272727272727,0,5681818181818182
Wind,Temperature,Humidity,DistCoast,HarvestHavre,Temperature=Low|Humidity=Low|DistCoast=Mid|HarvestHavre=Low,1,0,0
Wind,Temperature,Humidity,DistCoast,HarvestHavre,Temperature=Mid|Humidity=Low|DistCoast=High|HarvestHavre=High,0,32142857142857145,0,5535714285714286,0,125
Wind,Temperature,Humidity,DistCoast,HarvestHavre,Temperature=Mid|Humidity=Low|DistCoast=Mid|HarvestHavre=High,0,013816925734024179,0,3903281519861831,0,5958549222797928
Wind,Temperature,Humidity,DistCoast,HarvestHavre,Temperature=Low|Humidity=Low|DistCoast=High|HarvestHavre=Low,0,75,0,25,0
Wind,Temperature,Humidity,DistCoast,HarvestHavre,Temperature=Low|Humidity=Mid|DistCoast=Mid|HarvestHavre=Missing,0,2857142857142857,0,7142857142857143,0
Wind,Temperature,Humidity,DistCoast,HarvestHavre,Temperature=High|Humidity=High|DistCoast=High|HarvestHavre=Low,0,1,0
Wind,Temperature,Humidity,DistCoast,HarvestHavre,Temperature=Mid|Humidity=Mid|DistCoast=Mid|HarvestHavre=High,0,0,3894736842105263,0,6105263157894737
Wind,Temperature,Humidity,DistCoast,HarvestHavre,Temperature=Mid|Humidity=Low|DistCoast=Low|HarvestHavre=High,0,018050541516245487,0,2148014440433213,0,7671480144404332
Wind,Temperature,Humidity,DistCoast,HarvestHavre,Temperature=Mid|Humidity=Low|DistCoast=Low|HarvestHavre=Missing,0,0,14634146341463414,0,8536585365853658
Wind,Temperature,Humidity,DistCoast,HarvestHavre,Temperature=Low|Humidity=Low|DistCoast=High|HarvestHavre=Mid,1,0,0
Wind,Temperature,Humidity,DistCoast,HarvestHavre,Temperature=Mid|Humidity=Mid|DistCoast=Low|HarvestHavre=High,0,07377049180327869,0,7049180327868853,0,22131147540983606
Wind,Temperature,Humidity,DistCoast,HarvestHavre,Temperature=Low|Humidity=Mid|DistCoast=Low|HarvestHavre=High,0,1262135922330097,0,7961165048543689,0,07766990291262135
Wind,Temperature,Humidity,DistCoast,HarvestHavre,Temperature=Low|Humidity=High|DistCoast=Low|HarvestHavre=High,0,0,5121951219512195,0,4878048780487805
Wind,Temperature,Humidity,DistCoast,HarvestHavre,Temperature=Low|Humidity=Low|DistCoast=High|HarvestHavre=Missing,0,8571428571428571,0,0,14285714285714285
Wind,Temperature,Humidity,DistCoast,HarvestHavre,Temperature=Mid|Humidity=Low|DistCoast=Mid|HarvestHavre=Missing,0,1111111111111111,0,18518518518518517,0,7037037037037037
Wind,Temperature,Humidity,DistCoast,HarvestHavre,Temperature=Low|Humidity=Mid|DistCoast=Mid|HarvestHavre=High,0,0,8,0,2
Wind,Temperature,Humidity,DistCoast,HarvestHavre,Temperature=Low|Humidity=Low|DistCoast=Mid|HarvestHavre=Missing,0,0,1
Wind,Temperature,Humidity,DistCoast,HarvestHavre,Temperature=Low|Humidity=Low|DistCoast=Mid|HarvestHavre=High,0,0,3333333333333333,0,6666666666666666
Wind,Temperature,Humidity,DistCoast,HarvestHavre,Temperature=Low|Humidity=Low|DistCoast=Low|HarvestHavre=High,0,0,42857142857142855,0,5714285714285714
Wind,Temperature,Humidity,DistCoast,HarvestHavre,Temperature=Mid|Humidity=High|DistCoast=High|HarvestHavre=Missing,0,14285714285714285,0,8571428571428571,0
Wind,Temperature,Humidity,DistCoast,HarvestHavre,Temperature=Mid|Humidity=High|DistCoast=High|HarvestHavre=Mid,0,8947368421052632,0,10526315789473684,0
Wind,Temperature,Humidity,DistCoast,HarvestHavre,Temperature=Low|Humidity=Low|DistCoast=Low|HarvestHavre=Low,0,0,6666666666666666,0,3333333333333333
Wind,Temperature,Humidity,DistCoast,HarvestHavre,Temperature=Low|Humidity=High|DistCoast=Mid|HarvestHavre=High,0,0,1
DirCoast,DistCoast,HarvestHavre,Lat,GlobalDensity,DistCoast=High|HarvestHavre=Mid|Lat=High|GlobalDensity=Mid,0,046511627906976744,0,7674418604651163,0,18604651162790697
DirCoast,DistCoast,HarvestHavre,Lat,GlobalDensity,DistCoast=Low|HarvestHavre=Mid|Lat=Low|GlobalDensity=Mid,0,17624250969333805,0,3870285512865703,0,43672893902009163
DirCoast,DistCoast,HarvestHavre,Lat,GlobalDensity,DistCoast=Mid|HarvestHavre=Mid|Lat=Low|GlobalDensity=Mid,0,20260021668472372,0,47670639219934996,0,3206933911159263
DirCoast,DistCoast,HarvestHavre,Lat,GlobalDensity,DistCoast=High|HarvestHavre=Mid|Lat=High|GlobalDensity=High,0,07249466950959488,0,9275053304904051,0
DirCoast,DistCoast,HarvestHavre,Lat,GlobalDensity,DistCoast=Mid|HarvestHavre=Low|Lat=High|GlobalDensity=Low,0,6590909090909091,0,3352272727272727,0,005681818181818182
DirCoast,DistCoast,HarvestHavre,Lat,GlobalDensity,DistCoast=Low|HarvestHavre=Low|Lat=Mid|GlobalDensity=Low,0,10821643286573146,0,2665330661322645,0,625250501002004
DirCoast,DistCoast,HarvestHavre,Lat,GlobalDensity,DistCoast=High|HarvestHavre=Low|Lat=Mid|GlobalDensity=High,0,42078815128272945,0,040729965617561495,0,5384818830997091
DirCoast,DistCoast,HarvestHavre,Lat,GlobalDensity,DistCoast=Low|HarvestHavre=High|Lat=High|GlobalDensity=Low,0,5861321776814734,0,29360780065005415,0,12026002166847237
DirCoast,DistCoast,HarvestHavre,Lat,GlobalDensity,DistCoast=Mid|HarvestHavre=High|Lat=High|GlobalDensity=Low,0,6794285714285714,0,24742857142857144,0,07314285714285715
DirCoast,DistCoast,HarvestHavre,Lat,GlobalDensity,DistCoast=High|HarvestHavre=Low|Lat=High|GlobalDensity=Low,0,4967637540453074,0,27184466019417475,0,2313915857605178
DirCoast,DistCoast,HarvestHavre,Lat,GlobalDensity,DistCoast=High|HarvestHavre=Low|Lat=High|GlobalDensity=Mid,0,11673553719008264,0,30991735537190085,0,5733471074380165
DirCoast,DistCoast,HarvestHavre,Lat,GlobalDensity,DistCoast=High|HarvestHavre=Mid|Lat=Low|GlobalDensity=High,0,3516483516483517,0,4340659340659341,0,21428571428571427
DirCoast,DistCoast,HarvestHavre,Lat,GlobalDensity,DistCoast=Mid|HarvestHavre=Mid|Lat=Low|GlobalDensity=High,0,37556904400606983,0,44613050075872535,0,17830045523520485
DirCoast,DistCoast,HarvestHavre,Lat,GlobalDensity,DistCoast=Low|HarvestHavre=Mid|Lat=Low|GlobalDensity=High,0,4459203036053131,0,4573055028462998,0,0967741935483871
DirCoast,DistCoast,HarvestHavre,Lat,GlobalDensity,DistCoast=Mid|HarvestHavre=Low|Lat=Mid|GlobalDensity=Low,0,0,38945578231292516,0,6105442176870748
DirCoast,DistCoast,HarvestHavre,Lat,GlobalDensity,DistCoast=Mid|HarvestHavre=Low|Lat=Mid|GlobalDensity=Mid,0,0,19053876478318002,0,80946123521682
DirCoast,DistCoast,HarvestHavre,Lat,GlobalDensity,DistCoast=Low|HarvestHavre=Low|Lat=Low|GlobalDensity=Mid,0,37142857142857144,0,44285714285714284,0,18571428571428572
DirCoast,DistCoast,HarvestHavre,Lat,GlobalDensity,DistCoast=High|HarvestHavre=Missing|Lat=High|GlobalDensity=Low,0,18309859154929578,0,30985915492957744,0,5070422535211268
DirCoast,DistCoast,HarvestHavre,Lat,GlobalDensity,DistCoast=High|HarvestHavre=High|Lat=High|GlobalDensity=Low,0,0858085808580858,0,9141914191419142,0
DirCoast,DistCoast,HarvestHavre,Lat,GlobalDensity,DistCoast=Low|HarvestHavre=Mid|Lat=Low|GlobalDensity=Low,0,0,14102564102564102,0,8589743589743589
DirCoast,DistCoast,HarvestHavre,Lat,GlobalDensity,DistCoast=Low|HarvestHavre=Low|Lat=Mid|GlobalDensity=High,0,3862815884476534,0,51985559566787,0,09386281588447654
DirCoast,DistCoast,HarvestHavre,Lat,GlobalDensity,DistCoast=Low|HarvestHavre=Low|Lat=High|GlobalDensity=Low,0,5126582278481012,0,3987341772151899,0,08860759493670886
DirCoast,DistCoast,HarvestHavre,Lat,GlobalDensity,DistCoast=Low|HarvestHavre=Mid|Lat=Mid|GlobalDensity=Mid,0,02074688796680498,0,34439834024896265,0,6348547717842323
DirCoast,DistCoast,HarvestHavre,Lat,GlobalDensity,DistCoast=High|HarvestHavre=Low|Lat=Mid|GlobalDensity=Low,0,0,15384615384615385,0,8461538461538461
DirCoast,DistCoast,HarvestHavre,Lat,GlobalDensity,DistCoast=Mid|HarvestHavre=Low|Lat=Mid|GlobalDensity=High,0,6816143497757847,0,18834080717488788,0,13004484304932734
DirCoast,DistCoast,HarvestHavre,Lat,GlobalDensity,DistCoast=Mid|HarvestHavre=Mid|Lat=Mid|GlobalDensity=Mid,0,0,6666666666666666,0,3333333333333333
DirCoast,DistCoast,HarvestHavre,Lat,GlobalDensity,DistCoast=High|HarvestHavre=Missing|Lat=Low|GlobalDensity=High,0,07777777777777778,0,7111111111111111,0,2111111111111111
DirCoast,DistCoast,HarvestHavre,Lat,GlobalDensity,DistCoast=High|HarvestHavre=Missing|Lat=Mid|GlobalDensity=High,0,07317073170731707,0,5040650406504065,0,42276422764227645
DirCoast,DistCoast,HarvestHavre,Lat,GlobalDensity,DistCoast=Low|HarvestHavre=Missing|Lat=Mid|GlobalDensity=Low,0,3592233009708738,0,1650485436893204,0,47572815533980584
DirCoast,DistCoast,HarvestHavre,Lat,GlobalDensity,DistCoast=High|HarvestHavre=High|Lat=High|GlobalDensity=Mid,0,6779661016949152,0,3220338983050847,0
DirCoast,DistCoast,HarvestHavre,Lat,GlobalDensity,DistCoast=Mid|HarvestHavre=Mid|Lat=Mid|GlobalDensity=High,0,0,6455696202531646,0,35443037974683544
DirCoast,DistCoast,HarvestHavre,Lat,GlobalDensity,DistCoast=Low|HarvestHavre=Missing|Lat=High|GlobalDensity=Low,0,37037037037037035,0,5123456790123457,0,11728395061728394
DirCoast,DistCoast,HarvestHavre,Lat,GlobalDensity,DistCoast=Mid|HarvestHavre=Missing|Lat=High|GlobalDensity=Low,0,676923076923077,0,3230769230769231,0
DirCoast,DistCoast,HarvestHavre,Lat,GlobalDensity,DistCoast=Low|HarvestHavre=Mid|Lat=Mid|GlobalDensity=Low,0,07692307692307693,0,15384615384615385,0,7692307692307693
DirCoast,DistCoast,HarvestHavre,Lat,GlobalDensity,DistCoast=Mid|HarvestHavre=Missing|Lat=Mid|GlobalDensity=High,1,0,0
DirCoast,DistCoast,HarvestHavre,Lat,GlobalDensity,DistCoast=Mid|HarvestHavre=High|Lat=High|GlobalDensity=Mid,0,10256410256410256,0,8974358974358975,0
DirCoast,DistCoast,HarvestHavre,Lat,GlobalDensity,DistCoast=Low|HarvestHavre=Missing|Lat=Mid|GlobalDensity=Mid,0,0,1
DirCoast,DistCoast,HarvestHavre,Lat,GlobalDensity,DistCoast=High|HarvestHavre=High|Lat=High|GlobalDensity=High,0,1,0
DirCoast,DistCoast,HarvestHavre,Lat,GlobalDensity,DistCoast=Low|HarvestHavre=Low|Lat=Low|GlobalDensity=Low,0,45454545454545453,0,0,5454545454545454
DirCoast,DistCoast,HarvestHavre,Lat,GlobalDensity,DistCoast=High|HarvestHavre=Mid|Lat=Mid|GlobalDensity=High,1,0,0
DirCoast,DistCoast,HarvestHavre,Lat,GlobalDensity,DistCoast=High|HarvestHavre=Low|Lat=High|GlobalDensity=High,0,5245901639344263,0,47540983606557374,0
DirCoast,DistCoast,HarvestHavre,Lat,GlobalDensity,DistCoast=Mid|HarvestHavre=Low|Lat=Low|GlobalDensity=High,0,7543859649122807,0,24561403508771928,0
DirCoast,DistCoast,HarvestHavre,Lat,GlobalDensity,DistCoast=Low|HarvestHavre=High|Lat=Mid|GlobalDensity=Mid,0,4634146341463415,0,17073170731707318,0,36585365853658536
DirCoast,DistCoast,HarvestHavre,Lat,GlobalDensity,DistCoast=Low|HarvestHavre=High|Lat=Mid|GlobalDensity=Low,0,08333333333333333,0,75,0,16666666666666666
DirCoast,DistCoast,HarvestHavre,Lat,GlobalDensity,DistCoast=Mid|HarvestHavre=Mid|Lat=Low|GlobalDensity=Low,0,0,5,0,5
DirCoast,DistCoast,HarvestHavre,Lat,GlobalDensity,DistCoast=Mid|HarvestHavre=Missing|Lat=Mid|GlobalDensity=Low,0,4918032786885246,0,0,5081967213114754
DirCoast,DistCoast,HarvestHavre,Lat,GlobalDensity,DistCoast=High|HarvestHavre=Low|Lat=Low|GlobalDensity=High,1,0,0
DirCoast,DistCoast,HarvestHavre,Lat,GlobalDensity,DistCoast=Low|HarvestHavre=Low|Lat=Mid|GlobalDensity=Mid,0,2222222222222222,0,4444444444444444,0,3333333333333333
DirCoast,DistCoast,HarvestHavre,Lat,GlobalDensity,DistCoast=Mid|HarvestHavre=High|Lat=Mid|GlobalDensity=Mid,0,1,0
DirCoast,DistCoast,HarvestHavre,Lat,GlobalDensity,DistCoast=Low|HarvestHavre=Mid|Lat=Mid|GlobalDensity=High,0,1,0
DirCoast,DistCoast,HarvestHavre,Lat,GlobalDensity,DistCoast=Mid|HarvestHavre=Low|Lat=Low|GlobalDensity=Mid,1,0,0
DirCoast,DistCoast,HarvestHavre,Lat,GlobalDensity,DistCoast=Low|HarvestHavre=Missing|Lat=Low|GlobalDensity=Mid,1,0,0
DirCoast,DistCoast,HarvestHavre,Lat,GlobalDensity,DistCoast=Mid|HarvestHavre=High|Lat=High|GlobalDensity=High,0,1,0
DirCoast,DistCoast,HarvestHavre,Lat,GlobalDensity,DistCoast=Mid|HarvestHavre=Missing|Lat=Low|GlobalDensity=High,0,0,75,0,25
DirCoast,DistCoast,HarvestHavre,Lat,GlobalDensity,DistCoast=High|HarvestHavre=Low|Lat=Mid|GlobalDensity=Mid,0,0,1
SoilDepthMeters,DirCoast,DistRidge,HarvestSlattervallTotal,Fe2O3,DirCoast=Mid|DistRidge=Mid|HarvestSlattervallTotal=Low|Fe2O3=Missing,0,26804123711340205,0,4020618556701031,0,32989690721649484
SoilDepthMeters,DirCoast,DistRidge,HarvestSlattervallTotal,Fe2O3,DirCoast=Mid|DistRidge=Missing|HarvestSlattervallTotal=Mid|Fe2O3=High,0,17127659574468085,0,22021276595744682,0,6021276595744681
SoilDepthMeters,DirCoast,DistRidge,HarvestSlattervallTotal,Fe2O3,DirCoast=High|DistRidge=Missing|HarvestSlattervallTotal=Mid|Fe2O3=Low,0,2169576059850374,0,32169576059850374,0,4613466334164589
SoilDepthMeters,DirCoast,DistRidge,HarvestSlattervallTotal,Fe2O3,DirCoast=Mid|DistRidge=Missing|HarvestSlattervallTotal=Low|Fe2O3=Missing,0,2545454545454545,0,6484848484848484,0,08484848484848485
SoilDepthMeters,DirCoast,DistRidge,HarvestSlattervallTotal,Fe2O3,DirCoast=Mid|DistRidge=High|HarvestSlattervallTotal=Low|Fe2O3=Low,0,08928571428571429,0,4107142857142857,0,4166666666666667
SoilDepthMeters,DirCoast,DistRidge,HarvestSlattervallTotal,Fe2O3,DirCoast=High|DistRidge=Missing|HarvestSlattervallTotal=Mid|Fe2O3=Mid,0,06870229007633588,0,24427480916030533,0,6870229007633588
SoilDepthMeters,DirCoast,DistRidge,HarvestSlattervallTotal,Fe2O3,DirCoast=Mid|DistRidge=Low|HarvestSlattervallTotal=Low|Fe2O3=Missing,0,8,0,1,0,1
SoilDepthMeters,DirCoast,DistRidge,HarvestSlattervallTotal,Fe2O3,DirCoast=Low|DistRidge=Missing|HarvestSlattervallTotal=Low|Fe2O3=Mid,0,4307692307692308,0,2153846153846154,0,3384615384615385
SoilDepthMeters,DirCoast,DistRidge,HarvestSlattervallTotal,Fe2O3,DirCoast=Low|DistRidge=Low|HarvestSlattervallTotal=High|Fe2O3=Mid,0,5046040515653776,0,4567219152854512,0,03867403314917127
SoilDepthMeters,DirCoast,DistRidge,HarvestSlattervallTotal,Fe2O3,DirCoast=Low|DistRidge=Low|HarvestSlattervallTotal=High|Fe2O3=High,0,69164265129683,0,2276657060518732,0,08069164265129683
SoilDepthMeters,DirCoast,DistRidge,HarvestSlattervallTotal,Fe2O3,DirCoast=High|DistRidge=Low|HarvestSlattervallTotal=High|Fe2O3=High,0,5294117647058824,0,3949579831932773,0,07563025210084033
SoilDepthMeters,DirCoast,DistRidge,HarvestSlattervallTotal,Fe2O3,DirCoast=High|DistRidge=Low|HarvestSlattervallTotal=High|Fe2O3=Low,0,6027397260273972,0,273972602739726,0,1232876712328767
SoilDepthMeters,DirCoast,DistRidge,HarvestSlattervallTotal,Fe2O3,DirCoast=Low|DistRidge=Mid|HarvestSlattervallTotal=Low|Fe2O3=Missing,0,48314606741573035,0,42696629213483145,0,0449438202247191
SoilDepthMeters,DirCoast,DistRidge,HarvestSlattervallTotal,Fe2O3,DirCoast=High|DistRidge=Mid|HarvestSlattervallTotal=Low|Fe2O3=High,0,4457831325301205,0,1646586345381526,0,3895582329317269
SoilDepthMeters,DirCoast,DistRidge,HarvestSlattervallTotal,Fe2O3,DirCoast=High|DistRidge=Mid|HarvestSlattervallTotal=High|Fe2O3=High,0,3181818181818182,0,07272727272727272,0,6090909090909091
SoilDepthMeters,DirCoast,DistRidge,HarvestSlattervallTotal,Fe2O3,DirCoast=Mid|DistRidge=High|HarvestSlattervallTotal=Missing|Fe2O3=Low,0,23043478260869565,0,5173913043478261,0,25
SoilDepthMeters,DirCoast,DistRidge,HarvestSlattervallTotal,Fe2O3,DirCoast=Mid|DistRidge=Mid|HarvestSlattervallTotal=Missing|Fe2O3=Low,0,4036697247706422,0,3577981651376147,0,22018348623853212
SoilDepthMeters,DirCoast,DistRidge,HarvestSlattervallTotal,Fe2O3,DirCoast=Low|DistRidge=Missing|HarvestSlattervallTotal=Mid|Fe2O3=Mid,0,07880910683012259,0,19264448336252188,0,7267950963222417
SoilDepthMeters,DirCoast,DistRidge,HarvestSlattervallTotal,Fe2O3,DirCoast=Mid|DistRidge=High|HarvestSlattervallTotal=Mid|Fe2O3=Low,0,21875,0,4166666666666667,0,3645833333333333
SoilDepthMeters,DirCoast,DistRidge,HarvestSlattervallTotal,Fe2O3,DirCoast=High|DistRidge=Missing|HarvestSlattervallTotal=Low|Fe2O3=Missing,0,357032457496136,0,16537867078825347,0,46831530139103555
SoilDepthMeters,DirCoast,DistRidge,HarvestSlattervallTotal,Fe2O3,DirCoast=High|DistRidge=High|HarvestSlattervallTotal=Low|Fe2O3=Missing,0,4033333333333333,0,37333333333333335,0,22333333333333333
SoilDepthMeters,DirCoast,DistRidge,HarvestSlattervallTotal,Fe2O3,DirCoast=Low|DistRidge=High|HarvestSlattervallTotal=Missing|Fe2O3=Mid,0,07894736842105263,0,6052631578947368,0,3157894736842105
SoilDepthMeters,DirCoast,DistRidge,HarvestSlattervallTotal,Fe2O3,DirCoast=Low|DistRidge=Missing|HarvestSlattervallTotal=Mid|Fe2O3=High,0,0653950953678474,0,5340599455040872,0,40054495912806537
SoilDepthMeters,DirCoast,DistRidge,HarvestSlattervallTotal,Fe2O3,DirCoast=High|DistRidge=Low|HarvestSlattervallTotal=Low|Fe2O3=Low,0,5,0,20454545454545456,0,29545454545454547
SoilDepthMeters,DirCoast,DistRidge,HarvestSlattervallTotal,Fe2O3,DirCoast=High|DistRidge=Mid|HarvestSlattervallTotal=Low|Fe2O3=Low,0,3183673469387755,0,17959183673469387,0,5020408163265306
SoilDepthMeters,DirCoast,DistRidge,HarvestSlattervallTotal,Fe2O3,DirCoast=Mid|DistRidge=Low|HarvestSlattervallTotal=Low|Fe2O3=High,0,3448275862068966,0,21839080459770116,0,4367816091954023
SoilDepthMeters,DirCoast,DistRidge,HarvestSlattervallTotal,Fe2O3,DirCoast=Mid|DistRidge=Low|HarvestSlattervallTotal=Low|Fe2O3=Mid,0,44047619047619047,0,19047619047619047,0,36904761904761907
SoilDepthMeters,DirCoast,DistRidge,HarvestSlattervallTotal,Fe2O3,DirCoast=High|DistRidge=Low|HarvestSlattervallTotal=Low|Fe2O3=High,0,4354243542435424,0,13284132841328414,0,4317343173431734
SoilDepthMeters,DirCoast,DistRidge,HarvestSlattervallTotal,Fe2O3,DirCoast=Mid|DistRidge=High|HarvestSlattervallTotal=Low|Fe2O3=High,0,11627906976744186,0,31007751937984496,0,5193798449612403
SoilDepthMeters,DirCoast,DistRidge,HarvestSlattervallTotal,Fe2O3,DirCoast=Low|DistRidge=Mid|HarvestSlattervallTotal=Missing|Fe2O3=Mid,0,2,0,8,0
SoilDepthMeters,DirCoast,DistRidge,HarvestSlattervallTotal,Fe2O3,DirCoast=Mid|DistRidge=Low|HarvestSlattervallTotal=Missing|Fe2O3=Mid,0,875,0,125,0
SoilDepthMeters,DirCoast,DistRidge,HarvestSlattervallTotal,Fe2O3,DirCoast=Low|DistRidge=Low|HarvestSlattervallTotal=Missing|Fe2O3=Mid,0,4444444444444444,0,5555555555555556,0
SoilDepthMeters,DirCoast,DistRidge,HarvestSlattervallTotal,Fe2O3,DirCoast=Low|DistRidge=Mid|HarvestSlattervallTotal=High|Fe2O3=High,0,4782608695652174,0,17391304347826086,0,34782608695652173
SoilDepthMeters,DirCoast,DistRidge,HarvestSlattervallTotal,Fe2O3,DirCoast=Mid|DistRidge=Low|HarvestSlattervallTotal=Mid|Fe2O3=Low,0,47058823529411764,0,5294117647058824,0
SoilDepthMeters,DirCoast,DistRidge,HarvestSlattervallTotal,Fe2O3,DirCoast=Low|DistRidge=Missing|HarvestSlattervallTotal=High|Fe2O3=Low,0,19047619047619047,0,7142857142857143,0,09523809523809523
SoilDepthMeters,DirCoast,DistRidge,HarvestSlattervallTotal,Fe2O3,DirCoast=Low|DistRidge=Low|HarvestSlattervallTotal=Mid|Fe2O3=Low,0,25,0,75,0
SoilDepthMeters,DirCoast,DistRidge,HarvestSlattervallTotal,Fe2O3,DirCoast=Mid|DistRidge=High|HarvestSlattervallTotal=Mid|Fe2O3=Mid,0,1724137931034483,0,5517241379310345,0,27586206896551724
SoilDepthMeters,DirCoast,DistRidge,HarvestSlattervallTotal,Fe2O3,DirCoast=High|DistRidge=Low|HarvestSlattervallTotal=Low|Fe2O3=Missing,0,5652173913043478,0,22826086956521738,0,20652173913043478
SoilDepthMeters,DirCoast,DistRidge,HarvestSlattervallTotal,Fe2O3,DirCoast=Low|DistRidge=Missing|HarvestSlattervallTotal=Low|Fe2O3=Missing,0,5419847328244275,0,33587786259541985,0,11450381679389313
SoilDepthMeters,DirCoast,DistRidge,HarvestSlattervallTotal,Fe2O3,DirCoast=Mid|DistRidge=Mid|HarvestSlattervallTotal=High|Fe2O3=Low,0,23809523809523808,0,48872180451127817,0,2731829573934837
SoilDepthMeters,DirCoast,DistRidge,HarvestSlattervallTotal,Fe2O3,DirCoast=High|DistRidge=Missing|HarvestSlattervallTotal=Low|Fe2O3=High,0,1686046511627907,0,4069767441860465,0,42441860465116277
SoilDepthMeters,DirCoast,DistRidge,HarvestSlattervallTotal,Fe2O3,DirCoast=High|DistRidge=High|HarvestSlattervallTotal=Low|Fe2O3=Mid,0,33256880733944955,0,3165137614678899,0,35091743119266056
SoilDepthMeters,DirCoast,DistRidge,HarvestSlattervallTotal,Fe2O3,DirCoast=High|DistRidge=Mid|HarvestSlattervallTotal=Low|Fe2O3=Missing,0,7136929460580913,0,23236514522821577,0,05394190871369295
SoilDepthMeters,DirCoast,DistRidge,HarvestSlattervallTotal,Fe2O3,DirCoast=High|DistRidge=Mid|HarvestSlattervallTotal=Mid|Fe2O3=Low,0,0,9787234042553191,0,02127659574468085
SoilDepthMeters,DirCoast,DistRidge,HarvestSlattervallTotal,Fe2O3,DirCoast=Mid|DistRidge=Low|HarvestSlattervallTotal=High|Fe2O3=Low,0,6168831168831169,0,262987012987013,0,12012987012987013
SoilDepthMeters,DirCoast,DistRidge,HarvestSlattervallTotal,Fe2O3,DirCoast=Mid|DistRidge=Missing|HarvestSlattervallTotal=Mid|Fe2O3=Mid,0,1054421768707483,0,32653061224489793,0,5561224489795918
SoilDepthMeters,DirCoast,DistRidge,HarvestSlattervallTotal,Fe2O3,DirCoast=High|DistRidge=Missing|HarvestSlattervallTotal=High|Fe2O3=Low,0,03225806451612903,0,7096774193548387,0,25806451612903225
SoilDepthMeters,DirCoast,DistRidge,HarvestSlattervallTotal,Fe2O3,DirCoast=Mid|DistRidge=Missing|HarvestSlattervallTotal=Mid|Fe2O3=Low,0,15804597701149425,0,4367816091954023,0,4051724137931034
SoilDepthMeters,DirCoast,DistRidge,HarvestSlattervallTotal,Fe2O3,DirCoast=High|DistRidge=High|HarvestSlattervallTotal=Mid|Fe2O3=Mid,0,21333333333333335,0,32,0,4666666666666667
SoilDepthMeters,DirCoast,DistRidge,HarvestSlattervallTotal,Fe2O3,DirCoast=High|DistRidge=Missing|HarvestSlattervallTotal=Mid|Fe2O3=High,0,04561717352415027,0,167262969588551,0,7862254025044723
SoilDepthMeters,DirCoast,DistRidge,HarvestSlattervallTotal,Fe2O3,DirCoast=High|DistRidge=High|HarvestSlattervallTotal=High|Fe2O3=Low,0,25,0,65,0,1
SoilDepthMeters,DirCoast,DistRidge,HarvestSlattervallTotal,Fe2O3,DirCoast=Low|DistRidge=Mid|HarvestSlattervallTotal=Low|Fe2O3=Mid,0,27526132404181186,0,5331010452961672,0,1916376306620209
SoilDepthMeters,DirCoast,DistRidge,HarvestSlattervallTotal,Fe2O3,DirCoast=Low|DistRidge=Low|HarvestSlattervallTotal=Low|Fe2O3=Mid,0,3707865168539326,0,39325842696629215,0,23595505617977527
SoilDepthMeters,DirCoast,DistRidge,HarvestSlattervallTotal,Fe2O3,DirCoast=Low|DistRidge=Missing|HarvestSlattervallTotal=Low|Fe2O3=Low,0,17034700315457413,0,5772870662460567,0,23974763406940064
SoilDepthMeters,DirCoast,DistRidge,HarvestSlattervallTotal,Fe2O3,DirCoast=High|DistRidge=Missing|HarvestSlattervallTotal=Low|Fe2O3=Low,0,3888888888888889,0,2777777777777778,0,3148148148148148
SoilDepthMeters,DirCoast,DistRidge,HarvestSlattervallTotal,Fe2O3,DirCoast=High|DistRidge=High|HarvestSlattervallTotal=Missing|Fe2O3=Mid,0,0,6666666666666666,0,3333333333333333
SoilDepthMeters,DirCoast,DistRidge,HarvestSlattervallTotal,Fe2O3,DirCoast=Low|DistRidge=High|HarvestSlattervallTotal=Mid|Fe2O3=Low,0,024390243902439025,0,5853658536585366,0,3902439024390244
SoilDepthMeters,DirCoast,DistRidge,HarvestSlattervallTotal,Fe2O3,DirCoast=Mid|DistRidge=Mid|HarvestSlattervallTotal=Low|Fe2O3=Low,0,2962962962962963,0,49382716049382713,0,20987654320987653
SoilDepthMeters,DirCoast,DistRidge,HarvestSlattervallTotal,Fe2O3,DirCoast=High|DistRidge=Mid|HarvestSlattervallTotal=Low|Fe2O3=Mid,0,28888888888888886,0,39555555555555555,0,31555555555555553
SoilDepthMeters,DirCoast,DistRidge,HarvestSlattervallTotal,Fe2O3,DirCoast=Mid|DistRidge=Mid|HarvestSlattervallTotal=Low|Fe2O3=High,0,19047619047619047,0,30357142857142855,0,5059523809523809
SoilDepthMeters,DirCoast,DistRidge,HarvestSlattervallTotal,Fe2O3,DirCoast=Mid|DistRidge=High|HarvestSlattervallTotal=Low|Fe2O3=Missing,0,3333333333333333,0,6444444444444445,0,014814814814814815
SoilDepthMeters,DirCoast,DistRidge,HarvestSlattervallTotal,Fe2O3,DirCoast=High|DistRidge=Low|HarvestSlattervallTotal=Low|Fe2O3=Mid,0,42105263157894735,0,4473684210526316,0,13157894736842105
SoilDepthMeters,DirCoast,DistRidge,HarvestSlattervallTotal,Fe2O3,DirCoast=High|DistRidge=High|HarvestSlattervallTotal=Low|Fe2O3=Low,0,09803921568627451,0,5490196078431373,0,35294117647058826
SoilDepthMeters,DirCoast,DistRidge,HarvestSlattervallTotal,Fe2O3,DirCoast=Low|DistRidge=High|HarvestSlattervallTotal=Low|Fe2O3=Low,0,2962962962962963,0,24074074074074073,0,46296296296296297
SoilDepthMeters,DirCoast,DistRidge,HarvestSlattervallTotal,Fe2O3,DirCoast=Low|DistRidge=Mid|HarvestSlattervallTotal=Low|Fe2O3=High,0,569620253164557,0,22784810126582278,0,20253164556962025
SoilDepthMeters,DirCoast,DistRidge,HarvestSlattervallTotal,Fe2O3,DirCoast=High|DistRidge=Missing|HarvestSlattervallTotal=Low|Fe2O3=Mid,0,2692307692307692,0,5230769230769231,0,2076923076923077
SoilDepthMeters,DirCoast,DistRidge,HarvestSlattervallTotal,Fe2O3,DirCoast=Low|DistRidge=High|HarvestSlattervallTotal=Mid|Fe2O3=High,0,2553191489361702,0,5531914893617021,0,19148936170212766
SoilDepthMeters,DirCoast,DistRidge,HarvestSlattervallTotal,Fe2O3,DirCoast=High|DistRidge=Low|HarvestSlattervallTotal=Mid|Fe2O3=Low,0,48148148148148145,0,5185185185185185,0
SoilDepthMeters,DirCoast,DistRidge,HarvestSlattervallTotal,Fe2O3,DirCoast=High|DistRidge=High|HarvestSlattervallTotal=Low|Fe2O3=High,0,5714285714285714,0,20238095238095238,0,2261904761904762
SoilDepthMeters,DirCoast,DistRidge,HarvestSlattervallTotal,Fe2O3,DirCoast=Mid|DistRidge=Low|HarvestSlattervallTotal=High|Fe2O3=High,0,5077399380804953,0,34365325077399383,0,14860681114551083
SoilDepthMeters,DirCoast,DistRidge,HarvestSlattervallTotal,Fe2O3,DirCoast=High|DistRidge=Mid|HarvestSlattervallTotal=High|Fe2O3=Mid,0,17346938775510204,0,19387755102040816,0,6326530612244898
SoilDepthMeters,DirCoast,DistRidge,HarvestSlattervallTotal,Fe2O3,DirCoast=Mid|DistRidge=High|HarvestSlattervallTotal=High|Fe2O3=Mid,0,3719512195121951,0,07317073170731707,0,5548780487804879
SoilDepthMeters,DirCoast,DistRidge,HarvestSlattervallTotal,Fe2O3,DirCoast=Low|DistRidge=Low|HarvestSlattervallTotal=High|Fe2O3=Low,0,5725094577553594,0,2837326607818411,0,1437578814627995
SoilDepthMeters,DirCoast,DistRidge,HarvestSlattervallTotal,Fe2O3,DirCoast=Low|DistRidge=High|HarvestSlattervallTotal=Low|Fe2O3=Mid,0,5224489795918368,0,4163265306122449,0,053061224489795916
SoilDepthMeters,DirCoast,DistRidge,HarvestSlattervallTotal,Fe2O3,DirCoast=Low|DistRidge=Low|HarvestSlattervallTotal=Low|Fe2O3=High,0,6176470588235294,0,35294117647058826,0,029411764705882353
SoilDepthMeters,DirCoast,DistRidge,HarvestSlattervallTotal,Fe2O3,DirCoast=High|DistRidge=High|HarvestSlattervallTotal=Mid|Fe2O3=Low,0,0,48936170212765956,0,5106382978723404
SoilDepthMeters,DirCoast,DistRidge,HarvestSlattervallTotal,Fe2O3,DirCoast=Mid|DistRidge=Low|HarvestSlattervallTotal=High|Fe2O3=Mid,0,6842105263157895,0,16228070175438597,0,15350877192982457
SoilDepthMeters,DirCoast,DistRidge,HarvestSlattervallTotal,Fe2O3,DirCoast=Mid|DistRidge=Missing|HarvestSlattervallTotal=Missing|Fe2O3=Low,0,20588235294117646,0,38235294117647056,0,35294117647058826
SoilDepthMeters,DirCoast,DistRidge,HarvestSlattervallTotal,Fe2O3,DirCoast=Low|DistRidge=High|HarvestSlattervallTotal=Mid|Fe2O3=Mid,0,189873417721519,0,31645569620253167,0,4936708860759494
SoilDepthMeters,DirCoast,DistRidge,HarvestSlattervallTotal,Fe2O3,DirCoast=Mid|DistRidge=Mid|HarvestSlattervallTotal=High|Fe2O3=Mid,0,4573170731707317,0,042682926829268296,0,5
SoilDepthMeters,DirCoast,DistRidge,HarvestSlattervallTotal,Fe2O3,DirCoast=Mid|DistRidge=Mid|HarvestSlattervallTotal=High|Fe2O3=High,0,23923444976076555,0,3684210526315789,0,3923444976076555
SoilDepthMeters,DirCoast,DistRidge,HarvestSlattervallTotal,Fe2O3,DirCoast=Low|DistRidge=Mid|HarvestSlattervallTotal=Low|Fe2O3=Low,0,42424242424242425,0,38181818181818183,0,18181818181818182
SoilDepthMeters,DirCoast,DistRidge,HarvestSlattervallTotal,Fe2O3,DirCoast=Low|DistRidge=Mid|HarvestSlattervallTotal=Mid|Fe2O3=High,0,5,0,35714285714285715,0,14285714285714285
SoilDepthMeters,DirCoast,DistRidge,HarvestSlattervallTotal,Fe2O3,DirCoast=Mid|DistRidge=High|HarvestSlattervallTotal=Mid|Fe2O3=High,0,15702479338842976,0,4214876033057851,0,4214876033057851
SoilDepthMeters,DirCoast,DistRidge,HarvestSlattervallTotal,Fe2O3,DirCoast=Low|DistRidge=High|HarvestSlattervallTotal=Low|Fe2O3=High,0,48188405797101447,0,3442028985507246,0,17391304347826086
SoilDepthMeters,DirCoast,DistRidge,HarvestSlattervallTotal,Fe2O3,DirCoast=Low|DistRidge=High|HarvestSlattervallTotal=High|Fe2O3=High,0,5072463768115942,0,43478260869565216,0,057971014492753624
SoilDepthMeters,DirCoast,DistRidge,HarvestSlattervallTotal,Fe2O3,DirCoast=Low|DistRidge=Missing|HarvestSlattervallTotal=Missing|Fe2O3=Low,0,7543859649122807,0,19298245614035087,0,05263157894736842
SoilDepthMeters,DirCoast,DistRidge,HarvestSlattervallTotal,Fe2O3,DirCoast=Low|DistRidge=Low|HarvestSlattervallTotal=Low|Fe2O3=Low,0,6666666666666666,0,24731182795698925,0,08602150537634409
SoilDepthMeters,DirCoast,DistRidge,HarvestSlattervallTotal,Fe2O3,DirCoast=Low|DistRidge=Missing|HarvestSlattervallTotal=Missing|Fe2O3=Mid,0,375,0,625,0
SoilDepthMeters,DirCoast,DistRidge,HarvestSlattervallTotal,Fe2O3,DirCoast=Mid|DistRidge=Missing|HarvestSlattervallTotal=High|Fe2O3=Low,0,08771929824561403,0,24561403508771928,0,6666666666666666
SoilDepthMeters,DirCoast,DistRidge,HarvestSlattervallTotal,Fe2O3,DirCoast=Mid|DistRidge=High|HarvestSlattervallTotal=High|Fe2O3=Low,0,3163841807909605,0,2033898305084746,0,480225988700565
SoilDepthMeters,DirCoast,DistRidge,HarvestSlattervallTotal,Fe2O3,DirCoast=Low|DistRidge=Missing|HarvestSlattervallTotal=Mid|Fe2O3=Low,0,35507246376811596,0,3188405797101449,0,2971014492753623
SoilDepthMeters,DirCoast,DistRidge,HarvestSlattervallTotal,Fe2O3,DirCoast=Low|DistRidge=Mid|HarvestSlattervallTotal=High|Fe2O3=Mid,0,6506849315068494,0,2671232876712329,0,0821917808219178
SoilDepthMeters,DirCoast,DistRidge,HarvestSlattervallTotal,Fe2O3,DirCoast=Mid|DistRidge=Low|HarvestSlattervallTotal=Missing|Fe2O3=Low,0,8446601941747572,0,1553398058252427,0
SoilDepthMeters,DirCoast,DistRidge,HarvestSlattervallTotal,Fe2O3,DirCoast=Mid|DistRidge=Low|HarvestSlattervallTotal=Low|Fe2O3=Low,0,4666666666666667,0,3333333333333333,0,2
SoilDepthMeters,DirCoast,DistRidge,HarvestSlattervallTotal,Fe2O3,DirCoast=Low|DistRidge=Mid|HarvestSlattervallTotal=High|Fe2O3=Low,0,6309523809523809,0,14682539682539683,0,2222222222222222
SoilDepthMeters,DirCoast,DistRidge,HarvestSlattervallTotal,Fe2O3,DirCoast=Low|DistRidge=High|HarvestSlattervallTotal=Missing|Fe2O3=Low,0,21212121212121213,0,36363636363636365,0,36363636363636365
SoilDepthMeters,DirCoast,DistRidge,HarvestSlattervallTotal,Fe2O3,DirCoast=High|DistRidge=High|HarvestSlattervallTotal=Mid|Fe2O3=High,0,12195121951219512,0,47560975609756095,0,4024390243902439
SoilDepthMeters,DirCoast,DistRidge,HarvestSlattervallTotal,Fe2O3,DirCoast=Low|DistRidge=Missing|HarvestSlattervallTotal=High|Fe2O3=Mid,0,25,0,7291666666666666,0,020833333333333332
SoilDepthMeters,DirCoast,DistRidge,HarvestSlattervallTotal,Fe2O3,DirCoast=Low|DistRidge=High|HarvestSlattervallTotal=High|Fe2O3=Mid,0,2972972972972973,0,7027027027027027,0
SoilDepthMeters,DirCoast,DistRidge,HarvestSlattervallTotal,Fe2O3,DirCoast=High|DistRidge=Mid|HarvestSlattervallTotal=High|Fe2O3=Low,0,47368421052631576,0,3684210526315789,0,15789473684210525
SoilDepthMeters,DirCoast,DistRidge,HarvestSlattervallTotal,Fe2O3,DirCoast=Low|DistRidge=Missing|HarvestSlattervallTotal=High|Fe2O3=High,0,3333333333333333,0,5,0,16666666666666666
SoilDepthMeters,DirCoast,DistRidge,HarvestSlattervallTotal,Fe2O3,DirCoast=Mid|DistRidge=Missing|HarvestSlattervallTotal=Low|Fe2O3=Low,0,36752136752136755,0,24786324786324787,0,3504273504273504
SoilDepthMeters,DirCoast,DistRidge,HarvestSlattervallTotal,Fe2O3,DirCoast=Low|DistRidge=High|HarvestSlattervallTotal=Missing|Fe2O3=Missing,0,2631578947368421,0,7368421052631579,0
SoilDepthMeters,DirCoast,DistRidge,HarvestSlattervallTotal,Fe2O3,DirCoast=Mid|DistRidge=Mid|HarvestSlattervallTotal=Mid|Fe2O3=High,0,08,0,8,0,12
SoilDepthMeters,DirCoast,DistRidge,HarvestSlattervallTotal,Fe2O3,DirCoast=Mid|DistRidge=Low|HarvestSlattervallTotal=Mid|Fe2O3=High,1,0,0
SoilDepthMeters,DirCoast,DistRidge,HarvestSlattervallTotal,Fe2O3,DirCoast=Low|DistRidge=Low|HarvestSlattervallTotal=Mid|Fe2O3=High,0,918918918918919,0,08108108108108109,0
SoilDepthMeters,DirCoast,DistRidge,HarvestSlattervallTotal,Fe2O3,DirCoast=Mid|DistRidge=High|HarvestSlattervallTotal=Missing|Fe2O3=Mid,0,43209876543209874,0,4074074074074074,0,16049382716049382
SoilDepthMeters,DirCoast,DistRidge,HarvestSlattervallTotal,Fe2O3,DirCoast=Mid|DistRidge=High|HarvestSlattervallTotal=High|Fe2O3=High,0,35294117647058826,0,5294117647058824,0,11764705882352941
SoilDepthMeters,DirCoast,DistRidge,HarvestSlattervallTotal,Fe2O3,DirCoast=High|DistRidge=Mid|HarvestSlattervallTotal=Mid|Fe2O3=High,0,23529411764705882,0,5294117647058824,0,23529411764705882
SoilDepthMeters,DirCoast,DistRidge,HarvestSlattervallTotal,Fe2O3,DirCoast=High|DistRidge=Missing|HarvestSlattervallTotal=High|Fe2O3=Mid,0,1111111111111111,0,37777777777777777,0,5111111111111111
SoilDepthMeters,DirCoast,DistRidge,HarvestSlattervallTotal,Fe2O3,DirCoast=High|DistRidge=Low|HarvestSlattervallTotal=High|Fe2O3=Mid,0,6966292134831461,0,29213483146067415,0,011235955056179775
SoilDepthMeters,DirCoast,DistRidge,HarvestSlattervallTotal,Fe2O3,DirCoast=Mid|DistRidge=Low|HarvestSlattervallTotal=Missing|Fe2O3=Missing,1,0,0
SoilDepthMeters,DirCoast,DistRidge,HarvestSlattervallTotal,Fe2O3,DirCoast=Low|DistRidge=Mid|HarvestSlattervallTotal=Missing|Fe2O3=High,0,5,0,5,0
SoilDepthMeters,DirCoast,DistRidge,HarvestSlattervallTotal,Fe2O3,DirCoast=Mid|DistRidge=Missing|HarvestSlattervallTotal=Low|Fe2O3=Mid,0,02857142857142857,0,5142857142857142,0,4
SoilDepthMeters,DirCoast,DistRidge,HarvestSlattervallTotal,Fe2O3,DirCoast=Low|DistRidge=Missing|HarvestSlattervallTotal=Mid|Fe2O3=Missing,0,0,09009009009009009,0,9099099099099099
SoilDepthMeters,DirCoast,DistRidge,HarvestSlattervallTotal,Fe2O3,DirCoast=Low|DistRidge=Missing|HarvestSlattervallTotal=Missing|Fe2O3=Missing,0,7692307692307693,0,23076923076923078,0
SoilDepthMeters,DirCoast,DistRidge,HarvestSlattervallTotal,Fe2O3,DirCoast=High|DistRidge=High|HarvestSlattervallTotal=High|Fe2O3=High,0,3333333333333333,0,0,6666666666666666
SoilDepthMeters,DirCoast,DistRidge,HarvestSlattervallTotal,Fe2O3,DirCoast=Low|DistRidge=High|HarvestSlattervallTotal=Low|Fe2O3=Missing,0,6067415730337079,0,24719101123595505,0,12359550561797752
SoilDepthMeters,DirCoast,DistRidge,HarvestSlattervallTotal,Fe2O3,DirCoast=High|DistRidge=High|HarvestSlattervallTotal=High|Fe2O3=Mid,0,5833333333333334,0,041666666666666664,0,375
SoilDepthMeters,DirCoast,DistRidge,HarvestSlattervallTotal,Fe2O3,DirCoast=Low|DistRidge=Missing|HarvestSlattervallTotal=Low|Fe2O3=High,0,4444444444444444,0,4444444444444444,0,1111111111111111
SoilDepthMeters,DirCoast,DistRidge,HarvestSlattervallTotal,Fe2O3,DirCoast=High|DistRidge=Missing|HarvestSlattervallTotal=Missing|Fe2O3=Low,0,27586206896551724,0,6896551724137931,0,034482758620689655
SoilDepthMeters,DirCoast,DistRidge,HarvestSlattervallTotal,Fe2O3,DirCoast=Mid|DistRidge=Missing|HarvestSlattervallTotal=Low|Fe2O3=High,0,25806451612903225,0,3870967741935484,0,2903225806451613
SoilDepthMeters,DirCoast,DistRidge,HarvestSlattervallTotal,Fe2O3,DirCoast=High|DistRidge=Mid|HarvestSlattervallTotal=Missing|Fe2O3=Mid,0,0,6666666666666666,0,3333333333333333
SoilDepthMeters,DirCoast,DistRidge,HarvestSlattervallTotal,Fe2O3,DirCoast=Low|DistRidge=High|HarvestSlattervallTotal=High|Fe2O3=Low,0,3442622950819672,0,5081967213114754,0,14754098360655737
SoilDepthMeters,DirCoast,DistRidge,HarvestSlattervallTotal,Fe2O3,DirCoast=Mid|DistRidge=High|HarvestSlattervallTotal=Low|Fe2O3=Mid,0,4166666666666667,0,125,0,43333333333333335
SoilDepthMeters,DirCoast,DistRidge,HarvestSlattervallTotal,Fe2O3,DirCoast=Low|DistRidge=Missing|HarvestSlattervallTotal=High|Fe2O3=Missing,0,2857142857142857,0,7142857142857143,0
SoilDepthMeters,DirCoast,DistRidge,HarvestSlattervallTotal,Fe2O3,DirCoast=Mid|DistRidge=Mid|HarvestSlattervallTotal=Low|Fe2O3=Mid,0,6448598130841121,0,22429906542056074,0,1308411214953271
SoilDepthMeters,DirCoast,DistRidge,HarvestSlattervallTotal,Fe2O3,DirCoast=Mid|DistRidge=Mid|HarvestSlattervallTotal=Missing|Fe2O3=Mid,0,5555555555555556,0,37777777777777777,0,06666666666666667
SoilDepthMeters,DirCoast,DistRidge,HarvestSlattervallTotal,Fe2O3,DirCoast=Low|DistRidge=Mid|HarvestSlattervallTotal=Mid|Fe2O3=Low,0,4375,0,4375,0,125
SoilDepthMeters,DirCoast,DistRidge,HarvestSlattervallTotal,Fe2O3,DirCoast=Low|DistRidge=Low|HarvestSlattervallTotal=Low|Fe2O3=Missing,0,6666666666666666,0,3333333333333333,0
SoilDepthMeters,DirCoast,DistRidge,HarvestSlattervallTotal,Fe2O3,DirCoast=High|DistRidge=High|HarvestSlattervallTotal=Missing|Fe2O3=Low,0,15384615384615385,0,6923076923076923,0,15384615384615385
SoilDepthMeters,DirCoast,DistRidge,HarvestSlattervallTotal,Fe2O3,DirCoast=Mid|DistRidge=Low|HarvestSlattervallTotal=Missing|Fe2O3=High,0,5757575757575758,0,06060606060606061,0,36363636363636365
SoilDepthMeters,DirCoast,DistRidge,HarvestSlattervallTotal,Fe2O3,DirCoast=Mid|DistRidge=Missing|HarvestSlattervallTotal=Missing|Fe2O3=Mid,0,47058823529411764,0,23529411764705882,0,23529411764705882
SoilDepthMeters,DirCoast,DistRidge,HarvestSlattervallTotal,Fe2O3,DirCoast=Mid|DistRidge=Mid|HarvestSlattervallTotal=Mid|Fe2O3=Low,0,08695652173913043,0,6956521739130435,0,21739130434782608
SoilDepthMeters,DirCoast,DistRidge,HarvestSlattervallTotal,Fe2O3,DirCoast=High|DistRidge=Missing|HarvestSlattervallTotal=High|Fe2O3=Missing,0,6,0,08,0,24
SoilDepthMeters,DirCoast,DistRidge,HarvestSlattervallTotal,Fe2O3,DirCoast=Mid|DistRidge=High|HarvestSlattervallTotal=Missing|Fe2O3=High,0,8571428571428571,0,0,14285714285714285
SoilDepthMeters,DirCoast,DistRidge,HarvestSlattervallTotal,Fe2O3,DirCoast=Low|DistRidge=Low|HarvestSlattervallTotal=Missing|Fe2O3=Low,0,7647058823529411,0,11764705882352941,0,11764705882352941
SoilDepthMeters,DirCoast,DistRidge,HarvestSlattervallTotal,Fe2O3,DirCoast=High|DistRidge=High|HarvestSlattervallTotal=Missing|Fe2O3=High,0,1,0
SoilDepthMeters,DirCoast,DistRidge,HarvestSlattervallTotal,Fe2O3,DirCoast=High|DistRidge=High|HarvestSlattervallTotal=High|Fe2O3=Missing,0,14285714285714285,0,7142857142857143,0,14285714285714285
SoilDepthMeters,DirCoast,DistRidge,HarvestSlattervallTotal,Fe2O3,DirCoast=High|DistRidge=Low|HarvestSlattervallTotal=Mid|Fe2O3=High,0,0,1
SoilDepthMeters,DirCoast,DistRidge,HarvestSlattervallTotal,Fe2O3,DirCoast=High|DistRidge=Missing|HarvestSlattervallTotal=Missing|Fe2O3=Missing,0,0,0
SoilDepthMeters,DirCoast,DistRidge,HarvestSlattervallTotal,Fe2O3,DirCoast=Mid|DistRidge=Mid|HarvestSlattervallTotal=Missing|Fe2O3=High,0,125,0,5535714285714286,0,32142857142857145
SoilDepthMeters,DirCoast,DistRidge,HarvestSlattervallTotal,Fe2O3,DirCoast=Low|DistRidge=Mid|HarvestSlattervallTotal=Missing|Fe2O3=Low,0,7352941176470589,0,2647058823529412,0
SoilDepthMeters,DirCoast,DistRidge,HarvestSlattervallTotal,Fe2O3,DirCoast=High|DistRidge=Low|HarvestSlattervallTotal=Missing|Fe2O3=Low,0,5,0,5,0
SoilDepthMeters,DirCoast,DistRidge,HarvestSlattervallTotal,Fe2O3,DirCoast=High|DistRidge=Missing|HarvestSlattervallTotal=High|Fe2O3=High,0,7272727272727273,0,2727272727272727,0
SoilDepthMeters,DirCoast,DistRidge,HarvestSlattervallTotal,Fe2O3,DirCoast=Mid|DistRidge=Missing|HarvestSlattervallTotal=High|Fe2O3=High,1,0,0
SoilDepthMeters,DirCoast,DistRidge,HarvestSlattervallTotal,Fe2O3,DirCoast=High|DistRidge=Low|HarvestSlattervallTotal=High|Fe2O3=Missing,1,0,0
SoilDepthMeters,DirCoast,DistRidge,HarvestSlattervallTotal,Fe2O3,DirCoast=High|DistRidge=Low|HarvestSlattervallTotal=Missing|Fe2O3=Mid,0,0,5,0,5
SoilDepthMeters,DirCoast,DistRidge,HarvestSlattervallTotal,Fe2O3,DirCoast=Low|DistRidge=Missing|HarvestSlattervallTotal=Missing|Fe2O3=High,0,5714285714285714,0,0,42857142857142855
SoilDepthMeters,DirCoast,DistRidge,HarvestSlattervallTotal,Fe2O3,DirCoast=Mid|DistRidge=Mid|HarvestSlattervallTotal=Missing|Fe2O3=Missing,0,8,0,2,0
SoilDepthMeters,DirCoast,DistRidge,HarvestSlattervallTotal,Fe2O3,DirCoast=Low|DistRidge=Mid|HarvestSlattervallTotal=Mid|Fe2O3=Mid,0,5,0,5,0
SoilDepthMeters,DirCoast,DistRidge,HarvestSlattervallTotal,Fe2O3,DirCoast=Mid|DistRidge=Missing|HarvestSlattervallTotal=High|Fe2O3=Mid,0,42857142857142855,0,14285714285714285,0,42857142857142855
SoilDepthMeters,DirCoast,DistRidge,HarvestSlattervallTotal,Fe2O3,DirCoast=High|DistRidge=Mid|HarvestSlattervallTotal=Missing|Fe2O3=Low,1,0,0
SoilDepthMeters,DirCoast,DistRidge,HarvestSlattervallTotal,Fe2O3,DirCoast=Mid|DistRidge=Missing|HarvestSlattervallTotal=Missing|Fe2O3=High,0,08333333333333333,0,9166666666666666,0
SoilDepthMeters,DirCoast,DistRidge,HarvestSlattervallTotal,Fe2O3,DirCoast=High|DistRidge=Missing|HarvestSlattervallTotal=Missing|Fe2O3=Mid,0,0,4,0,6
SoilDepthMeters,DirCoast,DistRidge,HarvestSlattervallTotal,Fe2O3,DirCoast=Mid|DistRidge=Mid|HarvestSlattervallTotal=Mid|Fe2O3=Mid,0,8333333333333334,0,0,16666666666666666
SoilDepthMeters,DirCoast,DistRidge,HarvestSlattervallTotal,Fe2O3,DirCoast=Low|DistRidge=High|HarvestSlattervallTotal=Missing|Fe2O3=High,1,0,0
SoilDepthMeters,DirCoast,DistRidge,HarvestSlattervallTotal,Fe2O3,DirCoast=Low|DistRidge=Low|HarvestSlattervallTotal=Mid|Fe2O3=Mid,0,1,0
SoilDepthMeters,DirCoast,DistRidge,HarvestSlattervallTotal,Fe2O3,DirCoast=Low|DistRidge=Mid|HarvestSlattervallTotal=Missing|Fe2O3=Missing,0,09090909090909091,0,9090909090909091,0
SoilDepthMeters,DirCoast,DistRidge,HarvestSlattervallTotal,Fe2O3,DirCoast=Mid|DistRidge=High|HarvestSlattervallTotal=High|Fe2O3=Missing,0,1,0
SoilDepthMeters,DirCoast,DistRidge,HarvestSlattervallTotal,Fe2O3,DirCoast=Low|DistRidge=Low|HarvestSlattervallTotal=Missing|Fe2O3=Missing,1,0,0
SoilDepthMeters,DirCoast,DistRidge,HarvestSlattervallTotal,Fe2O3,DirCoast=High|DistRidge=Missing|HarvestSlattervallTotal=Mid|Fe2O3=Missing,0,0,5,0,5
SoilDepthMeters,DirCoast,DistRidge,HarvestSlattervallTotal,Fe2O3,DirCoast=Mid|DistRidge=Missing|HarvestSlattervallTotal=Missing|Fe2O3=Missing,0,42857142857142855,0,5714285714285714,0
SoilDepthMeters,DirCoast,DistRidge,HarvestSlattervallTotal,Fe2O3,DirCoast=Mid|DistRidge=Missing|HarvestSlattervallTotal=High|Fe2O3=Missing,0,6666666666666666,0,3333333333333333,0
SoilDepthMeters,DirCoast,DistRidge,HarvestSlattervallTotal,Fe2O3,DirCoast=High|DistRidge=Mid|HarvestSlattervallTotal=Missing|Fe2O3=Missing,1,0,0
SoilDepthMeters,DirCoast,DistRidge,HarvestSlattervallTotal,Fe2O3,DirCoast=Mid|DistRidge=High|HarvestSlattervallTotal=Missing|Fe2O3=Missing,1,0,0
DistRidge,DirCoast,HarvestSlattervallTotal,CrPpm,GlobalDensity,DirCoast=Mid|HarvestSlattervallTotal=Low|CrPpm=Missing|GlobalDensity=Mid,0,3076923076923077,0,2564102564102564,0,23076923076923078
DistRidge,DirCoast,HarvestSlattervallTotal,CrPpm,GlobalDensity,DirCoast=Mid|HarvestSlattervallTotal=Mid|CrPpm=High|GlobalDensity=Mid,0,006535947712418301,0,020261437908496733,0,0869281045751634
DistRidge,DirCoast,HarvestSlattervallTotal,CrPpm,GlobalDensity,DirCoast=High|HarvestSlattervallTotal=Mid|CrPpm=High|GlobalDensity=Mid,0,0,023214285714285715,0,06696428571428571
DistRidge,DirCoast,HarvestSlattervallTotal,CrPpm,GlobalDensity,DirCoast=Mid|HarvestSlattervallTotal=Low|CrPpm=Missing|GlobalDensity=High,0,036734693877551024,0,23265306122448978,0,33877551020408164
DistRidge,DirCoast,HarvestSlattervallTotal,CrPpm,GlobalDensity,DirCoast=Mid|HarvestSlattervallTotal=Low|CrPpm=Mid|GlobalDensity=Low,0,024390243902439025,0,08130081300813008,0,4959349593495935
DistRidge,DirCoast,HarvestSlattervallTotal,CrPpm,GlobalDensity,DirCoast=High|HarvestSlattervallTotal=Mid|CrPpm=Mid|GlobalDensity=Mid,0,0,0,09195402298850575
DistRidge,DirCoast,HarvestSlattervallTotal,CrPpm,GlobalDensity,DirCoast=Mid|HarvestSlattervallTotal=Low|CrPpm=Missing|GlobalDensity=Low,0,12418300653594772,0,19607843137254902,0,28104575163398693
DistRidge,DirCoast,HarvestSlattervallTotal,CrPpm,GlobalDensity,DirCoast=Low|HarvestSlattervallTotal=Low|CrPpm=Mid|GlobalDensity=High,0,13347457627118645,0,2976694915254237,0,4851694915254237
DistRidge,DirCoast,HarvestSlattervallTotal,CrPpm,GlobalDensity,DirCoast=Low|HarvestSlattervallTotal=High|CrPpm=Mid|GlobalDensity=Low,0,6762672811059908,0,13248847926267282,0,18663594470046083
DistRidge,DirCoast,HarvestSlattervallTotal,CrPpm,GlobalDensity,DirCoast=Low|HarvestSlattervallTotal=High|CrPpm=High|GlobalDensity=Low,0,7073529411764706,0,21323529411764705,0,06764705882352941
DistRidge,DirCoast,HarvestSlattervallTotal,CrPpm,GlobalDensity,DirCoast=High|HarvestSlattervallTotal=High|CrPpm=High|GlobalDensity=Low,0,6919831223628692,0,2616033755274262,0,046413502109704644
DistRidge,DirCoast,HarvestSlattervallTotal,CrPpm,GlobalDensity,DirCoast=High|HarvestSlattervallTotal=High|CrPpm=Mid|GlobalDensity=Low,0,65,0,2,0,15
DistRidge,DirCoast,HarvestSlattervallTotal,CrPpm,GlobalDensity,DirCoast=Low|HarvestSlattervallTotal=Low|CrPpm=Missing|GlobalDensity=Low,0,102880658436214,0,3004115226337449,0,1111111111111111
DistRidge,DirCoast,HarvestSlattervallTotal,CrPpm,GlobalDensity,DirCoast=High|HarvestSlattervallTotal=Low|CrPpm=High|GlobalDensity=Low,0,3069306930693069,0,44554455445544555,0,2376237623762376
DistRidge,DirCoast,HarvestSlattervallTotal,CrPpm,GlobalDensity,DirCoast=Mid|HarvestSlattervallTotal=Missing|CrPpm=Low|GlobalDensity=Mid,0,058524173027989825,0,14249363867684478,0,7989821882951654
DistRidge,DirCoast,HarvestSlattervallTotal,CrPpm,GlobalDensity,DirCoast=Low|HarvestSlattervallTotal=Mid|CrPpm=Low|GlobalDensity=High,0,024054982817869417,0,03436426116838488,0,20962199312714777
DistRidge,DirCoast,HarvestSlattervallTotal,CrPpm,GlobalDensity,DirCoast=High|HarvestSlattervallTotal=Mid|CrPpm=Low|GlobalDensity=High,0,13304721030042918,0,23605150214592274,0,23605150214592274
DistRidge,DirCoast,HarvestSlattervallTotal,CrPpm,GlobalDensity,DirCoast=Mid|HarvestSlattervallTotal=Mid|CrPpm=Low|GlobalDensity=High,0,09115281501340483,0,05630026809651475,0,13404825737265416
DistRidge,DirCoast,HarvestSlattervallTotal,CrPpm,GlobalDensity,DirCoast=High|HarvestSlattervallTotal=Low|CrPpm=Missing|GlobalDensity=Mid,0,09515570934256055,0,2681660899653979,0,185121107266436
DistRidge,DirCoast,HarvestSlattervallTotal,CrPpm,GlobalDensity,DirCoast=High|HarvestSlattervallTotal=Low|CrPpm=Missing|GlobalDensity=Low,0,09866666666666667,0,14933333333333335,0,25333333333333335
DistRidge,DirCoast,HarvestSlattervallTotal,CrPpm,GlobalDensity,DirCoast=Low|HarvestSlattervallTotal=Missing|CrPpm=Mid|GlobalDensity=High,0,0,0,7837837837837838
DistRidge,DirCoast,HarvestSlattervallTotal,CrPpm,GlobalDensity,DirCoast=Low|HarvestSlattervallTotal=Mid|CrPpm=Mid|GlobalDensity=High,0,0,0,06415094339622641
DistRidge,DirCoast,HarvestSlattervallTotal,CrPpm,GlobalDensity,DirCoast=High|HarvestSlattervallTotal=Low|CrPpm=Low|GlobalDensity=Low,0,2545871559633027,0,5091743119266054,0,22706422018348624
DistRidge,DirCoast,HarvestSlattervallTotal,CrPpm,GlobalDensity,DirCoast=Mid|HarvestSlattervallTotal=Low|CrPpm=High|GlobalDensity=Mid,0,11475409836065574,0,06557377049180328,0,819672131147541
DistRidge,DirCoast,HarvestSlattervallTotal,CrPpm,GlobalDensity,DirCoast=High|HarvestSlattervallTotal=Low|CrPpm=Mid|GlobalDensity=Low,0,28368794326241137,0,48226950354609927,0,14184397163120568
DistRidge,DirCoast,HarvestSlattervallTotal,CrPpm,GlobalDensity,DirCoast=Mid|HarvestSlattervallTotal=Low|CrPpm=Low|GlobalDensity=Low,0,4084507042253521,0,34507042253521125,0,14788732394366197
DistRidge,DirCoast,HarvestSlattervallTotal,CrPpm,GlobalDensity,DirCoast=Mid|HarvestSlattervallTotal=Missing|CrPpm=Mid|GlobalDensity=Mid,0,46808510638297873,0,02127659574468085,0,5106382978723404
DistRidge,DirCoast,HarvestSlattervallTotal,CrPpm,GlobalDensity,DirCoast=Low|HarvestSlattervallTotal=Missing|CrPpm=Mid|GlobalDensity=Mid,0,3333333333333333,0,4166666666666667,0,25
DistRidge,DirCoast,HarvestSlattervallTotal,CrPpm,GlobalDensity,DirCoast=Low|HarvestSlattervallTotal=Mid|CrPpm=High|GlobalDensity=Mid,0,07961165048543689,0,10097087378640776,0,26019417475728157
DistRidge,DirCoast,HarvestSlattervallTotal,CrPpm,GlobalDensity,DirCoast=Low|HarvestSlattervallTotal=High|CrPpm=Low|GlobalDensity=Mid,0,2923076923076923,0,2923076923076923,0,16923076923076924
DistRidge,DirCoast,HarvestSlattervallTotal,CrPpm,GlobalDensity,DirCoast=Mid|HarvestSlattervallTotal=Mid|CrPpm=Mid|GlobalDensity=High,0,0,0,2222222222222222
DistRidge,DirCoast,HarvestSlattervallTotal,CrPpm,GlobalDensity,DirCoast=Mid|HarvestSlattervallTotal=High|CrPpm=Low|GlobalDensity=Low,0,3726235741444867,0,5342205323193916,0,09315589353612168
DistRidge,DirCoast,HarvestSlattervallTotal,CrPpm,GlobalDensity,DirCoast=High|HarvestSlattervallTotal=Low|CrPpm=Low|GlobalDensity=High,0,08158508158508158,0,22727272727272727,0,5221445221445221
DistRidge,DirCoast,HarvestSlattervallTotal,CrPpm,GlobalDensity,DirCoast=High|HarvestSlattervallTotal=Low|CrPpm=High|GlobalDensity=High,0,12363636363636364,0,5418181818181819,0,06909090909090909
DistRidge,DirCoast,HarvestSlattervallTotal,CrPpm,GlobalDensity,DirCoast=High|HarvestSlattervallTotal=Low|CrPpm=Mid|GlobalDensity=Mid,0,8743169398907104,0,04371584699453552,0
DistRidge,DirCoast,HarvestSlattervallTotal,CrPpm,GlobalDensity,DirCoast=High|HarvestSlattervallTotal=Mid|CrPpm=Mid|GlobalDensity=Low,0,0,8823529411764706,0,0784313725490196
DistRidge,DirCoast,HarvestSlattervallTotal,CrPpm,GlobalDensity,DirCoast=Mid|HarvestSlattervallTotal=Low|CrPpm=High|GlobalDensity=Low,0,1941747572815534,0,42718446601941745,0,21359223300970873
DistRidge,DirCoast,HarvestSlattervallTotal,CrPpm,GlobalDensity,DirCoast=Mid|HarvestSlattervallTotal=High|CrPpm=High|GlobalDensity=Low,0,6407942238267148,0,33212996389891697,0,02707581227436823
DistRidge,DirCoast,HarvestSlattervallTotal,CrPpm,GlobalDensity,DirCoast=High|HarvestSlattervallTotal=High|CrPpm=Low|GlobalDensity=High,0,0,0,24324324324324326
DistRidge,DirCoast,HarvestSlattervallTotal,CrPpm,GlobalDensity,DirCoast=Low|HarvestSlattervallTotal=Low|CrPpm=Mid|GlobalDensity=Low,0,03680981595092025,0,2147239263803681,0,3803680981595092
DistRidge,DirCoast,HarvestSlattervallTotal,CrPpm,GlobalDensity,DirCoast=High|HarvestSlattervallTotal=Low|CrPpm=High|GlobalDensity=Mid,0,046875,0,921875,0,03125
DistRidge,DirCoast,HarvestSlattervallTotal,CrPpm,GlobalDensity,DirCoast=Low|HarvestSlattervallTotal=Low|CrPpm=Low|GlobalDensity=Low,0,051470588235294115,0,125,0,2426470588235294
DistRidge,DirCoast,HarvestSlattervallTotal,CrPpm,GlobalDensity,DirCoast=High|HarvestSlattervallTotal=Low|CrPpm=Mid|GlobalDensity=High,0,24088748019017434,0,32805071315372425,0,179080824088748
DistRidge,DirCoast,HarvestSlattervallTotal,CrPpm,GlobalDensity,DirCoast=High|HarvestSlattervallTotal=Missing|CrPpm=Low|GlobalDensity=High,0,06818181818181818,0,17045454545454544,0,3181818181818182
DistRidge,DirCoast,HarvestSlattervallTotal,CrPpm,GlobalDensity,DirCoast=Mid|HarvestSlattervallTotal=Low|CrPpm=Low|GlobalDensity=High,0,25970149253731345,0,191044776119403,0,3044776119402985
DistRidge,DirCoast,HarvestSlattervallTotal,CrPpm,GlobalDensity,DirCoast=High|HarvestSlattervallTotal=Low|CrPpm=Missing|GlobalDensity=High,0,0,09174311926605505,0,2996941896024465
DistRidge,DirCoast,HarvestSlattervallTotal,CrPpm,GlobalDensity,DirCoast=Low|HarvestSlattervallTotal=Low|CrPpm=Low|GlobalDensity=High,0,2106164383561644,0,2191780821917808,0,19006849315068494
DistRidge,DirCoast,HarvestSlattervallTotal,CrPpm,GlobalDensity,DirCoast=Low|HarvestSlattervallTotal=Mid|CrPpm=Mid|GlobalDensity=Mid,0,0,029069767441860465,0,125
DistRidge,DirCoast,HarvestSlattervallTotal,CrPpm,GlobalDensity,DirCoast=High|HarvestSlattervallTotal=High|CrPpm=Mid|GlobalDensity=Mid,0,0916030534351145,0,8091603053435115,0,022900763358778626
DistRidge,DirCoast,HarvestSlattervallTotal,CrPpm,GlobalDensity,DirCoast=Mid|HarvestSlattervallTotal=High|CrPpm=Mid|GlobalDensity=Low,0,5,0,30472103004291845,0,19527896995708155
DistRidge,DirCoast,HarvestSlattervallTotal,CrPpm,GlobalDensity,DirCoast=Low|HarvestSlattervallTotal=High|CrPpm=Low|GlobalDensity=Low,0,7243589743589743,0,1782051282051282,0,05512820512820513
DistRidge,DirCoast,HarvestSlattervallTotal,CrPpm,GlobalDensity,DirCoast=Low|HarvestSlattervallTotal=Low|CrPpm=High|GlobalDensity=High,0,24719101123595505,0,19101123595505617,0,2883895131086142
DistRidge,DirCoast,HarvestSlattervallTotal,CrPpm,GlobalDensity,DirCoast=High|HarvestSlattervallTotal=Low|CrPpm=Low|GlobalDensity=Mid,0,35542168674698793,0,3795180722891566,0,26506024096385544
DistRidge,DirCoast,HarvestSlattervallTotal,CrPpm,GlobalDensity,DirCoast=Mid|HarvestSlattervallTotal=Missing|CrPpm=Low|GlobalDensity=High,0,19631901840490798,0,16257668711656442,0,48466257668711654
DistRidge,DirCoast,HarvestSlattervallTotal,CrPpm,GlobalDensity,DirCoast=Mid|HarvestSlattervallTotal=High|CrPpm=Low|GlobalDensity=High,0,1871345029239766,0,26900584795321636,0,42105263157894735
DistRidge,DirCoast,HarvestSlattervallTotal,CrPpm,GlobalDensity,DirCoast=Mid|HarvestSlattervallTotal=Mid|CrPpm=High|GlobalDensity=High,0,0,038461538461538464,0,9230769230769231
DistRidge,DirCoast,HarvestSlattervallTotal,CrPpm,GlobalDensity,DirCoast=Low|HarvestSlattervallTotal=Missing|CrPpm=Low|GlobalDensity=High,0,07246376811594203,0,11594202898550725,0,13043478260869565
DistRidge,DirCoast,HarvestSlattervallTotal,CrPpm,GlobalDensity,DirCoast=Mid|HarvestSlattervallTotal=High|CrPpm=Low|GlobalDensity=Mid,0,13592233009708737,0,21359223300970873,0,32038834951456313
DistRidge,DirCoast,HarvestSlattervallTotal,CrPpm,GlobalDensity,DirCoast=Mid|HarvestSlattervallTotal=High|CrPpm=Mid|GlobalDensity=Mid,0,15873015873015872,0,5158730158730159,0,31746031746031744
DistRidge,DirCoast,HarvestSlattervallTotal,CrPpm,GlobalDensity,DirCoast=Low|HarvestSlattervallTotal=Low|CrPpm=High|GlobalDensity=Low,0,09734513274336283,0,168141592920354,0,4424778761061947
DistRidge,DirCoast,HarvestSlattervallTotal,CrPpm,GlobalDensity,DirCoast=Mid|HarvestSlattervallTotal=High|CrPpm=Mid|GlobalDensity=High,0,04895104895104895,0,18181818181818182,0,5734265734265734
DistRidge,DirCoast,HarvestSlattervallTotal,CrPpm,GlobalDensity,DirCoast=Low|HarvestSlattervallTotal=Mid|CrPpm=High|GlobalDensity=High,0,0,0
DistRidge,DirCoast,HarvestSlattervallTotal,CrPpm,GlobalDensity,DirCoast=High|HarvestSlattervallTotal=High|CrPpm=Low|GlobalDensity=Low,0,4583333333333333,0,4305555555555556,0,1111111111111111
DistRidge,DirCoast,HarvestSlattervallTotal,CrPpm,GlobalDensity,DirCoast=Low|HarvestSlattervallTotal=High|CrPpm=High|GlobalDensity=High,0,0,13333333333333333,0,6
DistRidge,DirCoast,HarvestSlattervallTotal,CrPpm,GlobalDensity,DirCoast=Low|HarvestSlattervallTotal=Missing|CrPpm=Missing|GlobalDensity=Mid,0,05357142857142857,0,17857142857142858,0,23214285714285715
DistRidge,DirCoast,HarvestSlattervallTotal,CrPpm,GlobalDensity,DirCoast=Mid|HarvestSlattervallTotal=High|CrPpm=High|GlobalDensity=Mid,0,125,0,375,0,5
DistRidge,DirCoast,HarvestSlattervallTotal,CrPpm,GlobalDensity,DirCoast=High|HarvestSlattervallTotal=High|CrPpm=Mid|GlobalDensity=High,0,0,18181818181818182,0
DistRidge,DirCoast,HarvestSlattervallTotal,CrPpm,GlobalDensity,DirCoast=Mid|HarvestSlattervallTotal=Low|CrPpm=Mid|GlobalDensity=High,0,10909090909090909,0,3393939393939394,0,44242424242424244
DistRidge,DirCoast,HarvestSlattervallTotal,CrPpm,GlobalDensity,DirCoast=Low|HarvestSlattervallTotal=Low|CrPpm=Missing|GlobalDensity=Mid,0,0625,0,15625,0,75
DistRidge,DirCoast,HarvestSlattervallTotal,CrPpm,GlobalDensity,DirCoast=Mid|HarvestSlattervallTotal=Missing|CrPpm=Missing|GlobalDensity=Low,0,6666666666666666,0,3333333333333333,0
DistRidge,DirCoast,HarvestSlattervallTotal,CrPpm,GlobalDensity,DirCoast=Low|HarvestSlattervallTotal=Missing|CrPpm=High|GlobalDensity=High,0,0,7272727272727273,0
DistRidge,DirCoast,HarvestSlattervallTotal,CrPpm,GlobalDensity,DirCoast=Low|HarvestSlattervallTotal=Mid|CrPpm=Missing|GlobalDensity=High,0,0,0
DistRidge,DirCoast,HarvestSlattervallTotal,CrPpm,GlobalDensity,DirCoast=Mid|HarvestSlattervallTotal=Missing|CrPpm=Low|GlobalDensity=Low,0,0,3333333333333333,0,6666666666666666
DistRidge,DirCoast,HarvestSlattervallTotal,CrPpm,GlobalDensity,DirCoast=Low|HarvestSlattervallTotal=High|CrPpm=Mid|GlobalDensity=Mid,0,19444444444444445,0,7361111111111112,0,05555555555555555
DistRidge,DirCoast,HarvestSlattervallTotal,CrPpm,GlobalDensity,DirCoast=Mid|HarvestSlattervallTotal=Missing|CrPpm=Mid|GlobalDensity=High,0,056179775280898875,0,2247191011235955,0,34831460674157305
DistRidge,DirCoast,HarvestSlattervallTotal,CrPpm,GlobalDensity,DirCoast=Low|HarvestSlattervallTotal=High|CrPpm=High|GlobalDensity=Mid,0,2222222222222222,0,2222222222222222,0,2222222222222222
DistRidge,DirCoast,HarvestSlattervallTotal,CrPpm,GlobalDensity,DirCoast=Mid|HarvestSlattervallTotal=Low|CrPpm=High|GlobalDensity=High,0,0,0,6363636363636364
DistRidge,DirCoast,HarvestSlattervallTotal,CrPpm,GlobalDensity,DirCoast=High|HarvestSlattervallTotal=Missing|CrPpm=Mid|GlobalDensity=Mid,0,25,0,75,0
DistRidge,DirCoast,HarvestSlattervallTotal,CrPpm,GlobalDensity,DirCoast=Mid|HarvestSlattervallTotal=Low|CrPpm=Mid|GlobalDensity=Mid,0,04878048780487805,0,5,0,45121951219512196
DistRidge,DirCoast,HarvestSlattervallTotal,CrPpm,GlobalDensity,DirCoast=Low|HarvestSlattervallTotal=High|CrPpm=Missing|GlobalDensity=Low,0,0,0
DistRidge,DirCoast,HarvestSlattervallTotal,CrPpm,GlobalDensity,DirCoast=High|HarvestSlattervallTotal=High|CrPpm=Low|GlobalDensity=Mid,0,5517241379310345,0,1724137931034483,0,2413793103448276
DistRidge,DirCoast,HarvestSlattervallTotal,CrPpm,GlobalDensity,DirCoast=Mid|HarvestSlattervallTotal=Missing|CrPpm=High|GlobalDensity=Mid,0,3157894736842105,0,5789473684210527,0
DistRidge,DirCoast,HarvestSlattervallTotal,CrPpm,GlobalDensity,DirCoast=Mid|HarvestSlattervallTotal=Mid|CrPpm=High|GlobalDensity=Low,0,0,0
DistRidge,DirCoast,HarvestSlattervallTotal,CrPpm,GlobalDensity,DirCoast=High|HarvestSlattervallTotal=Mid|CrPpm=Mid|GlobalDensity=High,0,0,2857142857142857,0,5714285714285714
DistRidge,DirCoast,HarvestSlattervallTotal,CrPpm,GlobalDensity,DirCoast=Low|HarvestSlattervallTotal=Missing|CrPpm=Missing|GlobalDensity=Low,0,0,014705882352941176,0,08823529411764706
DistRidge,DirCoast,HarvestSlattervallTotal,CrPpm,GlobalDensity,DirCoast=Low|HarvestSlattervallTotal=Low|CrPpm=Missing|GlobalDensity=High,0,12857142857142856,0,15714285714285714,0,5428571428571428
DistRidge,DirCoast,HarvestSlattervallTotal,CrPpm,GlobalDensity,DirCoast=Low|HarvestSlattervallTotal=High|CrPpm=Low|GlobalDensity=High,0,15714285714285714,0,24285714285714285,0,5142857142857142
DistRidge,DirCoast,HarvestSlattervallTotal,CrPpm,GlobalDensity,DirCoast=High|HarvestSlattervallTotal=Mid|CrPpm=High|GlobalDensity=Low,0,0,0
DistRidge,DirCoast,HarvestSlattervallTotal,CrPpm,GlobalDensity,DirCoast=High|HarvestSlattervallTotal=High|CrPpm=Missing|GlobalDensity=High,0,0,0
DistRidge,DirCoast,HarvestSlattervallTotal,CrPpm,GlobalDensity,DirCoast=Mid|HarvestSlattervallTotal=Missing|CrPpm=High|GlobalDensity=Low,0,23943661971830985,0,647887323943662,0,11267605633802817
DistRidge,DirCoast,HarvestSlattervallTotal,CrPpm,GlobalDensity,DirCoast=High|HarvestSlattervallTotal=High|CrPpm=Missing|GlobalDensity=Mid,0,0,0,4444444444444444
DistRidge,DirCoast,HarvestSlattervallTotal,CrPpm,GlobalDensity,DirCoast=High|HarvestSlattervallTotal=Mid|CrPpm=Low|GlobalDensity=Mid,0,0,0
DistRidge,DirCoast,HarvestSlattervallTotal,CrPpm,GlobalDensity,DirCoast=Low|HarvestSlattervallTotal=Missing|CrPpm=High|GlobalDensity=Mid,0,15384615384615385,0,5384615384615384,0,15384615384615385
DistRidge,DirCoast,HarvestSlattervallTotal,CrPpm,GlobalDensity,DirCoast=High|HarvestSlattervallTotal=Missing|CrPpm=Missing|GlobalDensity=Low,0,0,3333333333333333,0
DistRidge,DirCoast,HarvestSlattervallTotal,CrPpm,GlobalDensity,DirCoast=Low|HarvestSlattervallTotal=Missing|CrPpm=Mid|GlobalDensity=Low,0,19047619047619047,0,30952380952380953,0,2619047619047619
DistRidge,DirCoast,HarvestSlattervallTotal,CrPpm,GlobalDensity,DirCoast=Mid|HarvestSlattervallTotal=Low|CrPpm=Low|GlobalDensity=Mid,1,0,0
DistRidge,DirCoast,HarvestSlattervallTotal,CrPpm,GlobalDensity,DirCoast=Mid|HarvestSlattervallTotal=Mid|CrPpm=Mid|GlobalDensity=Mid,0,0,0,19631901840490798
DistRidge,DirCoast,HarvestSlattervallTotal,CrPpm,GlobalDensity,DirCoast=High|HarvestSlattervallTotal=High|CrPpm=Missing|GlobalDensity=Low,0,3333333333333333,0,0,2222222222222222
DistRidge,DirCoast,HarvestSlattervallTotal,CrPpm,GlobalDensity,DirCoast=High|HarvestSlattervallTotal=High|CrPpm=High|GlobalDensity=High,0,0,0
DistRidge,DirCoast,HarvestSlattervallTotal,CrPpm,GlobalDensity,DirCoast=Low|HarvestSlattervallTotal=Missing|CrPpm=High|GlobalDensity=Low,0,0,8571428571428571,0,14285714285714285
DistRidge,DirCoast,HarvestSlattervallTotal,CrPpm,GlobalDensity,DirCoast=Low|HarvestSlattervallTotal=Missing|CrPpm=Low|GlobalDensity=Mid,0,29411764705882354,0,0,7058823529411765
DistRidge,DirCoast,HarvestSlattervallTotal,CrPpm,GlobalDensity,DirCoast=Mid|HarvestSlattervallTotal=Mid|CrPpm=Low|GlobalDensity=Mid,0,0,0
DistRidge,DirCoast,HarvestSlattervallTotal,CrPpm,GlobalDensity,DirCoast=Low|HarvestSlattervallTotal=High|CrPpm=Mid|GlobalDensity=High,0,08333333333333333,0,7916666666666666,0
DistRidge,DirCoast,HarvestSlattervallTotal,CrPpm,GlobalDensity,DirCoast=Mid|HarvestSlattervallTotal=Missing|CrPpm=High|GlobalDensity=High,0,0,0
DistRidge,DirCoast,HarvestSlattervallTotal,CrPpm,GlobalDensity,DirCoast=High|HarvestSlattervallTotal=Missing|CrPpm=Mid|GlobalDensity=Low,0,0,1
DistRidge,DirCoast,HarvestSlattervallTotal,CrPpm,GlobalDensity,DirCoast=High|HarvestSlattervallTotal=High|CrPpm=High|GlobalDensity=Mid,0,25,0,3125,0
DistRidge,DirCoast,HarvestSlattervallTotal,CrPpm,GlobalDensity,DirCoast=High|HarvestSlattervallTotal=Mid|CrPpm=High|GlobalDensity=High,0,0,0,6666666666666666
DistRidge,DirCoast,HarvestSlattervallTotal,CrPpm,GlobalDensity,DirCoast=Low|HarvestSlattervallTotal=Missing|CrPpm=Low|GlobalDensity=Low,0,1111111111111111,0,0,3333333333333333
DistRidge,DirCoast,HarvestSlattervallTotal,CrPpm,GlobalDensity,DirCoast=High|HarvestSlattervallTotal=Missing|CrPpm=Low|GlobalDensity=Low,0,0,1
DistRidge,DirCoast,HarvestSlattervallTotal,CrPpm,GlobalDensity,DirCoast=Mid|HarvestSlattervallTotal=High|CrPpm=High|GlobalDensity=High,0,0,1
DistRidge,DirCoast,HarvestSlattervallTotal,CrPpm,GlobalDensity,DirCoast=Mid|HarvestSlattervallTotal=High|CrPpm=Missing|GlobalDensity=Mid,0,0,0,6666666666666666
DistRidge,DirCoast,HarvestSlattervallTotal,CrPpm,GlobalDensity,DirCoast=Low|HarvestSlattervallTotal=Mid|CrPpm=Low|GlobalDensity=Mid,0,0,0
DistRidge,DirCoast,HarvestSlattervallTotal,CrPpm,GlobalDensity,DirCoast=High|HarvestSlattervallTotal=Mid|CrPpm=Missing|GlobalDensity=Mid,0,0,0
DistRidge,DirCoast,HarvestSlattervallTotal,CrPpm,GlobalDensity,DirCoast=Mid|HarvestSlattervallTotal=Missing|CrPpm=Mid|GlobalDensity=Low,0,14285714285714285,0,0,8571428571428571
DistRidge,DirCoast,HarvestSlattervallTotal,CrPpm,GlobalDensity,DirCoast=Mid|HarvestSlattervallTotal=Missing|CrPpm=Missing|GlobalDensity=Mid,0,0,1,0,2
DistRidge,DirCoast,HarvestSlattervallTotal,CrPpm,GlobalDensity,DirCoast=Mid|HarvestSlattervallTotal=High|CrPpm=Missing|GlobalDensity=Low,0,0,0
DistRidge,DirCoast,HarvestSlattervallTotal,CrPpm,GlobalDensity,DirCoast=High|HarvestSlattervallTotal=Missing|CrPpm=Low|GlobalDensity=Mid,0,1,0
HarvestHostvete,Temperature,Humidity,IsMoran,Temperature=High|Humidity=Low|IsMoran=Low,0,27570213862406595,0,17315124967791806,0,5287297088379284
HarvestHostvete,Temperature,Humidity,IsMoran,Temperature=High|Humidity=Low|IsMoran=High,0,2900641025641026,0,2483974358974359,0,40865384615384615
HarvestHostvete,Temperature,Humidity,IsMoran,Temperature=High|Humidity=Mid|IsMoran=High,0,10703363914373089,0,672782874617737,0,21100917431192662
HarvestHostvete,Temperature,Humidity,IsMoran,Temperature=Mid|Humidity=Mid|IsMoran=Low,0,501734906315059,0,3834142956280361,0,08743927827897294
HarvestHostvete,Temperature,Humidity,IsMoran,Temperature=High|Humidity=Mid|IsMoran=Low,0,5005476451259584,0,32858707557502737,0,13581599123767799
HarvestHostvete,Temperature,Humidity,IsMoran,Temperature=Mid|Humidity=Mid|IsMoran=High,0,2851805728518057,0,6077210460772104,0,0660024906600249
HarvestHostvete,Temperature,Humidity,IsMoran,Temperature=High|Humidity=High|IsMoran=High,0,1,0
HarvestHostvete,Temperature,Humidity,IsMoran,Temperature=Mid|Humidity=High|IsMoran=Low,0,16986120290812953,0,8122934567085262,0
HarvestHostvete,Temperature,Humidity,IsMoran,Temperature=High|Humidity=High|IsMoran=Low,0,18604651162790697,0,4418604651162791,0,046511627906976744
HarvestHostvete,Temperature,Humidity,IsMoran,Temperature=Low|Humidity=Mid|IsMoran=Low,0,651778955336866,0,1794095382286147,0,08024224072672217
HarvestHostvete,Temperature,Humidity,IsMoran,Temperature=Low|Humidity=High|IsMoran=Low,0,5615788158880839,0,3404946290282288,0,00949288033974519
HarvestHostvete,Temperature,Humidity,IsMoran,Temperature=Low|Humidity=High|IsMoran=High,0,24887285843101895,0,6564472497745717,0,0036068530207394047
HarvestHostvete,Temperature,Humidity,IsMoran,Temperature=Mid|Humidity=Low|IsMoran=High,0,31106471816283926,0,06680584551148225,0,5866388308977035
HarvestHostvete,Temperature,Humidity,IsMoran,Temperature=Mid|Humidity=Low|IsMoran=Low,0,3086567164179104,0,07820895522388059,0,5755223880597015
HarvestHostvete,Temperature,Humidity,IsMoran,Temperature=Mid|Humidity=High|IsMoran=High,0,03490759753593429,0,9548254620123203,0
HarvestHostvete,Temperature,Humidity,IsMoran,Temperature=Low|Humidity=Mid|IsMoran=High,0,6346456692913386,0,27086614173228346,0,01889763779527559
HarvestHostvete,Temperature,Humidity,IsMoran,Temperature=Low|Humidity=Low|IsMoran=Low,0,3235294117647059,0,11764705882352941,0,29411764705882354
HarvestHostvete,Temperature,Humidity,IsMoran,Temperature=Low|Humidity=Low|IsMoran=High,0,5555555555555556,0,2222222222222222,0
HarvestHavre,Temperature,Humidity,HarvestHostvete,Temperature=High|Humidity=Low|HarvestHostvete=Low,0,895949720670391,0,07472067039106145,0
HarvestHavre,Temperature,Humidity,HarvestHostvete,Temperature=High|Humidity=Low|HarvestHostvete=Mid,0,34419551934826886,0,6558044806517311,0
HarvestHavre,Temperature,Humidity,HarvestHostvete,Temperature=High|Humidity=Mid|HarvestHostvete=Mid,0,07884615384615384,0,9211538461538461,0
HarvestHavre,Temperature,Humidity,HarvestHostvete,Temperature=Mid|Humidity=Mid|HarvestHostvete=Missing,0,375,0,0
HarvestHavre,Temperature,Humidity,HarvestHostvete,Temperature=Mid|Humidity=Mid|HarvestHostvete=Low,0,8555223880597015,0,12477611940298508,0
HarvestHavre,Temperature,Humidity,HarvestHostvete,Temperature=High|Humidity=Low|HarvestHostvete=High,0,0,1
HarvestHavre,Temperature,Humidity,HarvestHostvete,Temperature=High|Humidity=Mid|HarvestHostvete=Low,0,8922764227642277,0,016260162601626018,0
HarvestHavre,Temperature,Humidity,HarvestHostvete,Temperature=High|Humidity=Low|HarvestHostvete=Missing,0,5294117647058824,0,0
HarvestHavre,Temperature,Humidity,HarvestHostvete,Temperature=High|Humidity=High|HarvestHostvete=Mid,0,019230769230769232,0,9807692307692307,0
HarvestHavre,Temperature,Humidity,HarvestHostvete,Temperature=Mid|Humidity=High|HarvestHostvete=Low,0,2518248175182482,0,718978102189781,0
HarvestHavre,Temperature,Humidity,HarvestHostvete,Temperature=Mid|Humidity=Mid|HarvestHostvete=Mid,0,17890772128060264,0,8210922787193974,0
HarvestHavre,Temperature,Humidity,HarvestHostvete,Temperature=Mid|Humidity=High|HarvestHostvete=Missing,0,28125,0,0
HarvestHavre,Temperature,Humidity,HarvestHostvete,Temperature=High|Humidity=High|HarvestHostvete=Missing,0,7142857142857143,0,0
HarvestHavre,Temperature,Humidity,HarvestHostvete,Temperature=High|Humidity=High|HarvestHostvete=Low,0,375,0,625,0
HarvestHavre,Temperature,Humidity,HarvestHostvete,Temperature=Low|Humidity=Mid|HarvestHostvete=Missing,0,3696969696969697,0,0
HarvestHavre,Temperature,Humidity,HarvestHostvete,Temperature=Mid|Humidity=High|HarvestHostvete=Mid,0,004132231404958678,0,9958677685950413,0
HarvestHavre,Temperature,Humidity,HarvestHostvete,Temperature=High|Humidity=High|HarvestHostvete=High,0,0,1
HarvestHavre,Temperature,Humidity,HarvestHostvete,Temperature=High|Humidity=Mid|HarvestHostvete=High,0,0,1
HarvestHavre,Temperature,Humidity,HarvestHostvete,Temperature=Low|Humidity=High|HarvestHostvete=Mid,0,029172644667623145,0,9708273553323769,0
HarvestHavre,Temperature,Humidity,HarvestHostvete,Temperature=Low|Humidity=High|HarvestHostvete=Low,0,7939778129952456,0,18660855784469096,0
HarvestHavre,Temperature,Humidity,HarvestHostvete,Temperature=High|Humidity=Mid|HarvestHostvete=Missing,0,8571428571428571,0,0
HarvestHavre,Temperature,Humidity,HarvestHostvete,Temperature=Low|Humidity=High|HarvestHostvete=Missing,0,2989010989010989,0,0
HarvestHavre,Temperature,Humidity,HarvestHostvete,Temperature=Mid|Humidity=Low|HarvestHostvete=Missing,0,7625,0,0
HarvestHavre,Temperature,Humidity,HarvestHostvete,Temperature=Mid|Humidity=Low|HarvestHostvete=Low,0,8078078078078078,0,10510510510510511,0
HarvestHavre,Temperature,Humidity,HarvestHostvete,Temperature=Low|Humidity=Mid|HarvestHostvete=Mid,0,19315403422982885,0,8068459657701712,0
HarvestHavre,Temperature,Humidity,HarvestHostvete,Temperature=Low|Humidity=Mid|HarvestHostvete=Low,0,9098101265822784,0,08386075949367089,0
HarvestHavre,Temperature,Humidity,HarvestHostvete,Temperature=Mid|Humidity=Low|HarvestHostvete=Mid,0,8466257668711656,0,15337423312883436,0
HarvestHavre,Temperature,Humidity,HarvestHostvete,Temperature=Mid|Humidity=Mid|HarvestHostvete=High,0,0,1
HarvestHavre,Temperature,Humidity,HarvestHostvete,Temperature=Low|Humidity=Low|HarvestHostvete=Mid,1,0,0
HarvestHavre,Temperature,Humidity,HarvestHostvete,Temperature=Mid|Humidity=Low|HarvestHostvete=High,0,0,1
HarvestHavre,Temperature,Humidity,HarvestHostvete,Temperature=Low|Humidity=Low|HarvestHostvete=Low,0,3333333333333333,0,42857142857142855,0
HarvestHavre,Temperature,Humidity,HarvestHostvete,Temperature=Low|Humidity=Mid|HarvestHostvete=High,0,0,1
HarvestHavre,Temperature,Humidity,HarvestHostvete,Temperature=Low|Humidity=High|HarvestHostvete=High,0,0,1
HarvestHavre,Temperature,Humidity,HarvestHostvete,Temperature=Low|Humidity=Low|HarvestHostvete=Missing,0,3076923076923077,0,0
HarvestHavre,Temperature,Humidity,HarvestHostvete,Temperature=Low|Humidity=Low|HarvestHostvete=High,0,0,1
HarvestSlattervallTotal,Humidity,HarvestHostvete,HarvestHavre,Humidity=Low|HarvestHostvete=Low|HarvestHavre=Mid,1,0,0
HarvestSlattervallTotal,Humidity,HarvestHostvete,HarvestHavre,Humidity=Low|HarvestHostvete=Mid|HarvestHavre=Mid,0,0,6860986547085202,0
HarvestSlattervallTotal,Humidity,HarvestHostvete,HarvestHavre,Humidity=Mid|HarvestHostvete=Mid|HarvestHavre=Mid,0,0,8795465281058101,0
HarvestSlattervallTotal,Humidity,HarvestHostvete,HarvestHavre,Humidity=Mid|HarvestHostvete=Missing|HarvestHavre=Low,1,0,0
HarvestSlattervallTotal,Humidity,HarvestHostvete,HarvestHavre,Humidity=Mid|HarvestHostvete=Low|HarvestHavre=Low,0,9324950363997353,0,0
HarvestSlattervallTotal,Humidity,HarvestHostvete,HarvestHavre,Humidity=Low|HarvestHostvete=Low|HarvestHavre=Low,0,7789934354485777,0,0
HarvestSlattervallTotal,Humidity,HarvestHostvete,HarvestHavre,Humidity=Low|HarvestHostvete=High|HarvestHavre=High,0,0,1
HarvestSlattervallTotal,Humidity,HarvestHostvete,HarvestHavre,Humidity=Low|HarvestHostvete=Mid|HarvestHavre=Low,0,7747933884297521,0,0,22520661157024793
HarvestSlattervallTotal,Humidity,HarvestHostvete,HarvestHavre,Humidity=Mid|HarvestHostvete=Missing|HarvestHavre=Missing,0,40782122905027934,0,0
HarvestSlattervallTotal,Humidity,HarvestHostvete,HarvestHavre,Humidity=Low|HarvestHostvete=Missing|HarvestHavre=Low,1,0,0
HarvestSlattervallTotal,Humidity,HarvestHostvete,HarvestHavre,Humidity=High|HarvestHostvete=Mid|HarvestHavre=Mid,0,0,9654989384288747,0
HarvestSlattervallTotal,Humidity,HarvestHostvete,HarvestHavre,Humidity=Mid|HarvestHostvete=Low|HarvestHavre=Mid,0,7058823529411765,0,0,29411764705882354
HarvestSlattervallTotal,Humidity,HarvestHostvete,HarvestHavre,Humidity=High|HarvestHostvete=Low|HarvestHavre=Low,0,9990366088631984,0,0
HarvestSlattervallTotal,Humidity,HarvestHostvete,HarvestHavre,Humidity=High|HarvestHostvete=Missing|HarvestHavre=Low,1,0,0
HarvestSlattervallTotal,Humidity,HarvestHostvete,HarvestHavre,Humidity=High|HarvestHostvete=Low|HarvestHavre=Mid,0,16196136701337296,0,0,8380386329866271
HarvestSlattervallTotal,Humidity,HarvestHostvete,HarvestHavre,Humidity=Low|HarvestHostvete=Missing|HarvestHavre=Missing,0,12,0,0
HarvestSlattervallTotal,Humidity,HarvestHostvete,HarvestHavre,Humidity=Mid|HarvestHostvete=Low|HarvestHavre=Missing,1,0,0
HarvestSlattervallTotal,Humidity,HarvestHostvete,HarvestHavre,Humidity=Low|HarvestHostvete=Low|HarvestHavre=Missing,1,0,0
HarvestSlattervallTotal,Humidity,HarvestHostvete,HarvestHavre,Humidity=High|HarvestHostvete=High|HarvestHavre=High,0,0,1
HarvestSlattervallTotal,Humidity,HarvestHostvete,HarvestHavre,Humidity=Mid|HarvestHostvete=High|HarvestHavre=High,0,0,1
HarvestSlattervallTotal,Humidity,HarvestHostvete,HarvestHavre,Humidity=High|HarvestHostvete=Missing|HarvestHavre=Missing,0,7514450867052023,0,0
HarvestSlattervallTotal,Humidity,HarvestHostvete,HarvestHavre,Humidity=Mid|HarvestHostvete=Mid|HarvestHavre=Low,0,6790123456790124,0,0,32098765432098764
HarvestSlattervallTotal,Humidity,HarvestHostvete,HarvestHavre,Humidity=High|HarvestHostvete=Low|HarvestHavre=Missing,1,0,0
HarvestSlattervallTotal,Humidity,HarvestHostvete,HarvestHavre,Humidity=High|HarvestHostvete=Mid|HarvestHavre=Low,0,5362318840579711,0,0,463768115942029
Lat,HarvestHostvete,HarvestHavre,HarvestSlattervallTotal,HarvestHostvete=Low|HarvestHavre=Mid|HarvestSlattervallTotal=Low,0,0,021032504780114723,0,9789674952198852
Lat,HarvestHostvete,HarvestHavre,HarvestSlattervallTotal,HarvestHostvete=Mid|HarvestHavre=Mid|HarvestSlattervallTotal=Mid,1,0,0
Lat,HarvestHostvete,HarvestHavre,HarvestSlattervallTotal,HarvestHostvete=Missing|HarvestHavre=Low|HarvestSlattervallTotal=Low,0,0,1
Lat,HarvestHostvete,HarvestHavre,HarvestSlattervallTotal,HarvestHostvete=Low|HarvestHavre=Low|HarvestSlattervallTotal=Low,0,0,8516466117796073,0,14835338822039265
Lat,HarvestHostvete,HarvestHavre,HarvestSlattervallTotal,HarvestHostvete=High|HarvestHavre=High|HarvestSlattervallTotal=High,0,0,013848559303104758,0,9861514406968952
Lat,HarvestHostvete,HarvestHavre,HarvestSlattervallTotal,HarvestHostvete=Low|HarvestHavre=Low|HarvestSlattervallTotal=Missing,0,0,1
Lat,HarvestHostvete,HarvestHavre,HarvestSlattervallTotal,HarvestHostvete=Mid|HarvestHavre=Mid|HarvestSlattervallTotal=Missing,1,0,0
Lat,HarvestHostvete,HarvestHavre,HarvestSlattervallTotal,HarvestHostvete=Mid|HarvestHavre=Low|HarvestSlattervallTotal=High,0,5719557195571956,0,4280442804428044,0
Lat,HarvestHostvete,HarvestHavre,HarvestSlattervallTotal,HarvestHostvete=Missing|HarvestHavre=Missing|HarvestSlattervallTotal=Low,0,0,1
Lat,HarvestHostvete,HarvestHavre,HarvestSlattervallTotal,HarvestHostvete=Low|HarvestHavre=Mid|HarvestSlattervallTotal=High,0,38543247344461307,0,6145675265553869,0
Lat,HarvestHostvete,HarvestHavre,HarvestSlattervallTotal,HarvestHostvete=Mid|HarvestHavre=Low|HarvestSlattervallTotal=Low,0,1,0
Lat,HarvestHostvete,HarvestHavre,HarvestSlattervallTotal,HarvestHostvete=Missing|HarvestHavre=Missing|HarvestSlattervallTotal=Missing,0,35714285714285715,0,5571428571428572,0,08571428571428572
Lat,HarvestHostvete,HarvestHavre,HarvestSlattervallTotal,HarvestHostvete=Low|HarvestHavre=Missing|HarvestSlattervallTotal=Low,0,1,0
Fe2O3,DistCoast,DirCoast,Lat,NiPpm,Al2O3,DistCoast=High|DirCoast=Mid|Lat=High|NiPpm=Missing|Al2O3=Missing,0,0,0
Fe2O3,DistCoast,DirCoast,Lat,NiPpm,Al2O3,DistCoast=Low|DirCoast=Mid|Lat=Low|NiPpm=High|Al2O3=Low,0,043010752688172046,0,46774193548387094,0,489247311827957
Fe2O3,DistCoast,DirCoast,Lat,NiPpm,Al2O3,DistCoast=Mid|DirCoast=High|Lat=Low|NiPpm=High|Al2O3=Mid,0,08934707903780069,0,07216494845360824,0,8384879725085911
Fe2O3,DistCoast,DirCoast,Lat,NiPpm,Al2O3,DistCoast=Mid|DirCoast=Mid|Lat=High|NiPpm=Mid|Al2O3=Mid,0,08247422680412371,0,7216494845360825,0,1958762886597938
Fe2O3,DistCoast,DirCoast,Lat,NiPpm,Al2O3,DistCoast=Low|DirCoast=High|Lat=Low|NiPpm=Mid|Al2O3=Mid,0,0,4189189189189189,0,581081081081081
Fe2O3,DistCoast,DirCoast,Lat,NiPpm,Al2O3,DistCoast=Low|DirCoast=Mid|Lat=Mid|NiPpm=Missing|Al2O3=Missing,0,0,0
Fe2O3,DistCoast,DirCoast,Lat,NiPpm,Al2O3,DistCoast=High|DirCoast=Low|Lat=Mid|NiPpm=Mid|Al2O3=Mid,0,14354066985645933,0,5980861244019139,0,2583732057416268
Fe2O3,DistCoast,DirCoast,Lat,NiPpm,Al2O3,DistCoast=Low|DirCoast=Low|Lat=High|NiPpm=Mid|Al2O3=Low,0,1553398058252427,0,8252427184466019,0,019417475728155338
Fe2O3,DistCoast,DirCoast,Lat,NiPpm,Al2O3,DistCoast=Mid|DirCoast=Low|Lat=High|NiPpm=High|Al2O3=Mid,0,2459016393442623,0,06557377049180328,0,6885245901639344
Fe2O3,DistCoast,DirCoast,Lat,NiPpm,Al2O3,DistCoast=Low|DirCoast=High|Lat=High|NiPpm=Low|Al2O3=High,0,0,1
Fe2O3,DistCoast,DirCoast,Lat,NiPpm,Al2O3,DistCoast=Low|DirCoast=High|Lat=High|NiPpm=Low|Al2O3=Low,0,9428571428571428,0,05714285714285714,0
Fe2O3,DistCoast,DirCoast,Lat,NiPpm,Al2O3,DistCoast=High|DirCoast=Low|Lat=High|NiPpm=Missing|Al2O3=Missing,0,0,0
Fe2O3,DistCoast,DirCoast,Lat,NiPpm,Al2O3,DistCoast=Low|DirCoast=High|Lat=Mid|NiPpm=High|Al2O3=High,0,0,1
Fe2O3,DistCoast,DirCoast,Lat,NiPpm,Al2O3,DistCoast=Low|DirCoast=Low|Lat=High|NiPpm=Mid|Al2O3=Mid,0,051470588235294115,0,3235294117647059,0,625
Fe2O3,DistCoast,DirCoast,Lat,NiPpm,Al2O3,DistCoast=Low|DirCoast=Low|Lat=High|NiPpm=High|Al2O3=Mid,0,21428571428571427,0,2857142857142857,0,5
Fe2O3,DistCoast,DirCoast,Lat,NiPpm,Al2O3,DistCoast=Low|DirCoast=High|Lat=High|NiPpm=High|Al2O3=Low,0,0,1
Fe2O3,DistCoast,DirCoast,Lat,NiPpm,Al2O3,DistCoast=Mid|DirCoast=High|Lat=Low|NiPpm=High|Al2O3=High,0,42857142857142855,0,0,5714285714285714
Fe2O3,DistCoast,DirCoast,Lat,NiPpm,Al2O3,DistCoast=High|DirCoast=Mid|Lat=High|NiPpm=Low|Al2O3=Low,0,953360768175583,0,04663923182441701,0
Fe2O3,DistCoast,DirCoast,Lat,NiPpm,Al2O3,DistCoast=High|DirCoast=Low|Lat=Low|NiPpm=Low|Al2O3=Low,0,17857142857142858,0,8214285714285714,0
Fe2O3,DistCoast,DirCoast,Lat,NiPpm,Al2O3,DistCoast=High|DirCoast=High|Lat=Low|NiPpm=Low|Al2O3=Mid,0,5135135135135135,0,4864864864864865,0
Fe2O3,DistCoast,DirCoast,Lat,NiPpm,Al2O3,DistCoast=Mid|DirCoast=Mid|Lat=Low|NiPpm=Low|Al2O3=Mid,0,461864406779661,0,5296610169491526,0,00847457627118644
Fe2O3,DistCoast,DirCoast,Lat,NiPpm,Al2O3,DistCoast=High|DirCoast=High|Lat=High|NiPpm=Missing|Al2O3=Missing,0,0,0
Fe2O3,DistCoast,DirCoast,Lat,NiPpm,Al2O3,DistCoast=Low|DirCoast=Low|Lat=Low|NiPpm=Low|Al2O3=Mid,0,325,0,675,0
Fe2O3,DistCoast,DirCoast,Lat,NiPpm,Al2O3,DistCoast=Mid|DirCoast=Low|Lat=Low|NiPpm=Mid|Al2O3=Mid,0,033582089552238806,0,746268656716418,0,22014925373134328
Fe2O3,DistCoast,DirCoast,Lat,NiPpm,Al2O3,DistCoast=Low|DirCoast=High|Lat=High|NiPpm=High|Al2O3=High,0,15517241379310345,0,0,8448275862068966
Fe2O3,DistCoast,DirCoast,Lat,NiPpm,Al2O3,DistCoast=Mid|DirCoast=Low|Lat=High|NiPpm=Low|Al2O3=Mid,0,40860215053763443,0,5698924731182796,0,021505376344086023
Fe2O3,DistCoast,DirCoast,Lat,NiPpm,Al2O3,DistCoast=Low|DirCoast=Low|Lat=Mid|NiPpm=Missing|Al2O3=Missing,0,0,0
Fe2O3,DistCoast,DirCoast,Lat,NiPpm,Al2O3,DistCoast=Mid|DirCoast=High|Lat=Mid|NiPpm=Low|Al2O3=Low,0,7126099706744868,0,2873900293255132,0
Fe2O3,DistCoast,DirCoast,Lat,NiPpm,Al2O3,DistCoast=Low|DirCoast=High|Lat=Mid|NiPpm=Low|Al2O3=Low,0,33064516129032256,0,6693548387096774,0
Fe2O3,DistCoast,DirCoast,Lat,NiPpm,Al2O3,DistCoast=Mid|DirCoast=Mid|Lat=Mid|NiPpm=High|Al2O3=High,0,0,1
Fe2O3,DistCoast,DirCoast,Lat,NiPpm,Al2O3,DistCoast=Low|DirCoast=High|Lat=Mid|NiPpm=Mid|Al2O3=Mid,0,0945945945945946,0,4864864864864865,0,4189189189189189
Fe2O3,DistCoast,DirCoast,Lat,NiPpm,Al2O3,DistCoast=Low|DirCoast=Mid|Lat=Mid|NiPpm=Low|Al2O3=Low,0,17088607594936708,0,41139240506329117,0,4177215189873418
Fe2O3,DistCoast,DirCoast,Lat,NiPpm,Al2O3,DistCoast=Mid|DirCoast=High|Lat=Mid|NiPpm=High|Al2O3=High,0,0,1
Fe2O3,DistCoast,DirCoast,Lat,NiPpm,Al2O3,DistCoast=Mid|DirCoast=Mid|Lat=Mid|NiPpm=Low|Al2O3=Low,0,7397260273972602,0,2191780821917808,0,0410958904109589
Fe2O3,DistCoast,DirCoast,Lat,NiPpm,Al2O3,DistCoast=High|DirCoast=Mid|Lat=High|NiPpm=Mid|Al2O3=Mid,0,07751937984496124,0,37209302325581395,0,5503875968992248
Fe2O3,DistCoast,DirCoast,Lat,NiPpm,Al2O3,DistCoast=High|DirCoast=Low|Lat=High|NiPpm=Low|Al2O3=Mid,0,7368421052631579,0,21052631578947367,0,05263157894736842
Fe2O3,DistCoast,DirCoast,Lat,NiPpm,Al2O3,DistCoast=High|DirCoast=Mid|Lat=High|NiPpm=Low|Al2O3=Mid,0,6904761904761905,0,30952380952380953,0
Fe2O3,DistCoast,DirCoast,Lat,NiPpm,Al2O3,DistCoast=Mid|DirCoast=Low|Lat=High|NiPpm=Mid|Al2O3=Mid,0,0954356846473029,0,22821576763485477,0,6763485477178424
Fe2O3,DistCoast,DirCoast,Lat,NiPpm,Al2O3,DistCoast=Mid|DirCoast=Low|Lat=Low|NiPpm=High|Al2O3=High,0,3464052287581699,0,0,6535947712418301
Fe2O3,DistCoast,DirCoast,Lat,NiPpm,Al2O3,DistCoast=High|DirCoast=Mid|Lat=Low|NiPpm=Low|Al2O3=Low,1,0,0
Fe2O3,DistCoast,DirCoast,Lat,NiPpm,Al2O3,DistCoast=Low|DirCoast=Low|Lat=Low|NiPpm=Low|Al2O3=Low,1,0,0
Fe2O3,DistCoast,DirCoast,Lat,NiPpm,Al2O3,DistCoast=High|DirCoast=Mid|Lat=Low|NiPpm=High|Al2O3=Mid,0,1,0
Fe2O3,DistCoast,DirCoast,Lat,NiPpm,Al2O3,DistCoast=Mid|DirCoast=Mid|Lat=Low|NiPpm=Low|Al2O3=Low,0,9765258215962441,0,023474178403755867,0
Fe2O3,DistCoast,DirCoast,Lat,NiPpm,Al2O3,DistCoast=High|DirCoast=High|Lat=Mid|NiPpm=Low|Al2O3=Low,0,4729458917835671,0,5270541082164328,0
Fe2O3,DistCoast,DirCoast,Lat,NiPpm,Al2O3,DistCoast=High|DirCoast=High|Lat=Mid|NiPpm=High|Al2O3=Mid,0,0,1
Fe2O3,DistCoast,DirCoast,Lat,NiPpm,Al2O3,DistCoast=High|DirCoast=High|Lat=Mid|NiPpm=Mid|Al2O3=High,0,0,1
Fe2O3,DistCoast,DirCoast,Lat,NiPpm,Al2O3,DistCoast=Mid|DirCoast=High|Lat=Mid|NiPpm=Mid|Al2O3=High,0,0,037037037037037035,0,9629629629629629
Fe2O3,DistCoast,DirCoast,Lat,NiPpm,Al2O3,DistCoast=Low|DirCoast=High|Lat=Low|NiPpm=Mid|Al2O3=Low,0,8867924528301887,0,11320754716981132,0
Fe2O3,DistCoast,DirCoast,Lat,NiPpm,Al2O3,DistCoast=Mid|DirCoast=Mid|Lat=Mid|NiPpm=High|Al2O3=Mid,0,0,1
Fe2O3,DistCoast,DirCoast,Lat,NiPpm,Al2O3,DistCoast=Low|DirCoast=Mid|Lat=High|NiPpm=High|Al2O3=High,0,2235294117647059,0,023529411764705882,0,7529411764705882
Fe2O3,DistCoast,DirCoast,Lat,NiPpm,Al2O3,DistCoast=Low|DirCoast=High|Lat=Low|NiPpm=Low|Al2O3=Low,0,9166666666666666,0,08333333333333333,0
Fe2O3,DistCoast,DirCoast,Lat,NiPpm,Al2O3,DistCoast=Low|DirCoast=Mid|Lat=Low|NiPpm=High|Al2O3=Mid,0,024691358024691357,0,08333333333333333,0,8919753086419753
Fe2O3,DistCoast,DirCoast,Lat,NiPpm,Al2O3,DistCoast=Mid|DirCoast=Mid|Lat=Low|NiPpm=High|Al2O3=Mid,0,011406844106463879,0,2509505703422053,0,7376425855513308
Fe2O3,DistCoast,DirCoast,Lat,NiPpm,Al2O3,DistCoast=Mid|DirCoast=High|Lat=Low|NiPpm=Mid|Al2O3=Mid,0,04819277108433735,0,5542168674698795,0,39759036144578314
Fe2O3,DistCoast,DirCoast,Lat,NiPpm,Al2O3,DistCoast=Mid|DirCoast=Mid|Lat=Low|NiPpm=High|Al2O3=Low,0,075,0,42857142857142855,0,49642857142857144
Fe2O3,DistCoast,DirCoast,Lat,NiPpm,Al2O3,DistCoast=Mid|DirCoast=Low|Lat=High|NiPpm=Low|Al2O3=Low,0,7082405345211581,0,2828507795100223,0,008908685968819599
Fe2O3,DistCoast,DirCoast,Lat,NiPpm,Al2O3,DistCoast=Mid|DirCoast=Low|Lat=Low|NiPpm=Low|Al2O3=Mid,0,19254658385093168,0,6894409937888198,0,11801242236024845
Fe2O3,DistCoast,DirCoast,Lat,NiPpm,Al2O3,DistCoast=High|DirCoast=Low|Lat=Mid|NiPpm=Low|Al2O3=Mid,0,6190476190476191,0,38095238095238093,0
Fe2O3,DistCoast,DirCoast,Lat,NiPpm,Al2O3,DistCoast=High|DirCoast=Low|Lat=High|NiPpm=Low|Al2O3=Low,0,867816091954023,0,08620689655172414,0,04597701149425287
Fe2O3,DistCoast,DirCoast,Lat,NiPpm,Al2O3,DistCoast=High|DirCoast=High|Lat=Mid|NiPpm=Mid|Al2O3=Mid,0,22056384742951907,0,7097844112769486,0,06965174129353234
Fe2O3,DistCoast,DirCoast,Lat,NiPpm,Al2O3,DistCoast=Low|DirCoast=High|Lat=Low|NiPpm=Low|Al2O3=High,0,5,0,5,0
Fe2O3,DistCoast,DirCoast,Lat,NiPpm,Al2O3,DistCoast=Low|DirCoast=Low|Lat=Low|NiPpm=High|Al2O3=Low,0,0,07692307692307693,0,9230769230769231
Fe2O3,DistCoast,DirCoast,Lat,NiPpm,Al2O3,DistCoast=Low|DirCoast=Low|Lat=Low|NiPpm=High|Al2O3=Mid,0,08018867924528301,0,0,9198113207547169
Fe2O3,DistCoast,DirCoast,Lat,NiPpm,Al2O3,DistCoast=High|DirCoast=Mid|Lat=High|NiPpm=Mid|Al2O3=Low,0,39285714285714285,0,5357142857142857,0,07142857142857142
Fe2O3,DistCoast,DirCoast,Lat,NiPpm,Al2O3,DistCoast=High|DirCoast=High|Lat=Mid|NiPpm=High|Al2O3=Low,0,03501945525291829,0,31906614785992216,0,6459143968871596
Fe2O3,DistCoast,DirCoast,Lat,NiPpm,Al2O3,DistCoast=Mid|DirCoast=Low|Lat=Low|NiPpm=High|Al2O3=Mid,0,0,1
Fe2O3,DistCoast,DirCoast,Lat,NiPpm,Al2O3,DistCoast=Low|DirCoast=Mid|Lat=High|NiPpm=Missing|Al2O3=Missing,0,0,0
Fe2O3,DistCoast,DirCoast,Lat,NiPpm,Al2O3,DistCoast=High|DirCoast=High|Lat=Mid|NiPpm=Missing|Al2O3=Missing,0,0,0
Fe2O3,DistCoast,DirCoast,Lat,NiPpm,Al2O3,DistCoast=High|DirCoast=Low|Lat=Mid|NiPpm=Mid|Al2O3=High,0,8823529411764706,0,013071895424836602,0,10457516339869281
Fe2O3,DistCoast,DirCoast,Lat,NiPpm,Al2O3,DistCoast=High|DirCoast=Low|Lat=Mid|NiPpm=Low|Al2O3=Low,0,8938906752411575,0,0932475884244373,0,012861736334405145
Fe2O3,DistCoast,DirCoast,Lat,NiPpm,Al2O3,DistCoast=High|DirCoast=High|Lat=Mid|NiPpm=Low|Al2O3=Mid,0,352112676056338,0,6408450704225352,0,007042253521126761
Fe2O3,DistCoast,DirCoast,Lat,NiPpm,Al2O3,DistCoast=High|DirCoast=High|Lat=Mid|NiPpm=Mid|Al2O3=Low,0,1134020618556701,0,6185567010309279,0,26804123711340205
Fe2O3,DistCoast,DirCoast,Lat,NiPpm,Al2O3,DistCoast=High|DirCoast=Low|Lat=Mid|NiPpm=Mid|Al2O3=Low,0,10801393728222997,0,8397212543554007,0,05226480836236934
Fe2O3,DistCoast,DirCoast,Lat,NiPpm,Al2O3,DistCoast=High|DirCoast=Low|Lat=Mid|NiPpm=High|Al2O3=Mid,0,03864734299516908,0,2777777777777778,0,6835748792270532
Fe2O3,DistCoast,DirCoast,Lat,NiPpm,Al2O3,DistCoast=Mid|DirCoast=High|Lat=Low|NiPpm=Low|Al2O3=Mid,0,7321428571428571,0,23214285714285715,0,03571428571428571
Fe2O3,DistCoast,DirCoast,Lat,NiPpm,Al2O3,DistCoast=Low|DirCoast=High|Lat=Mid|NiPpm=High|Al2O3=Mid,0,0,1
Fe2O3,DistCoast,DirCoast,Lat,NiPpm,Al2O3,DistCoast=Low|DirCoast=Low|Lat=Low|NiPpm=Mid|Al2O3=Low,0,01809954751131222,0,9819004524886877,0
Fe2O3,DistCoast,DirCoast,Lat,NiPpm,Al2O3,DistCoast=Low|DirCoast=Mid|Lat=High|NiPpm=Mid|Al2O3=Mid,0,25,0,17592592592592593,0,5740740740740741
Fe2O3,DistCoast,DirCoast,Lat,NiPpm,Al2O3,DistCoast=Low|DirCoast=Mid|Lat=Mid|NiPpm=Low|Al2O3=Mid,0,09090909090909091,0,9090909090909091,0
Fe2O3,DistCoast,DirCoast,Lat,NiPpm,Al2O3,DistCoast=Low|DirCoast=Low|Lat=High|NiPpm=Low|Al2O3=Low,0,7777777777777778,0,2222222222222222,0
Fe2O3,DistCoast,DirCoast,Lat,NiPpm,Al2O3,DistCoast=Low|DirCoast=High|Lat=Low|NiPpm=High|Al2O3=Low,0,4468864468864469,0,3882783882783883,0,16483516483516483
Fe2O3,DistCoast,DirCoast,Lat,NiPpm,Al2O3,DistCoast=Mid|DirCoast=Mid|Lat=Low|NiPpm=Mid|Al2O3=Low,0,08955223880597014,0,9104477611940298,0
Fe2O3,DistCoast,DirCoast,Lat,NiPpm,Al2O3,DistCoast=Low|DirCoast=Mid|Lat=Low|NiPpm=High|Al2O3=High,0,5428571428571428,0,0,45714285714285713
Fe2O3,DistCoast,DirCoast,Lat,NiPpm,Al2O3,DistCoast=Low|DirCoast=Low|Lat=Low|NiPpm=High|Al2O3=High,0,5581395348837209,0,0,4418604651162791
Fe2O3,DistCoast,DirCoast,Lat,NiPpm,Al2O3,DistCoast=Mid|DirCoast=Low|Lat=High|NiPpm=Missing|Al2O3=Missing,0,0,0
Fe2O3,DistCoast,DirCoast,Lat,NiPpm,Al2O3,DistCoast=Low|DirCoast=Low|Lat=High|NiPpm=Mid|Al2O3=High,0,0,9180327868852459,0,08196721311475409
Fe2O3,DistCoast,DirCoast,Lat,NiPpm,Al2O3,DistCoast=Low|DirCoast=Mid|Lat=High|NiPpm=High|Al2O3=Mid,0,024539877300613498,0,6809815950920245,0,294478527607362
Fe2O3,DistCoast,DirCoast,Lat,NiPpm,Al2O3,DistCoast=Low|DirCoast=Mid|Lat=Low|NiPpm=Low|Al2O3=Low,0,84,0,16,0
Fe2O3,DistCoast,DirCoast,Lat,NiPpm,Al2O3,DistCoast=Mid|DirCoast=Low|Lat=High|NiPpm=Mid|Al2O3=High,0,0,6458333333333334,0,3541666666666667
Fe2O3,DistCoast,DirCoast,Lat,NiPpm,Al2O3,DistCoast=Mid|DirCoast=Low|Lat=Mid|NiPpm=Mid|Al2O3=Mid,0,6428571428571429,0,16666666666666666,0,19047619047619047
Fe2O3,DistCoast,DirCoast,Lat,NiPpm,Al2O3,DistCoast=Mid|DirCoast=Mid|Lat=Low|NiPpm=High|Al2O3=High,0,1245136186770428,0,0,8754863813229572
Fe2O3,DistCoast,DirCoast,Lat,NiPpm,Al2O3,DistCoast=Low|DirCoast=Mid|Lat=Low|NiPpm=Low|Al2O3=Mid,0,9435483870967742,0,056451612903225805,0
Fe2O3,DistCoast,DirCoast,Lat,NiPpm,Al2O3,DistCoast=High|DirCoast=Mid|Lat=Low|NiPpm=Low|Al2O3=Mid,1,0,0
Fe2O3,DistCoast,DirCoast,Lat,NiPpm,Al2O3,DistCoast=Low|DirCoast=Low|Lat=High|NiPpm=High|Al2O3=High,0,4303030303030303,0,05454545454545454,0,5151515151515151
Fe2O3,DistCoast,DirCoast,Lat,NiPpm,Al2O3,DistCoast=Mid|DirCoast=Low|Lat=High|NiPpm=High|Al2O3=High,0,41379310344827586,0,0,5862068965517241
Fe2O3,DistCoast,DirCoast,Lat,NiPpm,Al2O3,DistCoast=Mid|DirCoast=High|Lat=High|NiPpm=High|Al2O3=Mid,0,0,1
Fe2O3,DistCoast,DirCoast,Lat,NiPpm,Al2O3,DistCoast=Low|DirCoast=High|Lat=Mid|NiPpm=Mid|Al2O3=High,0,03333333333333333,0,6,0,36666666666666664
Fe2O3,DistCoast,DirCoast,Lat,NiPpm,Al2O3,DistCoast=Mid|DirCoast=High|Lat=Mid|NiPpm=Missing|Al2O3=Missing,0,0,0
Fe2O3,DistCoast,DirCoast,Lat,NiPpm,Al2O3,DistCoast=Low|DirCoast=Low|Lat=Low|NiPpm=Low|Al2O3=High,0,8909090909090909,0,10909090909090909,0
Fe2O3,DistCoast,DirCoast,Lat,NiPpm,Al2O3,DistCoast=Mid|DirCoast=Low|Lat=Mid|NiPpm=High|Al2O3=Low,0,6944444444444444,0,3055555555555556,0
Fe2O3,DistCoast,DirCoast,Lat,NiPpm,Al2O3,DistCoast=Low|DirCoast=Mid|Lat=High|NiPpm=High|Al2O3=Low,0,0,1
Fe2O3,DistCoast,DirCoast,Lat,NiPpm,Al2O3,DistCoast=Low|DirCoast=Mid|Lat=Mid|NiPpm=Mid|Al2O3=High,0,0,05263157894736842,0,9473684210526315
Fe2O3,DistCoast,DirCoast,Lat,NiPpm,Al2O3,DistCoast=High|DirCoast=High|Lat=Low|NiPpm=Low|Al2O3=Low,1,0,0
Fe2O3,DistCoast,DirCoast,Lat,NiPpm,Al2O3,DistCoast=Low|DirCoast=Low|Lat=Mid|NiPpm=Mid|Al2O3=Low,0,22807017543859648,0,7017543859649122,0,07017543859649122
Fe2O3,DistCoast,DirCoast,Lat,NiPpm,Al2O3,DistCoast=Mid|DirCoast=Low|Lat=Low|NiPpm=High|Al2O3=Low,0,54,0,42,0,04
Fe2O3,DistCoast,DirCoast,Lat,NiPpm,Al2O3,DistCoast=Low|DirCoast=Mid|Lat=Low|NiPpm=Low|Al2O3=High,0,44155844155844154,0,4155844155844156,0,14285714285714285
Fe2O3,DistCoast,DirCoast,Lat,NiPpm,Al2O3,DistCoast=Mid|DirCoast=Low|Lat=High|NiPpm=Mid|Al2O3=Low,0,10683760683760683,0,8931623931623932,0
Fe2O3,DistCoast,DirCoast,Lat,NiPpm,Al2O3,DistCoast=Mid|DirCoast=Mid|Lat=Low|NiPpm=Low|Al2O3=High,0,24285714285714285,0,7571428571428571,0
Fe2O3,DistCoast,DirCoast,Lat,NiPpm,Al2O3,DistCoast=High|DirCoast=Mid|Lat=Mid|NiPpm=Low|Al2O3=Low,0,9032258064516129,0,0967741935483871,0
Fe2O3,DistCoast,DirCoast,Lat,NiPpm,Al2O3,DistCoast=Mid|DirCoast=Mid|Lat=High|NiPpm=Mid|Al2O3=High,0,16666666666666666,0,058823529411764705,0,7745098039215687
Fe2O3,DistCoast,DirCoast,Lat,NiPpm,Al2O3,DistCoast=Low|DirCoast=High|Lat=Mid|NiPpm=Mid|Al2O3=Low,0,09574468085106383,0,5212765957446809,0,3829787234042553
Fe2O3,DistCoast,DirCoast,Lat,NiPpm,Al2O3,DistCoast=Mid|DirCoast=Mid|Lat=High|NiPpm=Mid|Al2O3=Low,0,47540983606557374,0,5245901639344263,0
Fe2O3,DistCoast,DirCoast,Lat,NiPpm,Al2O3,DistCoast=Low|DirCoast=Mid|Lat=High|NiPpm=Low|Al2O3=Low,0,9343434343434344,0,06565656565656566,0
Fe2O3,DistCoast,DirCoast,Lat,NiPpm,Al2O3,DistCoast=Mid|DirCoast=Mid|Lat=High|NiPpm=Low|Al2O3=Low,0,9322916666666666,0,057291666666666664,0,010416666666666666
Fe2O3,DistCoast,DirCoast,Lat,NiPpm,Al2O3,DistCoast=Low|DirCoast=High|Lat=Mid|NiPpm=Missing|Al2O3=Missing,0,0,0
Fe2O3,DistCoast,DirCoast,Lat,NiPpm,Al2O3,DistCoast=Low|DirCoast=High|Lat=Low|NiPpm=High|Al2O3=Mid,0,49130434782608695,0,04782608695652174,0,4608695652173913
Fe2O3,DistCoast,DirCoast,Lat,NiPpm,Al2O3,DistCoast=High|DirCoast=Low|Lat=High|NiPpm=High|Al2O3=Mid,0,07692307692307693,0,46153846153846156,0,46153846153846156
Fe2O3,DistCoast,DirCoast,Lat,NiPpm,Al2O3,DistCoast=Mid|DirCoast=Low|Lat=Mid|NiPpm=High|Al2O3=High,0,0,1
Fe2O3,DistCoast,DirCoast,Lat,NiPpm,Al2O3,DistCoast=High|DirCoast=Low|Lat=Low|NiPpm=Mid|Al2O3=Mid,1,0,0
Fe2O3,DistCoast,DirCoast,Lat,NiPpm,Al2O3,DistCoast=High|DirCoast=Mid|Lat=High|NiPpm=High|Al2O3=Mid,0,037037037037037035,0,0,9629629629629629
Fe2O3,DistCoast,DirCoast,Lat,NiPpm,Al2O3,DistCoast=Mid|DirCoast=Mid|Lat=Low|NiPpm=Mid|Al2O3=Mid,0,0,9230769230769231,0,07692307692307693
Fe2O3,DistCoast,DirCoast,Lat,NiPpm,Al2O3,DistCoast=Low|DirCoast=Mid|Lat=Mid|NiPpm=Mid|Al2O3=Mid,0,43902439024390244,0,024390243902439025,0,5365853658536586
Fe2O3,DistCoast,DirCoast,Lat,NiPpm,Al2O3,DistCoast=Mid|DirCoast=Mid|Lat=High|NiPpm=Low|Al2O3=Mid,0,1,0
Fe2O3,DistCoast,DirCoast,Lat,NiPpm,Al2O3,DistCoast=Low|DirCoast=Mid|Lat=High|NiPpm=Mid|Al2O3=Low,0,84,0,16,0
Fe2O3,DistCoast,DirCoast,Lat,NiPpm,Al2O3,DistCoast=Mid|DirCoast=High|Lat=High|NiPpm=Low|Al2O3=Mid,0,1,0
Fe2O3,DistCoast,DirCoast,Lat,NiPpm,Al2O3,DistCoast=Low|DirCoast=High|Lat=High|NiPpm=Low|Al2O3=Mid,0,8181818181818182,0,18181818181818182,0
Fe2O3,DistCoast,DirCoast,Lat,NiPpm,Al2O3,DistCoast=Low|DirCoast=Low|Lat=High|NiPpm=Low|Al2O3=Mid,0,9333333333333333,0,06666666666666667,0
Fe2O3,DistCoast,DirCoast,Lat,NiPpm,Al2O3,DistCoast=Low|DirCoast=High|Lat=Low|NiPpm=Mid|Al2O3=High,0,0,1
Fe2O3,DistCoast,DirCoast,Lat,NiPpm,Al2O3,DistCoast=Low|DirCoast=Low|Lat=Low|NiPpm=Mid|Al2O3=Mid,0,0,6395348837209303,0,36046511627906974
Fe2O3,DistCoast,DirCoast,Lat,NiPpm,Al2O3,DistCoast=Low|DirCoast=High|Lat=Low|NiPpm=High|Al2O3=High,0,01436265709156194,0,0,9856373429084381
Fe2O3,DistCoast,DirCoast,Lat,NiPpm,Al2O3,DistCoast=Low|DirCoast=Mid|Lat=Low|NiPpm=Mid|Al2O3=High,0,0,1
Fe2O3,DistCoast,DirCoast,Lat,NiPpm,Al2O3,DistCoast=Mid|DirCoast=Low|Lat=Mid|NiPpm=Mid|Al2O3=Low,0,11764705882352941,0,8823529411764706,0
Fe2O3,DistCoast,DirCoast,Lat,NiPpm,Al2O3,DistCoast=Low|DirCoast=Mid|Lat=Mid|NiPpm=High|Al2O3=Mid,0,0,14285714285714285,0,8571428571428571
Fe2O3,DistCoast,DirCoast,Lat,NiPpm,Al2O3,DistCoast=Mid|DirCoast=High|Lat=Mid|NiPpm=Mid|Al2O3=Low,0,16326530612244897,0,6530612244897959,0,1836734693877551
Fe2O3,DistCoast,DirCoast,Lat,NiPpm,Al2O3,DistCoast=High|DirCoast=Low|Lat=High|NiPpm=Mid|Al2O3=High,0,25,0,625,0,125
Fe2O3,DistCoast,DirCoast,Lat,NiPpm,Al2O3,DistCoast=Mid|DirCoast=High|Lat=Mid|NiPpm=High|Al2O3=Mid,0,0,36363636363636365,0,6363636363636364
Fe2O3,DistCoast,DirCoast,Lat,NiPpm,Al2O3,DistCoast=Low|DirCoast=High|Lat=High|NiPpm=Mid|Al2O3=Mid,0,10526315789473684,0,5789473684210527,0,3157894736842105
Fe2O3,DistCoast,DirCoast,Lat,NiPpm,Al2O3,DistCoast=Low|DirCoast=High|Lat=Mid|NiPpm=Low|Al2O3=Mid,0,35294117647058826,0,6470588235294118,0
Fe2O3,DistCoast,DirCoast,Lat,NiPpm,Al2O3,DistCoast=Mid|DirCoast=Mid|Lat=High|NiPpm=High|Al2O3=Mid,0,3877551020408163,0,46938775510204084,0,14285714285714285
Fe2O3,DistCoast,DirCoast,Lat,NiPpm,Al2O3,DistCoast=Mid|DirCoast=High|Lat=Mid|NiPpm=Mid|Al2O3=Mid,0,11194029850746269,0,15671641791044777,0,7313432835820896
Fe2O3,DistCoast,DirCoast,Lat,NiPpm,Al2O3,DistCoast=Low|DirCoast=Mid|Lat=Mid|NiPpm=High|Al2O3=High,0,0,1
Fe2O3,DistCoast,DirCoast,Lat,NiPpm,Al2O3,DistCoast=Mid|DirCoast=High|Lat=Low|NiPpm=High|Al2O3=Low,0,025974025974025976,0,5974025974025974,0,37662337662337664
Fe2O3,DistCoast,DirCoast,Lat,NiPpm,Al2O3,DistCoast=Low|DirCoast=Low|Lat=Low|NiPpm=Missing|Al2O3=Missing,0,0,0
Fe2O3,DistCoast,DirCoast,Lat,NiPpm,Al2O3,DistCoast=Low|DirCoast=Mid|Lat=High|NiPpm=Mid|Al2O3=High,0,0,1
Fe2O3,DistCoast,DirCoast,Lat,NiPpm,Al2O3,DistCoast=Mid|DirCoast=Mid|Lat=Low|NiPpm=Mid|Al2O3=High,0,09523809523809523,0,38095238095238093,0,5238095238095238
Fe2O3,DistCoast,DirCoast,Lat,NiPpm,Al2O3,DistCoast=High|DirCoast=Low|Lat=High|NiPpm=Mid|Al2O3=Low,0,2653061224489796,0,6836734693877551,0,05102040816326531
Fe2O3,DistCoast,DirCoast,Lat,NiPpm,Al2O3,DistCoast=Mid|DirCoast=Low|Lat=Low|NiPpm=Low|Al2O3=High,1,0,0
Fe2O3,DistCoast,DirCoast,Lat,NiPpm,Al2O3,DistCoast=Mid|DirCoast=High|Lat=Mid|NiPpm=High|Al2O3=Low,0,0,16666666666666666,0,8333333333333334
Fe2O3,DistCoast,DirCoast,Lat,NiPpm,Al2O3,DistCoast=High|DirCoast=Low|Lat=Mid|NiPpm=High|Al2O3=Low,0,0,7121212121212122,0,2878787878787879
Fe2O3,DistCoast,DirCoast,Lat,NiPpm,Al2O3,DistCoast=Mid|DirCoast=High|Lat=Mid|NiPpm=Low|Al2O3=Mid,0,0,2,0,8
Fe2O3,DistCoast,DirCoast,Lat,NiPpm,Al2O3,DistCoast=Low|DirCoast=Low|Lat=Low|NiPpm=Mid|Al2O3=High,0,2222222222222222,0,1111111111111111,0,6666666666666666
Fe2O3,DistCoast,DirCoast,Lat,NiPpm,Al2O3,DistCoast=Mid|DirCoast=Mid|Lat=High|NiPpm=High|Al2O3=High,0,6,0,0,4
Fe2O3,DistCoast,DirCoast,Lat,NiPpm,Al2O3,DistCoast=High|DirCoast=Mid|Lat=Mid|NiPpm=Mid|Al2O3=Mid,0,0,8571428571428571,0,14285714285714285
Fe2O3,DistCoast,DirCoast,Lat,NiPpm,Al2O3,DistCoast=High|DirCoast=Mid|Lat=Mid|NiPpm=Low|Al2O3=Mid,0,5,0,05555555555555555,0,4444444444444444
Fe2O3,DistCoast,DirCoast,Lat,NiPpm,Al2O3,DistCoast=High|DirCoast=Low|Lat=Low|NiPpm=Low|Al2O3=Mid,0,6428571428571429,0,35714285714285715,0
Fe2O3,DistCoast,DirCoast,Lat,NiPpm,Al2O3,DistCoast=High|DirCoast=Low|Lat=High|NiPpm=Mid|Al2O3=Mid,0,7391304347826086,0,13043478260869565,0,13043478260869565
Fe2O3,DistCoast,DirCoast,Lat,NiPpm,Al2O3,DistCoast=Mid|DirCoast=High|Lat=Low|NiPpm=Low|Al2O3=Low,0,8857142857142857,0,11428571428571428,0
Fe2O3,DistCoast,DirCoast,Lat,NiPpm,Al2O3,DistCoast=High|DirCoast=High|Lat=High|NiPpm=High|Al2O3=Low,0,0,1
Fe2O3,DistCoast,DirCoast,Lat,NiPpm,Al2O3,DistCoast=Low|DirCoast=Low|Lat=Mid|NiPpm=High|Al2O3=Mid,0,5,0,0,5
Fe2O3,DistCoast,DirCoast,Lat,NiPpm,Al2O3,DistCoast=Mid|DirCoast=Mid|Lat=Mid|NiPpm=Mid|Al2O3=Low,0,0891089108910891,0,8910891089108911,0,019801980198019802
Fe2O3,DistCoast,DirCoast,Lat,NiPpm,Al2O3,DistCoast=High|DirCoast=Mid|Lat=High|NiPpm=High|Al2O3=High,0,021505376344086023,0,2903225806451613,0,6881720430107527
Fe2O3,DistCoast,DirCoast,Lat,NiPpm,Al2O3,DistCoast=Low|DirCoast=Mid|Lat=High|NiPpm=Low|Al2O3=Mid,0,4166666666666667,0,5833333333333334,0
Fe2O3,DistCoast,DirCoast,Lat,NiPpm,Al2O3,DistCoast=High|DirCoast=High|Lat=Low|NiPpm=High|Al2O3=High,1,0,0
Fe2O3,DistCoast,DirCoast,Lat,NiPpm,Al2O3,DistCoast=Mid|DirCoast=Low|Lat=Mid|NiPpm=Low|Al2O3=Low,0,8333333333333334,0,16666666666666666,0
Fe2O3,DistCoast,DirCoast,Lat,NiPpm,Al2O3,DistCoast=Mid|DirCoast=High|Lat=High|NiPpm=Mid|Al2O3=Mid,0,1,0
Fe2O3,DistCoast,DirCoast,Lat,NiPpm,Al2O3,DistCoast=High|DirCoast=Low|Lat=Mid|NiPpm=Missing|Al2O3=Missing,0,0,0
Fe2O3,DistCoast,DirCoast,Lat,NiPpm,Al2O3,DistCoast=Mid|DirCoast=High|Lat=Low|NiPpm=Mid|Al2O3=Low,0,6666666666666666,0,3333333333333333,0
Fe2O3,DistCoast,DirCoast,Lat,NiPpm,Al2O3,DistCoast=Mid|DirCoast=Low|Lat=Mid|NiPpm=High|Al2O3=Mid,0,0,1111111111111111,0,8888888888888888
Fe2O3,DistCoast,DirCoast,Lat,NiPpm,Al2O3,DistCoast=Mid|DirCoast=Low|Lat=High|NiPpm=Low|Al2O3=High,1,0,0
Fe2O3,DistCoast,DirCoast,Lat,NiPpm,Al2O3,DistCoast=High|DirCoast=Mid|Lat=Mid|NiPpm=Mid|Al2O3=Low,0,0847457627118644,0,9152542372881356,0
Fe2O3,DistCoast,DirCoast,Lat,NiPpm,Al2O3,DistCoast=High|DirCoast=Mid|Lat=Mid|NiPpm=High|Al2O3=Low,0,18181818181818182,0,36363636363636365,0,45454545454545453
Fe2O3,DistCoast,DirCoast,Lat,NiPpm,Al2O3,DistCoast=Low|DirCoast=Low|Lat=Mid|NiPpm=Low|Al2O3=Low,0,6521739130434783,0,043478260869565216,0,30434782608695654
Fe2O3,DistCoast,DirCoast,Lat,NiPpm,Al2O3,DistCoast=Low|DirCoast=Mid|Lat=Mid|NiPpm=Mid|Al2O3=Low,0,15625,0,75,0,09375
Fe2O3,DistCoast,DirCoast,Lat,NiPpm,Al2O3,DistCoast=Low|DirCoast=High|Lat=High|NiPpm=Mid|Al2O3=Low,0,6153846153846154,0,38461538461538464,0
Fe2O3,DistCoast,DirCoast,Lat,NiPpm,Al2O3,DistCoast=High|DirCoast=Low|Lat=Mid|NiPpm=Low|Al2O3=High,0,7142857142857143,0,2857142857142857,0
Fe2O3,DistCoast,DirCoast,Lat,NiPpm,Al2O3,DistCoast=Mid|DirCoast=Low|Lat=High|NiPpm=High|Al2O3=Low,0,0,96,0,04
Fe2O3,DistCoast,DirCoast,Lat,NiPpm,Al2O3,DistCoast=Low|DirCoast=Mid|Lat=Low|NiPpm=Mid|Al2O3=Mid,0,20245398773006135,0,7607361963190185,0,03680981595092025
Fe2O3,DistCoast,DirCoast,Lat,NiPpm,Al2O3,DistCoast=Low|DirCoast=Low|Lat=High|NiPpm=Low|Al2O3=High,0,0,1
Fe2O3,DistCoast,DirCoast,Lat,NiPpm,Al2O3,DistCoast=Low|DirCoast=High|Lat=Low|NiPpm=Missing|Al2O3=Missing,0,0,0
Fe2O3,DistCoast,DirCoast,Lat,NiPpm,Al2O3,DistCoast=Mid|DirCoast=Low|Lat=Mid|NiPpm=Mid|Al2O3=High,0,2,0,0,8
Fe2O3,DistCoast,DirCoast,Lat,NiPpm,Al2O3,DistCoast=Mid|DirCoast=Mid|Lat=Mid|NiPpm=Mid|Al2O3=High,0,7777777777777778,0,1111111111111111,0,1111111111111111
Fe2O3,DistCoast,DirCoast,Lat,NiPpm,Al2O3,DistCoast=Mid|DirCoast=Low|Lat=Low|NiPpm=Low|Al2O3=Low,0,7130434782608696,0,16521739130434782,0,12173913043478261
Fe2O3,DistCoast,DirCoast,Lat,NiPpm,Al2O3,DistCoast=Mid|DirCoast=Low|Lat=Low|NiPpm=Mid|Al2O3=High,0,1875,0,5,0,3125
Fe2O3,DistCoast,DirCoast,Lat,NiPpm,Al2O3,DistCoast=Low|DirCoast=Low|Lat=Mid|NiPpm=Mid|Al2O3=Mid,0,04,0,2,0,76
Fe2O3,DistCoast,DirCoast,Lat,NiPpm,Al2O3,DistCoast=High|DirCoast=High|Lat=Low|NiPpm=Mid|Al2O3=Mid,0,0,3333333333333333,0,6666666666666666
Fe2O3,DistCoast,DirCoast,Lat,NiPpm,Al2O3,DistCoast=Low|DirCoast=Low|Lat=High|NiPpm=High|Al2O3=Low,0,0,05,0,95
Fe2O3,DistCoast,DirCoast,Lat,NiPpm,Al2O3,DistCoast=Mid|DirCoast=Mid|Lat=Mid|NiPpm=Mid|Al2O3=Mid,0,3880597014925373,0,5522388059701493,0,05970149253731343
Fe2O3,DistCoast,DirCoast,Lat,NiPpm,Al2O3,DistCoast=Mid|DirCoast=Low|Lat=Mid|NiPpm=Low|Al2O3=Mid,0,3333333333333333,0,6666666666666666,0
Fe2O3,DistCoast,DirCoast,Lat,NiPpm,Al2O3,DistCoast=Low|DirCoast=High|Lat=High|NiPpm=Missing|Al2O3=Missing,0,0,0
Fe2O3,DistCoast,DirCoast,Lat,NiPpm,Al2O3,DistCoast=High|DirCoast=Low|Lat=High|NiPpm=High|Al2O3=Low,0,2222222222222222,0,6666666666666666,0,1111111111111111
Fe2O3,DistCoast,DirCoast,Lat,NiPpm,Al2O3,DistCoast=High|DirCoast=Low|Lat=High|NiPpm=High|Al2O3=High,0,0,1
Fe2O3,DistCoast,DirCoast,Lat,NiPpm,Al2O3,DistCoast=Low|DirCoast=High|Lat=Mid|NiPpm=High|Al2O3=Low,0,0,1
Fe2O3,DistCoast,DirCoast,Lat,NiPpm,Al2O3,DistCoast=Low|DirCoast=Low|Lat=Mid|NiPpm=High|Al2O3=Low,0,0,5,0,5
Fe2O3,DistCoast,DirCoast,Lat,NiPpm,Al2O3,DistCoast=Mid|DirCoast=Low|Lat=Mid|NiPpm=Missing|Al2O3=Missing,0,0,0
Fe2O3,DistCoast,DirCoast,Lat,NiPpm,Al2O3,DistCoast=Mid|DirCoast=Mid|Lat=Mid|NiPpm=Low|Al2O3=Mid,0,1,0
Fe2O3,DistCoast,DirCoast,Lat,NiPpm,Al2O3,DistCoast=Low|DirCoast=High|Lat=Low|NiPpm=Low|Al2O3=Mid,0,42857142857142855,0,5714285714285714,0
Fe2O3,DistCoast,DirCoast,Lat,NiPpm,Al2O3,DistCoast=Low|DirCoast=High|Lat=High|NiPpm=High|Al2O3=Mid,0,2,0,4,0,4
Fe2O3,DistCoast,DirCoast,Lat,NiPpm,Al2O3,DistCoast=Mid|DirCoast=Low|Lat=Low|NiPpm=Missing|Al2O3=Missing,0,0,0
Fe2O3,DistCoast,DirCoast,Lat,NiPpm,Al2O3,DistCoast=Mid|DirCoast=Mid|Lat=High|NiPpm=Missing|Al2O3=Missing,0,0,0
Fe2O3,DistCoast,DirCoast,Lat,NiPpm,Al2O3,DistCoast=High|DirCoast=Mid|Lat=Mid|NiPpm=High|Al2O3=High,0,0,1
Fe2O3,DistCoast,DirCoast,Lat,NiPpm,Al2O3,DistCoast=High|DirCoast=Mid|Lat=High|NiPpm=Mid|Al2O3=High,0,0,2962962962962963,0,7037037037037037
Fe2O3,DistCoast,DirCoast,Lat,NiPpm,Al2O3,DistCoast=High|DirCoast=Mid|Lat=Low|NiPpm=Mid|Al2O3=Mid,0,3142857142857143,0,05714285714285714,0,6285714285714286
Fe2O3,DistCoast,DirCoast,Lat,NiPpm,Al2O3,DistCoast=Mid|DirCoast=High|Lat=High|NiPpm=Low|Al2O3=Low,0,14285714285714285,0,8571428571428571,0
Fe2O3,DistCoast,DirCoast,Lat,NiPpm,Al2O3,DistCoast=High|DirCoast=Low|Lat=Mid|NiPpm=High|Al2O3=High,0,0,1
Fe2O3,DistCoast,DirCoast,Lat,NiPpm,Al2O3,DistCoast=Low|DirCoast=Low|Lat=Mid|NiPpm=Low|Al2O3=Mid,0,2,0,6,0,2
Fe2O3,DistCoast,DirCoast,Lat,NiPpm,Al2O3,DistCoast=High|DirCoast=Mid|Lat=Mid|NiPpm=High|Al2O3=Mid,0,0,5,0,5
Fe2O3,DistCoast,DirCoast,Lat,NiPpm,Al2O3,DistCoast=Mid|DirCoast=High|Lat=Mid|NiPpm=Low|Al2O3=High,0,0,1
Fe2O3,DistCoast,DirCoast,Lat,NiPpm,Al2O3,DistCoast=High|DirCoast=High|Lat=Low|NiPpm=Mid|Al2O3=High,1,0,0
Fe2O3,DistCoast,DirCoast,Lat,NiPpm,Al2O3,DistCoast=Mid|DirCoast=High|Lat=High|NiPpm=High|Al2O3=High,0,6666666666666666,0,0,3333333333333333
Fe2O3,DistCoast,DirCoast,Lat,NiPpm,Al2O3,DistCoast=High|DirCoast=Mid|Lat=Mid|NiPpm=Missing|Al2O3=Missing,0,0,0
Fe2O3,DistCoast,DirCoast,Lat,NiPpm,Al2O3,DistCoast=Low|DirCoast=High|Lat=High|NiPpm=Mid|Al2O3=High,0,0,07142857142857142,0,9285714285714286
Fe2O3,DistCoast,DirCoast,Lat,NiPpm,Al2O3,DistCoast=Mid|DirCoast=High|Lat=High|NiPpm=Mid|Al2O3=Low,0,0,5,0,5
Fe2O3,DistCoast,DirCoast,Lat,NiPpm,Al2O3,DistCoast=High|DirCoast=Mid|Lat=High|NiPpm=High|Al2O3=Low,0,0,25,0,75
Fe2O3,DistCoast,DirCoast,Lat,NiPpm,Al2O3,DistCoast=Low|DirCoast=Mid|Lat=Low|NiPpm=Mid|Al2O3=Low,0,0,7142857142857143,0,2857142857142857
Fe2O3,DistCoast,DirCoast,Lat,NiPpm,Al2O3,DistCoast=Mid|DirCoast=Low|Lat=Low|NiPpm=Mid|Al2O3=Low,0,3333333333333333,0,6666666666666666,0
Fe2O3,DistCoast,DirCoast,Lat,NiPpm,Al2O3,DistCoast=Low|DirCoast=Low|Lat=High|NiPpm=Missing|Al2O3=Missing,0,0,0
Fe2O3,DistCoast,DirCoast,Lat,NiPpm,Al2O3,DistCoast=Mid|DirCoast=High|Lat=Low|NiPpm=Mid|Al2O3=High,0,2,0,8,0
Fe2O3,DistCoast,DirCoast,Lat,NiPpm,Al2O3,DistCoast=High|DirCoast=High|Lat=High|NiPpm=High|Al2O3=High,0,0,1
Fe2O3,DistCoast,DirCoast,Lat,NiPpm,Al2O3,DistCoast=Low|DirCoast=Mid|Lat=High|NiPpm=Low|Al2O3=High,0,0,1
Fe2O3,DistCoast,DirCoast,Lat,NiPpm,Al2O3,DistCoast=Low|DirCoast=Low|Lat=Mid|NiPpm=High|Al2O3=High,0,0,1
Fe2O3,DistCoast,DirCoast,Lat,NiPpm,Al2O3,DistCoast=Low|DirCoast=Low|Lat=Mid|NiPpm=Mid|Al2O3=High,0,1,0
Fe2O3,DistCoast,DirCoast,Lat,NiPpm,Al2O3,DistCoast=High|DirCoast=Mid|Lat=Low|NiPpm=Mid|Al2O3=High,0,0,1
Fe2O3,DistCoast,DirCoast,Lat,NiPpm,Al2O3,DistCoast=High|DirCoast=Low|Lat=Low|NiPpm=High|Al2O3=Mid,0,0,1
Fe2O3,DistCoast,DirCoast,Lat,NiPpm,Al2O3,DistCoast=High|DirCoast=High|Lat=High|NiPpm=Low|Al2O3=Low,1,0,0
Fe2O3,DistCoast,DirCoast,Lat,NiPpm,Al2O3,DistCoast=Low|DirCoast=Mid|Lat=Low|NiPpm=Missing|Al2O3=Missing,0,0,0
Fe2O3,DistCoast,DirCoast,Lat,NiPpm,Al2O3,DistCoast=Mid|DirCoast=High|Lat=High|NiPpm=Missing|Al2O3=Missing,0,0,0
NiPpm,DistCoast,DirCoast,HarvestSlattervallTotal,Al2O3,GlobalDensity,DistCoast=High|DirCoast=Mid|HarvestSlattervallTotal=Low|Al2O3=Missing|GlobalDensity=Mid,0,0,0
NiPpm,DistCoast,DirCoast,HarvestSlattervallTotal,Al2O3,GlobalDensity,DistCoast=Low|DirCoast=Mid|HarvestSlattervallTotal=Mid|Al2O3=Low|GlobalDensity=Mid,0,016042780748663103,0,026737967914438502,0,9572192513368984
NiPpm,DistCoast,DirCoast,HarvestSlattervallTotal,Al2O3,GlobalDensity,DistCoast=Mid|DirCoast=High|HarvestSlattervallTotal=Mid|Al2O3=Mid|GlobalDensity=Mid,0,0,15315315315315314,0,8468468468468469
NiPpm,DistCoast,DirCoast,HarvestSlattervallTotal,Al2O3,GlobalDensity,DistCoast=High|DirCoast=Mid|HarvestSlattervallTotal=Low|Al2O3=Missing|GlobalDensity=High,0,0,0
NiPpm,DistCoast,DirCoast,HarvestSlattervallTotal,Al2O3,GlobalDensity,DistCoast=Mid|DirCoast=Mid|HarvestSlattervallTotal=Low|Al2O3=Mid|GlobalDensity=Low,0,06310679611650485,0,02912621359223301,0,9077669902912622
NiPpm,DistCoast,DirCoast,HarvestSlattervallTotal,Al2O3,GlobalDensity,DistCoast=Low|DirCoast=High|HarvestSlattervallTotal=Mid|Al2O3=Mid|GlobalDensity=Mid,0,0,3780821917808219,0,6219178082191781
NiPpm,DistCoast,DirCoast,HarvestSlattervallTotal,Al2O3,GlobalDensity,DistCoast=Low|DirCoast=Mid|HarvestSlattervallTotal=Low|Al2O3=Missing|GlobalDensity=Low,0,0,0
NiPpm,DistCoast,DirCoast,HarvestSlattervallTotal,Al2O3,GlobalDensity,DistCoast=High|DirCoast=Low|HarvestSlattervallTotal=Low|Al2O3=Mid|GlobalDensity=High,0,1922043010752688,0,2540322580645161,0,553763440860215
NiPpm,DistCoast,DirCoast,HarvestSlattervallTotal,Al2O3,GlobalDensity,DistCoast=Low|DirCoast=Low|HarvestSlattervallTotal=High|Al2O3=Low|GlobalDensity=Low,0,8190630048465266,0,15024232633279483,0,030694668820678513
NiPpm,DistCoast,DirCoast,HarvestSlattervallTotal,Al2O3,GlobalDensity,DistCoast=Mid|DirCoast=Low|HarvestSlattervallTotal=High|Al2O3=Mid|GlobalDensity=Low,0,2549019607843137,0,6526610644257703,0,09243697478991597
NiPpm,DistCoast,DirCoast,HarvestSlattervallTotal,Al2O3,GlobalDensity,DistCoast=Low|DirCoast=High|HarvestSlattervallTotal=High|Al2O3=High|GlobalDensity=Low,0,23711340206185566,0,14432989690721648,0,6185567010309279
NiPpm,DistCoast,DirCoast,HarvestSlattervallTotal,Al2O3,GlobalDensity,DistCoast=Low|DirCoast=High|HarvestSlattervallTotal=High|Al2O3=Low|GlobalDensity=Low,0,5225225225225225,0,36936936936936937,0,10810810810810811
NiPpm,DistCoast,DirCoast,HarvestSlattervallTotal,Al2O3,GlobalDensity,DistCoast=High|DirCoast=Low|HarvestSlattervallTotal=Low|Al2O3=Missing|GlobalDensity=Low,0,0,0
NiPpm,DistCoast,DirCoast,HarvestSlattervallTotal,Al2O3,GlobalDensity,DistCoast=Low|DirCoast=High|HarvestSlattervallTotal=Low|Al2O3=High|GlobalDensity=Low,0,0,6846846846846847,0,3153153153153153
NiPpm,DistCoast,DirCoast,HarvestSlattervallTotal,Al2O3,GlobalDensity,DistCoast=Low|DirCoast=Low|HarvestSlattervallTotal=High|Al2O3=Mid|GlobalDensity=Low,0,26993865030674846,0,6073619631901841,0,12269938650306748
NiPpm,DistCoast,DirCoast,HarvestSlattervallTotal,Al2O3,GlobalDensity,DistCoast=Mid|DirCoast=High|HarvestSlattervallTotal=Mid|Al2O3=High|GlobalDensity=Mid,0,0,029411764705882353,0,9705882352941176
NiPpm,DistCoast,DirCoast,HarvestSlattervallTotal,Al2O3,GlobalDensity,DistCoast=High|DirCoast=Mid|HarvestSlattervallTotal=Missing|Al2O3=Low|GlobalDensity=Mid,0,9883040935672515,0,011695906432748537,0
NiPpm,DistCoast,DirCoast,HarvestSlattervallTotal,Al2O3,GlobalDensity,DistCoast=High|DirCoast=Low|HarvestSlattervallTotal=Mid|Al2O3=Low|GlobalDensity=High,1,0,0
NiPpm,DistCoast,DirCoast,HarvestSlattervallTotal,Al2O3,GlobalDensity,DistCoast=High|DirCoast=High|HarvestSlattervallTotal=Mid|Al2O3=Mid|GlobalDensity=High,0,9166666666666666,0,08333333333333333,0
NiPpm,DistCoast,DirCoast,HarvestSlattervallTotal,Al2O3,GlobalDensity,DistCoast=Mid|DirCoast=Mid|HarvestSlattervallTotal=Mid|Al2O3=Mid|GlobalDensity=High,0,8928571428571429,0,09285714285714286,0,014285714285714285
NiPpm,DistCoast,DirCoast,HarvestSlattervallTotal,Al2O3,GlobalDensity,DistCoast=High|DirCoast=High|HarvestSlattervallTotal=Low|Al2O3=Missing|GlobalDensity=Mid,0,0,0
NiPpm,DistCoast,DirCoast,HarvestSlattervallTotal,Al2O3,GlobalDensity,DistCoast=High|DirCoast=High|HarvestSlattervallTotal=Low|Al2O3=Missing|GlobalDensity=Low,0,0,0
NiPpm,DistCoast,DirCoast,HarvestSlattervallTotal,Al2O3,GlobalDensity,DistCoast=Low|DirCoast=Low|HarvestSlattervallTotal=Missing|Al2O3=Mid|GlobalDensity=High,1,0,0
NiPpm,DistCoast,DirCoast,HarvestSlattervallTotal,Al2O3,GlobalDensity,DistCoast=Mid|DirCoast=Low|HarvestSlattervallTotal=Mid|Al2O3=Mid|GlobalDensity=High,0,45454545454545453,0,46545454545454545,0,08
NiPpm,DistCoast,DirCoast,HarvestSlattervallTotal,Al2O3,GlobalDensity,DistCoast=Low|DirCoast=Low|HarvestSlattervallTotal=Low|Al2O3=Missing|GlobalDensity=Low,0,0,0
NiPpm,DistCoast,DirCoast,HarvestSlattervallTotal,Al2O3,GlobalDensity,DistCoast=Mid|DirCoast=High|HarvestSlattervallTotal=Low|Al2O3=Low|GlobalDensity=Low,0,9186991869918699,0,07723577235772358,0,0040650406504065045
NiPpm,DistCoast,DirCoast,HarvestSlattervallTotal,Al2O3,GlobalDensity,DistCoast=Low|DirCoast=High|HarvestSlattervallTotal=Low|Al2O3=Low|GlobalDensity=Low,0,6496350364963503,0,35036496350364965,0
NiPpm,DistCoast,DirCoast,HarvestSlattervallTotal,Al2O3,GlobalDensity,DistCoast=Mid|DirCoast=Mid|HarvestSlattervallTotal=Low|Al2O3=High|GlobalDensity=Mid,0,0,1
NiPpm,DistCoast,DirCoast,HarvestSlattervallTotal,Al2O3,GlobalDensity,DistCoast=Low|DirCoast=High|HarvestSlattervallTotal=Low|Al2O3=Mid|GlobalDensity=Low,0,0,34375,0,65625
NiPpm,DistCoast,DirCoast,HarvestSlattervallTotal,Al2O3,GlobalDensity,DistCoast=Low|DirCoast=Mid|HarvestSlattervallTotal=Low|Al2O3=Low|GlobalDensity=Low,0,8666666666666667,0,13333333333333333,0
NiPpm,DistCoast,DirCoast,HarvestSlattervallTotal,Al2O3,GlobalDensity,DistCoast=Mid|DirCoast=High|HarvestSlattervallTotal=Low|Al2O3=High|GlobalDensity=Low,0,0,1
NiPpm,DistCoast,DirCoast,HarvestSlattervallTotal,Al2O3,GlobalDensity,DistCoast=Mid|DirCoast=Mid|HarvestSlattervallTotal=Low|Al2O3=Low|GlobalDensity=Mid,0,022988505747126436,0,9770114942528736,0
NiPpm,DistCoast,DirCoast,HarvestSlattervallTotal,Al2O3,GlobalDensity,DistCoast=High|DirCoast=Mid|HarvestSlattervallTotal=Missing|Al2O3=Mid|GlobalDensity=Mid,0,4722222222222222,0,3055555555555556,0,2222222222222222
NiPpm,DistCoast,DirCoast,HarvestSlattervallTotal,Al2O3,GlobalDensity,DistCoast=High|DirCoast=Low|HarvestSlattervallTotal=Missing|Al2O3=Mid|GlobalDensity=Mid,0,4,0,6,0
NiPpm,DistCoast,DirCoast,HarvestSlattervallTotal,Al2O3,GlobalDensity,DistCoast=Mid|DirCoast=Low|HarvestSlattervallTotal=Mid|Al2O3=High|GlobalDensity=Mid,0,0,016129032258064516,0,9838709677419355
NiPpm,DistCoast,DirCoast,HarvestSlattervallTotal,Al2O3,GlobalDensity,DistCoast=High|DirCoast=Mid|HarvestSlattervallTotal=Mid|Al2O3=Low|GlobalDensity=High,1,0,0
NiPpm,DistCoast,DirCoast,HarvestSlattervallTotal,Al2O3,GlobalDensity,DistCoast=Low|DirCoast=Low|HarvestSlattervallTotal=High|Al2O3=Low|GlobalDensity=Mid,0,7142857142857143,0,22857142857142856,0,05714285714285714
NiPpm,DistCoast,DirCoast,HarvestSlattervallTotal,Al2O3,GlobalDensity,DistCoast=High|DirCoast=Mid|HarvestSlattervallTotal=Mid|Al2O3=Mid|GlobalDensity=High,0,7931034482758621,0,0,20689655172413793
NiPpm,DistCoast,DirCoast,HarvestSlattervallTotal,Al2O3,GlobalDensity,DistCoast=Mid|DirCoast=Mid|HarvestSlattervallTotal=Mid|Al2O3=Low|GlobalDensity=High,0,9649122807017544,0,03508771929824561,0
NiPpm,DistCoast,DirCoast,HarvestSlattervallTotal,Al2O3,GlobalDensity,DistCoast=High|DirCoast=Mid|HarvestSlattervallTotal=High|Al2O3=Low|GlobalDensity=Low,0,8646153846153846,0,13538461538461538,0
NiPpm,DistCoast,DirCoast,HarvestSlattervallTotal,Al2O3,GlobalDensity,DistCoast=High|DirCoast=High|HarvestSlattervallTotal=Low|Al2O3=Low|GlobalDensity=High,0,5134843581445523,0,209277238403452,0,2772384034519957
NiPpm,DistCoast,DirCoast,HarvestSlattervallTotal,Al2O3,GlobalDensity,DistCoast=High|DirCoast=High|HarvestSlattervallTotal=Low|Al2O3=Mid|GlobalDensity=High,0,15354330708661418,0,7808398950131233,0,06561679790026247
NiPpm,DistCoast,DirCoast,HarvestSlattervallTotal,Al2O3,GlobalDensity,DistCoast=High|DirCoast=High|HarvestSlattervallTotal=Low|Al2O3=High|GlobalDensity=High,0,1,0
NiPpm,DistCoast,DirCoast,HarvestSlattervallTotal,Al2O3,GlobalDensity,DistCoast=Mid|DirCoast=High|HarvestSlattervallTotal=Low|Al2O3=High|GlobalDensity=Mid,0,0,3801452784503632,0,6198547215496368
NiPpm,DistCoast,DirCoast,HarvestSlattervallTotal,Al2O3,GlobalDensity,DistCoast=Low|DirCoast=High|HarvestSlattervallTotal=Mid|Al2O3=Low|GlobalDensity=Low,0,03076923076923077,0,7538461538461538,0,2153846153846154
NiPpm,DistCoast,DirCoast,HarvestSlattervallTotal,Al2O3,GlobalDensity,DistCoast=Low|DirCoast=Mid|HarvestSlattervallTotal=High|Al2O3=High|GlobalDensity=Low,0,020202020202020204,0,08080808080808081,0,898989898989899
NiPpm,DistCoast,DirCoast,HarvestSlattervallTotal,Al2O3,GlobalDensity,DistCoast=Low|DirCoast=High|HarvestSlattervallTotal=High|Al2O3=Low|GlobalDensity=High,1,0,0
NiPpm,DistCoast,DirCoast,HarvestSlattervallTotal,Al2O3,GlobalDensity,DistCoast=Low|DirCoast=Mid|HarvestSlattervallTotal=Mid|Al2O3=Mid|GlobalDensity=Mid,0,0,27313769751693,0,7268623024830699
NiPpm,DistCoast,DirCoast,HarvestSlattervallTotal,Al2O3,GlobalDensity,DistCoast=Mid|DirCoast=Mid|HarvestSlattervallTotal=Mid|Al2O3=Mid|GlobalDensity=Mid,0,0,16776315789473684,0,8322368421052632
NiPpm,DistCoast,DirCoast,HarvestSlattervallTotal,Al2O3,GlobalDensity,DistCoast=Mid|DirCoast=Mid|HarvestSlattervallTotal=Mid|Al2O3=Low|GlobalDensity=Mid,0,0,17994100294985252,0,8200589970501475
NiPpm,DistCoast,DirCoast,HarvestSlattervallTotal,Al2O3,GlobalDensity,DistCoast=Mid|DirCoast=Low|HarvestSlattervallTotal=Low|Al2O3=Low|GlobalDensity=Low,0,7837837837837838,0,1891891891891892,0,02702702702702703
NiPpm,DistCoast,DirCoast,HarvestSlattervallTotal,Al2O3,GlobalDensity,DistCoast=High|DirCoast=Low|HarvestSlattervallTotal=Low|Al2O3=Low|GlobalDensity=Low,0,7567567567567568,0,16216216216216217,0,08108108108108109
NiPpm,DistCoast,DirCoast,HarvestSlattervallTotal,Al2O3,GlobalDensity,DistCoast=Low|DirCoast=High|HarvestSlattervallTotal=Missing|Al2O3=High|GlobalDensity=High,1,0,0
NiPpm,DistCoast,DirCoast,HarvestSlattervallTotal,Al2O3,GlobalDensity,DistCoast=Low|DirCoast=Low|HarvestSlattervallTotal=Mid|Al2O3=Low|GlobalDensity=Mid,0,0,832258064516129,0,16774193548387098
NiPpm,DistCoast,DirCoast,HarvestSlattervallTotal,Al2O3,GlobalDensity,DistCoast=Low|DirCoast=Low|HarvestSlattervallTotal=Mid|Al2O3=Mid|GlobalDensity=Mid,0,0,15789473684210525,0,8421052631578947
NiPpm,DistCoast,DirCoast,HarvestSlattervallTotal,Al2O3,GlobalDensity,DistCoast=High|DirCoast=Mid|HarvestSlattervallTotal=Low|Al2O3=Mid|GlobalDensity=Low,0,0,425,0,575
NiPpm,DistCoast,DirCoast,HarvestSlattervallTotal,Al2O3,GlobalDensity,DistCoast=High|DirCoast=Mid|HarvestSlattervallTotal=Low|Al2O3=Low|GlobalDensity=Low,0,3,0,25,0,45
NiPpm,DistCoast,DirCoast,HarvestSlattervallTotal,Al2O3,GlobalDensity,DistCoast=Low|DirCoast=Mid|HarvestSlattervallTotal=Low|Al2O3=Low|GlobalDensity=High,0,6216216216216216,0,3783783783783784,0
NiPpm,DistCoast,DirCoast,HarvestSlattervallTotal,Al2O3,GlobalDensity,DistCoast=Mid|DirCoast=Low|HarvestSlattervallTotal=Mid|Al2O3=Mid|GlobalDensity=Mid,0,0,8860759493670886,0,11392405063291139
NiPpm,DistCoast,DirCoast,HarvestSlattervallTotal,Al2O3,GlobalDensity,DistCoast=High|DirCoast=High|HarvestSlattervallTotal=Low|Al2O3=Missing|GlobalDensity=High,0,0,0
NiPpm,DistCoast,DirCoast,HarvestSlattervallTotal,Al2O3,GlobalDensity,DistCoast=High|DirCoast=Low|HarvestSlattervallTotal=Low|Al2O3=High|GlobalDensity=High,0,018292682926829267,0,9329268292682927,0,04878048780487805
NiPpm,DistCoast,DirCoast,HarvestSlattervallTotal,Al2O3,GlobalDensity,DistCoast=High|DirCoast=Low|HarvestSlattervallTotal=Low|Al2O3=Low|GlobalDensity=High,0,46676737160120846,0,4335347432024169,0,09969788519637462
NiPpm,DistCoast,DirCoast,HarvestSlattervallTotal,Al2O3,GlobalDensity,DistCoast=Mid|DirCoast=Low|HarvestSlattervallTotal=Mid|Al2O3=High|GlobalDensity=High,0,12,0,28,0,6
NiPpm,DistCoast,DirCoast,HarvestSlattervallTotal,Al2O3,GlobalDensity,DistCoast=Mid|DirCoast=High|HarvestSlattervallTotal=Mid|Al2O3=Mid|GlobalDensity=High,0,9226519337016574,0,07734806629834254,0
NiPpm,DistCoast,DirCoast,HarvestSlattervallTotal,Al2O3,GlobalDensity,DistCoast=Low|DirCoast=Mid|HarvestSlattervallTotal=High|Al2O3=Mid|GlobalDensity=Low,0,06349206349206349,0,28174603174603174,0,6547619047619048
NiPpm,DistCoast,DirCoast,HarvestSlattervallTotal,Al2O3,GlobalDensity,DistCoast=Low|DirCoast=High|HarvestSlattervallTotal=High|Al2O3=Mid|GlobalDensity=Mid,0,20634920634920634,0,7936507936507936,0
NiPpm,DistCoast,DirCoast,HarvestSlattervallTotal,Al2O3,GlobalDensity,DistCoast=Low|DirCoast=Mid|HarvestSlattervallTotal=Low|Al2O3=Mid|GlobalDensity=High,0,36363636363636365,0,42424242424242425,0,21212121212121213
NiPpm,DistCoast,DirCoast,HarvestSlattervallTotal,Al2O3,GlobalDensity,DistCoast=Low|DirCoast=High|HarvestSlattervallTotal=Mid|Al2O3=Low|GlobalDensity=Mid,0,011278195488721804,0,015037593984962405,0,9736842105263158
NiPpm,DistCoast,DirCoast,HarvestSlattervallTotal,Al2O3,GlobalDensity,DistCoast=Mid|DirCoast=Low|HarvestSlattervallTotal=High|Al2O3=Low|GlobalDensity=Low,0,6167192429022083,0,3470031545741325,0,03627760252365931
NiPpm,DistCoast,DirCoast,HarvestSlattervallTotal,Al2O3,GlobalDensity,DistCoast=Low|DirCoast=Mid|HarvestSlattervallTotal=Mid|Al2O3=High|GlobalDensity=Mid,0,0,072992700729927,0,927007299270073
NiPpm,DistCoast,DirCoast,HarvestSlattervallTotal,Al2O3,GlobalDensity,DistCoast=Low|DirCoast=Low|HarvestSlattervallTotal=Mid|Al2O3=High|GlobalDensity=Mid,0,0,023529411764705882,0,9764705882352941
NiPpm,DistCoast,DirCoast,HarvestSlattervallTotal,Al2O3,GlobalDensity,DistCoast=Mid|DirCoast=Low|HarvestSlattervallTotal=Low|Al2O3=Missing|GlobalDensity=Low,0,0,0
NiPpm,DistCoast,DirCoast,HarvestSlattervallTotal,Al2O3,GlobalDensity,DistCoast=Low|DirCoast=Low|HarvestSlattervallTotal=High|Al2O3=High|GlobalDensity=Low,0,013114754098360656,0,5049180327868853,0,4819672131147541
NiPpm,DistCoast,DirCoast,HarvestSlattervallTotal,Al2O3,GlobalDensity,DistCoast=Low|DirCoast=High|HarvestSlattervallTotal=High|Al2O3=Low|GlobalDensity=Mid,0,7288135593220338,0,2711864406779661,0
NiPpm,DistCoast,DirCoast,HarvestSlattervallTotal,Al2O3,GlobalDensity,DistCoast=Mid|DirCoast=High|HarvestSlattervallTotal=Low|Al2O3=Low|GlobalDensity=Mid,0,8307692307692308,0,16923076923076924,0
NiPpm,DistCoast,DirCoast,HarvestSlattervallTotal,Al2O3,GlobalDensity,DistCoast=Mid|DirCoast=Mid|HarvestSlattervallTotal=Missing|Al2O3=Mid|GlobalDensity=Mid,1,0,0
NiPpm,DistCoast,DirCoast,HarvestSlattervallTotal,Al2O3,GlobalDensity,DistCoast=Low|DirCoast=Mid|HarvestSlattervallTotal=Missing|Al2O3=Low|GlobalDensity=High,1,0,0
NiPpm,DistCoast,DirCoast,HarvestSlattervallTotal,Al2O3,GlobalDensity,DistCoast=Mid|DirCoast=Mid|HarvestSlattervallTotal=High|Al2O3=Mid|GlobalDensity=High,0,3203125,0,6640625,0,015625
NiPpm,DistCoast,DirCoast,HarvestSlattervallTotal,Al2O3,GlobalDensity,DistCoast=Mid|DirCoast=Low|HarvestSlattervallTotal=High|Al2O3=High|GlobalDensity=Low,0,045454545454545456,0,2222222222222222,0,7323232323232324
NiPpm,DistCoast,DirCoast,HarvestSlattervallTotal,Al2O3,GlobalDensity,DistCoast=Mid|DirCoast=Low|HarvestSlattervallTotal=Low|Al2O3=Mid|GlobalDensity=High,0,0,8205128205128205,0,1794871794871795
NiPpm,DistCoast,DirCoast,HarvestSlattervallTotal,Al2O3,GlobalDensity,DistCoast=Mid|DirCoast=Mid|HarvestSlattervallTotal=Mid|Al2O3=High|GlobalDensity=Mid,0,0,01485148514851485,0,9851485148514851
NiPpm,DistCoast,DirCoast,HarvestSlattervallTotal,Al2O3,GlobalDensity,DistCoast=Low|DirCoast=Mid|HarvestSlattervallTotal=Missing|Al2O3=Mid|GlobalDensity=Mid,1,0,0
NiPpm,DistCoast,DirCoast,HarvestSlattervallTotal,Al2O3,GlobalDensity,DistCoast=High|DirCoast=Mid|HarvestSlattervallTotal=Low|Al2O3=Low|GlobalDensity=High,0,7464285714285714,0,20357142857142857,0,05
NiPpm,DistCoast,DirCoast,HarvestSlattervallTotal,Al2O3,GlobalDensity,DistCoast=Mid|DirCoast=Mid|HarvestSlattervallTotal=Mid|Al2O3=High|GlobalDensity=High,0,2564102564102564,0,07692307692307693,0,6666666666666666
NiPpm,DistCoast,DirCoast,HarvestSlattervallTotal,Al2O3,GlobalDensity,DistCoast=Mid|DirCoast=High|HarvestSlattervallTotal=High|Al2O3=Mid|GlobalDensity=Low,0,08653846153846154,0,6730769230769231,0,2403846153846154
NiPpm,DistCoast,DirCoast,HarvestSlattervallTotal,Al2O3,GlobalDensity,DistCoast=Low|DirCoast=High|HarvestSlattervallTotal=High|Al2O3=High|GlobalDensity=Mid,0,1,0
NiPpm,DistCoast,DirCoast,HarvestSlattervallTotal,Al2O3,GlobalDensity,DistCoast=Mid|DirCoast=High|HarvestSlattervallTotal=Low|Al2O3=Missing|GlobalDensity=Mid,0,0,0
NiPpm,DistCoast,DirCoast,HarvestSlattervallTotal,Al2O3,GlobalDensity,DistCoast=Low|DirCoast=Low|HarvestSlattervallTotal=Missing|Al2O3=High|GlobalDensity=High,0,94,0,0,06
NiPpm,DistCoast,DirCoast,HarvestSlattervallTotal,Al2O3,GlobalDensity,DistCoast=Mid|DirCoast=Low|HarvestSlattervallTotal=Low|Al2O3=Low|GlobalDensity=High,0,22058823529411764,0,25,0,5294117647058824
NiPpm,DistCoast,DirCoast,HarvestSlattervallTotal,Al2O3,GlobalDensity,DistCoast=Low|DirCoast=Mid|HarvestSlattervallTotal=High|Al2O3=Low|GlobalDensity=Low,0,7403846153846154,0,0673076923076923,0,19230769230769232
NiPpm,DistCoast,DirCoast,HarvestSlattervallTotal,Al2O3,GlobalDensity,DistCoast=Mid|DirCoast=Mid|HarvestSlattervallTotal=High|Al2O3=Low|GlobalDensity=Mid,0,6274509803921569,0,37254901960784315,0
NiPpm,DistCoast,DirCoast,HarvestSlattervallTotal,Al2O3,GlobalDensity,DistCoast=Low|DirCoast=Mid|HarvestSlattervallTotal=High|Al2O3=High|GlobalDensity=Mid,0,1,0
NiPpm,DistCoast,DirCoast,HarvestSlattervallTotal,Al2O3,GlobalDensity,DistCoast=High|DirCoast=Mid|HarvestSlattervallTotal=Missing|Al2O3=Low|GlobalDensity=High,0,9789473684210527,0,021052631578947368,0
NiPpm,DistCoast,DirCoast,HarvestSlattervallTotal,Al2O3,GlobalDensity,DistCoast=Low|DirCoast=Mid|HarvestSlattervallTotal=High|Al2O3=Low|GlobalDensity=Mid,0,8,0,2,0
NiPpm,DistCoast,DirCoast,HarvestSlattervallTotal,Al2O3,GlobalDensity,DistCoast=Low|DirCoast=Low|HarvestSlattervallTotal=Low|Al2O3=High|GlobalDensity=Low,0,0,7435897435897436,0,2564102564102564
NiPpm,DistCoast,DirCoast,HarvestSlattervallTotal,Al2O3,GlobalDensity,DistCoast=Low|DirCoast=Mid|HarvestSlattervallTotal=High|Al2O3=High|GlobalDensity=High,0,0,1
NiPpm,DistCoast,DirCoast,HarvestSlattervallTotal,Al2O3,GlobalDensity,DistCoast=Low|DirCoast=Mid|HarvestSlattervallTotal=High|Al2O3=Low|GlobalDensity=High,1,0,0
NiPpm,DistCoast,DirCoast,HarvestSlattervallTotal,Al2O3,GlobalDensity,DistCoast=High|DirCoast=High|HarvestSlattervallTotal=Mid|Al2O3=Low|GlobalDensity=High,1,0,0
NiPpm,DistCoast,DirCoast,HarvestSlattervallTotal,Al2O3,GlobalDensity,DistCoast=Low|DirCoast=Low|HarvestSlattervallTotal=Low|Al2O3=Low|GlobalDensity=High,0,32,0,6533333333333333,0,02666666666666667
NiPpm,DistCoast,DirCoast,HarvestSlattervallTotal,Al2O3,GlobalDensity,DistCoast=Mid|DirCoast=Low|HarvestSlattervallTotal=Mid|Al2O3=Low|GlobalDensity=Mid,0,45652173913043476,0,0,5434782608695652
NiPpm,DistCoast,DirCoast,HarvestSlattervallTotal,Al2O3,GlobalDensity,DistCoast=Low|DirCoast=Mid|HarvestSlattervallTotal=Missing|Al2O3=High|GlobalDensity=Mid,1,0,0
NiPpm,DistCoast,DirCoast,HarvestSlattervallTotal,Al2O3,GlobalDensity,DistCoast=Mid|DirCoast=Mid|HarvestSlattervallTotal=High|Al2O3=High|GlobalDensity=Low,0,0,8360655737704918,0,16393442622950818
NiPpm,DistCoast,DirCoast,HarvestSlattervallTotal,Al2O3,GlobalDensity,DistCoast=High|DirCoast=Mid|HarvestSlattervallTotal=High|Al2O3=Mid|GlobalDensity=Low,0,02666666666666667,0,9244444444444444,0,04888888888888889
NiPpm,DistCoast,DirCoast,HarvestSlattervallTotal,Al2O3,GlobalDensity,DistCoast=Mid|DirCoast=Mid|HarvestSlattervallTotal=Low|Al2O3=Low|GlobalDensity=Low,0,765625,0,234375,0
NiPpm,DistCoast,DirCoast,HarvestSlattervallTotal,Al2O3,GlobalDensity,DistCoast=Mid|DirCoast=Mid|HarvestSlattervallTotal=High|Al2O3=Low|GlobalDensity=Low,0,8795811518324608,0,12041884816753927,0
NiPpm,DistCoast,DirCoast,HarvestSlattervallTotal,Al2O3,GlobalDensity,DistCoast=Low|DirCoast=High|HarvestSlattervallTotal=Low|Al2O3=Missing|GlobalDensity=Low,0,0,0
NiPpm,DistCoast,DirCoast,HarvestSlattervallTotal,Al2O3,GlobalDensity,DistCoast=High|DirCoast=Low|HarvestSlattervallTotal=Low|Al2O3=Mid|GlobalDensity=Low,0,5142857142857142,0,2857142857142857,0,2
NiPpm,DistCoast,DirCoast,HarvestSlattervallTotal,Al2O3,GlobalDensity,DistCoast=Mid|DirCoast=Low|HarvestSlattervallTotal=High|Al2O3=High|GlobalDensity=High,0,0,3,0,7
NiPpm,DistCoast,DirCoast,HarvestSlattervallTotal,Al2O3,GlobalDensity,DistCoast=High|DirCoast=Low|HarvestSlattervallTotal=Missing|Al2O3=Missing|GlobalDensity=Mid,0,0,0
NiPpm,DistCoast,DirCoast,HarvestSlattervallTotal,Al2O3,GlobalDensity,DistCoast=High|DirCoast=Low|HarvestSlattervallTotal=Mid|Al2O3=Mid|GlobalDensity=High,0,5833333333333334,0,16666666666666666,0,25
NiPpm,DistCoast,DirCoast,HarvestSlattervallTotal,Al2O3,GlobalDensity,DistCoast=High|DirCoast=Low|HarvestSlattervallTotal=High|Al2O3=Low|GlobalDensity=Low,1,0,0
NiPpm,DistCoast,DirCoast,HarvestSlattervallTotal,Al2O3,GlobalDensity,DistCoast=Low|DirCoast=Mid|HarvestSlattervallTotal=High|Al2O3=Mid|GlobalDensity=Mid,0,34615384615384615,0,5769230769230769,0,07692307692307693
NiPpm,DistCoast,DirCoast,HarvestSlattervallTotal,Al2O3,GlobalDensity,DistCoast=Mid|DirCoast=Mid|HarvestSlattervallTotal=High|Al2O3=Mid|GlobalDensity=Low,0,21666666666666667,0,7083333333333334,0,075
NiPpm,DistCoast,DirCoast,HarvestSlattervallTotal,Al2O3,GlobalDensity,DistCoast=Low|DirCoast=High|HarvestSlattervallTotal=High|Al2O3=Mid|GlobalDensity=Low,0,2830188679245283,0,6415094339622641,0,07547169811320754
NiPpm,DistCoast,DirCoast,HarvestSlattervallTotal,Al2O3,GlobalDensity,DistCoast=High|DirCoast=Mid|HarvestSlattervallTotal=High|Al2O3=Mid|GlobalDensity=Mid,0,0,6,0,4
NiPpm,DistCoast,DirCoast,HarvestSlattervallTotal,Al2O3,GlobalDensity,DistCoast=Low|DirCoast=High|HarvestSlattervallTotal=Mid|Al2O3=High|GlobalDensity=Mid,0,0,07321131447587355,0,9267886855241264
NiPpm,DistCoast,DirCoast,HarvestSlattervallTotal,Al2O3,GlobalDensity,DistCoast=High|DirCoast=Mid|HarvestSlattervallTotal=High|Al2O3=Low|GlobalDensity=Mid,0,10714285714285714,0,8928571428571429,0
NiPpm,DistCoast,DirCoast,HarvestSlattervallTotal,Al2O3,GlobalDensity,DistCoast=Mid|DirCoast=High|HarvestSlattervallTotal=High|Al2O3=Low|GlobalDensity=High,0,8888888888888888,0,0,1111111111111111
NiPpm,DistCoast,DirCoast,HarvestSlattervallTotal,Al2O3,GlobalDensity,DistCoast=Mid|DirCoast=Low|HarvestSlattervallTotal=Low|Al2O3=Mid|GlobalDensity=Low,0,05263157894736842,0,21052631578947367,0,7368421052631579
NiPpm,DistCoast,DirCoast,HarvestSlattervallTotal,Al2O3,GlobalDensity,DistCoast=High|DirCoast=Low|HarvestSlattervallTotal=Low|Al2O3=Missing|GlobalDensity=Mid,0,0,0
NiPpm,DistCoast,DirCoast,HarvestSlattervallTotal,Al2O3,GlobalDensity,DistCoast=Mid|DirCoast=Mid|HarvestSlattervallTotal=Missing|Al2O3=Low|GlobalDensity=High,1,0,0
NiPpm,DistCoast,DirCoast,HarvestSlattervallTotal,Al2O3,GlobalDensity,DistCoast=High|DirCoast=Low|HarvestSlattervallTotal=Low|Al2O3=High|GlobalDensity=Low,0,0,2962962962962963,0,7037037037037037
NiPpm,DistCoast,DirCoast,HarvestSlattervallTotal,Al2O3,GlobalDensity,DistCoast=Mid|DirCoast=High|HarvestSlattervallTotal=Low|Al2O3=Mid|GlobalDensity=Low,0,021052631578947368,0,8526315789473684,0,12631578947368421
NiPpm,DistCoast,DirCoast,HarvestSlattervallTotal,Al2O3,GlobalDensity,DistCoast=Low|DirCoast=Mid|HarvestSlattervallTotal=Missing|Al2O3=Missing|GlobalDensity=Low,0,0,0
NiPpm,DistCoast,DirCoast,HarvestSlattervallTotal,Al2O3,GlobalDensity,DistCoast=Mid|DirCoast=Low|HarvestSlattervallTotal=Missing|Al2O3=Mid|GlobalDensity=High,0,1111111111111111,0,8888888888888888,0
NiPpm,DistCoast,DirCoast,HarvestSlattervallTotal,Al2O3,GlobalDensity,DistCoast=Low|DirCoast=Mid|HarvestSlattervallTotal=Missing|Al2O3=Mid|GlobalDensity=High,1,0,0
NiPpm,DistCoast,DirCoast,HarvestSlattervallTotal,Al2O3,GlobalDensity,DistCoast=Mid|DirCoast=High|HarvestSlattervallTotal=High|Al2O3=Mid|GlobalDensity=High,0,027777777777777776,0,8055555555555556,0,16666666666666666
NiPpm,DistCoast,DirCoast,HarvestSlattervallTotal,Al2O3,GlobalDensity,DistCoast=Low|DirCoast=Mid|HarvestSlattervallTotal=Low|Al2O3=High|GlobalDensity=Low,0,0,1
NiPpm,DistCoast,DirCoast,HarvestSlattervallTotal,Al2O3,GlobalDensity,DistCoast=Mid|DirCoast=High|HarvestSlattervallTotal=Mid|Al2O3=Low|GlobalDensity=Mid,0,0,1348314606741573,0,8651685393258427
NiPpm,DistCoast,DirCoast,HarvestSlattervallTotal,Al2O3,GlobalDensity,DistCoast=Low|DirCoast=Low|HarvestSlattervallTotal=Mid|Al2O3=Missing|GlobalDensity=High,0,0,0
NiPpm,DistCoast,DirCoast,HarvestSlattervallTotal,Al2O3,GlobalDensity,DistCoast=Low|DirCoast=Mid|HarvestSlattervallTotal=Missing|Al2O3=High|GlobalDensity=Low,0,0,6666666666666666,0,3333333333333333
NiPpm,DistCoast,DirCoast,HarvestSlattervallTotal,Al2O3,GlobalDensity,DistCoast=Mid|DirCoast=Mid|HarvestSlattervallTotal=Low|Al2O3=High|GlobalDensity=Low,0,0,5714285714285714,0,42857142857142855
NiPpm,DistCoast,DirCoast,HarvestSlattervallTotal,Al2O3,GlobalDensity,DistCoast=Mid|DirCoast=Mid|HarvestSlattervallTotal=Low|Al2O3=Low|GlobalDensity=High,0,23809523809523808,0,7619047619047619,0
NiPpm,DistCoast,DirCoast,HarvestSlattervallTotal,Al2O3,GlobalDensity,DistCoast=High|DirCoast=Low|HarvestSlattervallTotal=High|Al2O3=Low|GlobalDensity=Mid,0,3333333333333333,0,6666666666666666,0
NiPpm,DistCoast,DirCoast,HarvestSlattervallTotal,Al2O3,GlobalDensity,DistCoast=Mid|DirCoast=Mid|HarvestSlattervallTotal=Missing|Al2O3=High|GlobalDensity=High,0,9565217391304348,0,043478260869565216,0
NiPpm,DistCoast,DirCoast,HarvestSlattervallTotal,Al2O3,GlobalDensity,DistCoast=Low|DirCoast=Low|HarvestSlattervallTotal=Low|Al2O3=Mid|GlobalDensity=Low,0,020833333333333332,0,7708333333333334,0,20833333333333334
NiPpm,DistCoast,DirCoast,HarvestSlattervallTotal,Al2O3,GlobalDensity,DistCoast=Mid|DirCoast=High|HarvestSlattervallTotal=Low|Al2O3=Low|GlobalDensity=High,0,16666666666666666,0,5833333333333334,0,25
NiPpm,DistCoast,DirCoast,HarvestSlattervallTotal,Al2O3,GlobalDensity,DistCoast=High|DirCoast=High|HarvestSlattervallTotal=Missing|Al2O3=Low|GlobalDensity=High,1,0,0
NiPpm,DistCoast,DirCoast,HarvestSlattervallTotal,Al2O3,GlobalDensity,DistCoast=Low|DirCoast=Low|HarvestSlattervallTotal=High|Al2O3=High|GlobalDensity=Mid,0,1,0
NiPpm,DistCoast,DirCoast,HarvestSlattervallTotal,Al2O3,GlobalDensity,DistCoast=High|DirCoast=Mid|HarvestSlattervallTotal=Low|Al2O3=Mid|GlobalDensity=High,0,34375,0,59375,0,0625
NiPpm,DistCoast,DirCoast,HarvestSlattervallTotal,Al2O3,GlobalDensity,DistCoast=Low|DirCoast=High|HarvestSlattervallTotal=Missing|Al2O3=Mid|GlobalDensity=Mid,0,14285714285714285,0,8571428571428571,0
NiPpm,DistCoast,DirCoast,HarvestSlattervallTotal,Al2O3,GlobalDensity,DistCoast=High|DirCoast=Mid|HarvestSlattervallTotal=Missing|Al2O3=Mid|GlobalDensity=High,0,3157894736842105,0,6842105263157895,0
NiPpm,DistCoast,DirCoast,HarvestSlattervallTotal,Al2O3,GlobalDensity,DistCoast=High|DirCoast=Low|HarvestSlattervallTotal=Missing|Al2O3=Mid|GlobalDensity=High,0,8181818181818182,0,18181818181818182,0
NiPpm,DistCoast,DirCoast,HarvestSlattervallTotal,Al2O3,GlobalDensity,DistCoast=Low|DirCoast=Low|HarvestSlattervallTotal=Mid|Al2O3=Mid|GlobalDensity=High,0,0,9523809523809523,0,047619047619047616
NiPpm,DistCoast,DirCoast,HarvestSlattervallTotal,Al2O3,GlobalDensity,DistCoast=High|DirCoast=Low|HarvestSlattervallTotal=High|Al2O3=Mid|GlobalDensity=Low,0,2857142857142857,0,2857142857142857,0,42857142857142855
NiPpm,DistCoast,DirCoast,HarvestSlattervallTotal,Al2O3,GlobalDensity,DistCoast=Mid|DirCoast=High|HarvestSlattervallTotal=Mid|Al2O3=Low|GlobalDensity=High,1,0,0
NiPpm,DistCoast,DirCoast,HarvestSlattervallTotal,Al2O3,GlobalDensity,DistCoast=High|DirCoast=Mid|HarvestSlattervallTotal=High|Al2O3=Low|GlobalDensity=High,0,8222222222222222,0,17777777777777778,0
NiPpm,DistCoast,DirCoast,HarvestSlattervallTotal,Al2O3,GlobalDensity,DistCoast=High|DirCoast=High|HarvestSlattervallTotal=Low|Al2O3=Low|GlobalDensity=Low,0,3333333333333333,0,0,6666666666666666
NiPpm,DistCoast,DirCoast,HarvestSlattervallTotal,Al2O3,GlobalDensity,DistCoast=Mid|DirCoast=High|HarvestSlattervallTotal=Low|Al2O3=Mid|GlobalDensity=High,0,1,0
NiPpm,DistCoast,DirCoast,HarvestSlattervallTotal,Al2O3,GlobalDensity,DistCoast=Low|DirCoast=Low|HarvestSlattervallTotal=Low|Al2O3=Low|GlobalDensity=Low,0,725,0,25,0,025
NiPpm,DistCoast,DirCoast,HarvestSlattervallTotal,Al2O3,GlobalDensity,DistCoast=Low|DirCoast=Low|HarvestSlattervallTotal=Low|Al2O3=Mid|GlobalDensity=High,0,125,0,7916666666666666,0,08333333333333333
NiPpm,DistCoast,DirCoast,HarvestSlattervallTotal,Al2O3,GlobalDensity,DistCoast=Low|DirCoast=Low|HarvestSlattervallTotal=High|Al2O3=Missing|GlobalDensity=Low,0,0,0
NiPpm,DistCoast,DirCoast,HarvestSlattervallTotal,Al2O3,GlobalDensity,DistCoast=High|DirCoast=Mid|HarvestSlattervallTotal=Missing|Al2O3=High|GlobalDensity=Mid,0,0,2926829268292683,0,7073170731707317
NiPpm,DistCoast,DirCoast,HarvestSlattervallTotal,Al2O3,GlobalDensity,DistCoast=Low|DirCoast=Mid|HarvestSlattervallTotal=Mid|Al2O3=Low|GlobalDensity=Low,0,0,2222222222222222,0,7777777777777778
NiPpm,DistCoast,DirCoast,HarvestSlattervallTotal,Al2O3,GlobalDensity,DistCoast=High|DirCoast=Mid|HarvestSlattervallTotal=Low|Al2O3=High|GlobalDensity=Low,0,0,1
NiPpm,DistCoast,DirCoast,HarvestSlattervallTotal,Al2O3,GlobalDensity,DistCoast=High|DirCoast=High|HarvestSlattervallTotal=Mid|Al2O3=High|GlobalDensity=High,0,0,8181818181818182,0,18181818181818182
NiPpm,DistCoast,DirCoast,HarvestSlattervallTotal,Al2O3,GlobalDensity,DistCoast=Mid|DirCoast=Mid|HarvestSlattervallTotal=High|Al2O3=High|GlobalDensity=High,0,0,46153846153846156,0,5384615384615384
NiPpm,DistCoast,DirCoast,HarvestSlattervallTotal,Al2O3,GlobalDensity,DistCoast=High|DirCoast=Mid|HarvestSlattervallTotal=Low|Al2O3=Missing|GlobalDensity=Low,0,0,0
NiPpm,DistCoast,DirCoast,HarvestSlattervallTotal,Al2O3,GlobalDensity,DistCoast=High|DirCoast=Low|HarvestSlattervallTotal=Missing|Al2O3=Missing|GlobalDensity=Low,0,0,0
NiPpm,DistCoast,DirCoast,HarvestSlattervallTotal,Al2O3,GlobalDensity,DistCoast=High|DirCoast=Low|HarvestSlattervallTotal=Low|Al2O3=Missing|GlobalDensity=High,0,0,0
NiPpm,DistCoast,DirCoast,HarvestSlattervallTotal,Al2O3,GlobalDensity,DistCoast=High|DirCoast=High|HarvestSlattervallTotal=Missing|Al2O3=Mid|GlobalDensity=High,0,7551020408163265,0,24489795918367346,0
NiPpm,DistCoast,DirCoast,HarvestSlattervallTotal,Al2O3,GlobalDensity,DistCoast=Low|DirCoast=Mid|HarvestSlattervallTotal=Missing|Al2O3=High|GlobalDensity=High,1,0,0
NiPpm,DistCoast,DirCoast,HarvestSlattervallTotal,Al2O3,GlobalDensity,DistCoast=High|DirCoast=Low|HarvestSlattervallTotal=Missing|Al2O3=High|GlobalDensity=High,1,0,0
NiPpm,DistCoast,DirCoast,HarvestSlattervallTotal,Al2O3,GlobalDensity,DistCoast=Mid|DirCoast=Low|HarvestSlattervallTotal=High|Al2O3=Mid|GlobalDensity=High,0,8947368421052632,0,05263157894736842,0,05263157894736842
NiPpm,DistCoast,DirCoast,HarvestSlattervallTotal,Al2O3,GlobalDensity,DistCoast=Low|DirCoast=Mid|HarvestSlattervallTotal=High|Al2O3=Mid|GlobalDensity=High,0,16666666666666666,0,8333333333333334,0
NiPpm,DistCoast,DirCoast,HarvestSlattervallTotal,Al2O3,GlobalDensity,DistCoast=Low|DirCoast=Low|HarvestSlattervallTotal=Mid|Al2O3=Low|GlobalDensity=High,0,06382978723404255,0,9361702127659575,0
NiPpm,DistCoast,DirCoast,HarvestSlattervallTotal,Al2O3,GlobalDensity,DistCoast=Low|DirCoast=High|HarvestSlattervallTotal=High|Al2O3=Missing|GlobalDensity=High,0,0,0
NiPpm,DistCoast,DirCoast,HarvestSlattervallTotal,Al2O3,GlobalDensity,DistCoast=High|DirCoast=Mid|HarvestSlattervallTotal=Missing|Al2O3=High|GlobalDensity=Low,0,0,19117647058823528,0,8088235294117647
NiPpm,DistCoast,DirCoast,HarvestSlattervallTotal,Al2O3,GlobalDensity,DistCoast=Mid|DirCoast=Low|HarvestSlattervallTotal=Mid|Al2O3=Low|GlobalDensity=High,0,8769230769230769,0,12307692307692308,0
NiPpm,DistCoast,DirCoast,HarvestSlattervallTotal,Al2O3,GlobalDensity,DistCoast=Mid|DirCoast=Mid|HarvestSlattervallTotal=Missing|Al2O3=Mid|GlobalDensity=High,1,0,0
NiPpm,DistCoast,DirCoast,HarvestSlattervallTotal,Al2O3,GlobalDensity,DistCoast=Low|DirCoast=Low|HarvestSlattervallTotal=High|Al2O3=Mid|GlobalDensity=Mid,0,3333333333333333,0,6666666666666666,0
NiPpm,DistCoast,DirCoast,HarvestSlattervallTotal,Al2O3,GlobalDensity,DistCoast=Low|DirCoast=High|HarvestSlattervallTotal=High|Al2O3=Missing|GlobalDensity=Mid,0,0,0
NiPpm,DistCoast,DirCoast,HarvestSlattervallTotal,Al2O3,GlobalDensity,DistCoast=Low|DirCoast=Mid|HarvestSlattervallTotal=Low|Al2O3=Mid|GlobalDensity=Low,0,0,5285714285714286,0,4714285714285714
NiPpm,DistCoast,DirCoast,HarvestSlattervallTotal,Al2O3,GlobalDensity,DistCoast=Low|DirCoast=Mid|HarvestSlattervallTotal=Mid|Al2O3=Mid|GlobalDensity=High,0,1,0
NiPpm,DistCoast,DirCoast,HarvestSlattervallTotal,Al2O3,GlobalDensity,DistCoast=High|DirCoast=Low|HarvestSlattervallTotal=Missing|Al2O3=Low|GlobalDensity=Mid,0,5,0,5,0
NiPpm,DistCoast,DirCoast,HarvestSlattervallTotal,Al2O3,GlobalDensity,DistCoast=Low|DirCoast=High|HarvestSlattervallTotal=Missing|Al2O3=Missing|GlobalDensity=Low,0,0,0
NiPpm,DistCoast,DirCoast,HarvestSlattervallTotal,Al2O3,GlobalDensity,DistCoast=Mid|DirCoast=Mid|HarvestSlattervallTotal=Mid|Al2O3=Low|GlobalDensity=Low,0,0,1
NiPpm,DistCoast,DirCoast,HarvestSlattervallTotal,Al2O3,GlobalDensity,DistCoast=High|DirCoast=Low|HarvestSlattervallTotal=High|Al2O3=Mid|GlobalDensity=High,0,09090909090909091,0,8181818181818182,0,09090909090909091
NiPpm,DistCoast,DirCoast,HarvestSlattervallTotal,Al2O3,GlobalDensity,DistCoast=Mid|DirCoast=Mid|HarvestSlattervallTotal=High|Al2O3=Mid|GlobalDensity=Mid,0,1,0
NiPpm,DistCoast,DirCoast,HarvestSlattervallTotal,Al2O3,GlobalDensity,DistCoast=High|DirCoast=Low|HarvestSlattervallTotal=Missing|Al2O3=Low|GlobalDensity=Low,0,45,0,55,0
NiPpm,DistCoast,DirCoast,HarvestSlattervallTotal,Al2O3,GlobalDensity,DistCoast=Mid|DirCoast=High|HarvestSlattervallTotal=Low|Al2O3=Mid|GlobalDensity=Mid,0,3620689655172414,0,5689655172413793,0,06896551724137931
NiPpm,DistCoast,DirCoast,HarvestSlattervallTotal,Al2O3,GlobalDensity,DistCoast=Low|DirCoast=High|HarvestSlattervallTotal=Low|Al2O3=Low|GlobalDensity=High,0,0,15384615384615385,0,8461538461538461
NiPpm,DistCoast,DirCoast,HarvestSlattervallTotal,Al2O3,GlobalDensity,DistCoast=Low|DirCoast=High|HarvestSlattervallTotal=Low|Al2O3=High|GlobalDensity=High,0,0,1
NiPpm,DistCoast,DirCoast,HarvestSlattervallTotal,Al2O3,GlobalDensity,DistCoast=Mid|DirCoast=High|HarvestSlattervallTotal=Low|Al2O3=Missing|GlobalDensity=Low,0,0,0
NiPpm,DistCoast,DirCoast,HarvestSlattervallTotal,Al2O3,GlobalDensity,DistCoast=Mid|DirCoast=Mid|HarvestSlattervallTotal=Missing|Al2O3=High|GlobalDensity=Mid,1,0,0
NiPpm,DistCoast,DirCoast,HarvestSlattervallTotal,Al2O3,GlobalDensity,DistCoast=Mid|DirCoast=Mid|HarvestSlattervallTotal=High|Al2O3=Low|GlobalDensity=High,0,8518518518518519,0,14814814814814814,0
NiPpm,DistCoast,DirCoast,HarvestSlattervallTotal,Al2O3,GlobalDensity,DistCoast=Low|DirCoast=High|HarvestSlattervallTotal=Missing|Al2O3=Mid|GlobalDensity=High,1,0,0
NiPpm,DistCoast,DirCoast,HarvestSlattervallTotal,Al2O3,GlobalDensity,DistCoast=Mid|DirCoast=Low|HarvestSlattervallTotal=Mid|Al2O3=Missing|GlobalDensity=High,0,0,0
NiPpm,DistCoast,DirCoast,HarvestSlattervallTotal,Al2O3,GlobalDensity,DistCoast=Mid|DirCoast=Low|HarvestSlattervallTotal=High|Al2O3=Low|GlobalDensity=High,0,8620689655172413,0,13793103448275862,0
NiPpm,DistCoast,DirCoast,HarvestSlattervallTotal,Al2O3,GlobalDensity,DistCoast=Low|DirCoast=High|HarvestSlattervallTotal=High|Al2O3=Missing|GlobalDensity=Low,0,0,0
NiPpm,DistCoast,DirCoast,HarvestSlattervallTotal,Al2O3,GlobalDensity,DistCoast=Mid|DirCoast=Mid|HarvestSlattervallTotal=Low|Al2O3=Missing|GlobalDensity=Low,0,0,0
NiPpm,DistCoast,DirCoast,HarvestSlattervallTotal,Al2O3,GlobalDensity,DistCoast=High|DirCoast=Mid|HarvestSlattervallTotal=Low|Al2O3=High|GlobalDensity=High,0,0,1
NiPpm,DistCoast,DirCoast,HarvestSlattervallTotal,Al2O3,GlobalDensity,DistCoast=Low|DirCoast=Low|HarvestSlattervallTotal=Missing|Al2O3=Low|GlobalDensity=High,0,2,0,8,0
NiPpm,DistCoast,DirCoast,HarvestSlattervallTotal,Al2O3,GlobalDensity,DistCoast=Mid|DirCoast=High|HarvestSlattervallTotal=High|Al2O3=Low|GlobalDensity=Low,0,7777777777777778,0,2222222222222222,0
NiPpm,DistCoast,DirCoast,HarvestSlattervallTotal,Al2O3,GlobalDensity,DistCoast=High|DirCoast=Low|HarvestSlattervallTotal=High|Al2O3=Low|GlobalDensity=High,1,0,0
NiPpm,DistCoast,DirCoast,HarvestSlattervallTotal,Al2O3,GlobalDensity,DistCoast=High|DirCoast=Mid|HarvestSlattervallTotal=High|Al2O3=High|GlobalDensity=Low,0,0,5,0,5
NiPpm,DistCoast,DirCoast,HarvestSlattervallTotal,Al2O3,GlobalDensity,DistCoast=Mid|DirCoast=High|HarvestSlattervallTotal=High|Al2O3=High|GlobalDensity=High,0,0,3333333333333333,0,6666666666666666
NiPpm,DistCoast,DirCoast,HarvestSlattervallTotal,Al2O3,GlobalDensity,DistCoast=Mid|DirCoast=High|HarvestSlattervallTotal=Low|Al2O3=High|GlobalDensity=High,0,7692307692307693,0,23076923076923078,0
NiPpm,DistCoast,DirCoast,HarvestSlattervallTotal,Al2O3,GlobalDensity,DistCoast=Low|DirCoast=High|HarvestSlattervallTotal=High|Al2O3=Mid|GlobalDensity=High,0,2857142857142857,0,7142857142857143,0
NiPpm,DistCoast,DirCoast,HarvestSlattervallTotal,Al2O3,GlobalDensity,DistCoast=Low|DirCoast=High|HarvestSlattervallTotal=Low|Al2O3=Mid|GlobalDensity=High,0,0,1
NiPpm,DistCoast,DirCoast,HarvestSlattervallTotal,Al2O3,GlobalDensity,DistCoast=Mid|DirCoast=Low|HarvestSlattervallTotal=High|Al2O3=Mid|GlobalDensity=Mid,1,0,0
NiPpm,DistCoast,DirCoast,HarvestSlattervallTotal,Al2O3,GlobalDensity,DistCoast=Mid|DirCoast=High|HarvestSlattervallTotal=High|Al2O3=High|GlobalDensity=Low,0,0,1
NiPpm,DistCoast,DirCoast,HarvestSlattervallTotal,Al2O3,GlobalDensity,DistCoast=Low|DirCoast=Low|HarvestSlattervallTotal=Missing|Al2O3=High|GlobalDensity=Low,0,0,18181818181818182,0,8181818181818182
NiPpm,DistCoast,DirCoast,HarvestSlattervallTotal,Al2O3,GlobalDensity,DistCoast=Low|DirCoast=Low|HarvestSlattervallTotal=Missing|Al2O3=Missing|GlobalDensity=Low,0,0,0
NiPpm,DistCoast,DirCoast,HarvestSlattervallTotal,Al2O3,GlobalDensity,DistCoast=Low|DirCoast=Low|HarvestSlattervallTotal=Missing|Al2O3=Mid|GlobalDensity=Mid,0,0,3333333333333333,0,6666666666666666
NiPpm,DistCoast,DirCoast,HarvestSlattervallTotal,Al2O3,GlobalDensity,DistCoast=Low|DirCoast=Low|HarvestSlattervallTotal=Missing|Al2O3=High|GlobalDensity=Mid,0,8,0,2,0
NiPpm,DistCoast,DirCoast,HarvestSlattervallTotal,Al2O3,GlobalDensity,DistCoast=Mid|DirCoast=Low|HarvestSlattervallTotal=Low|Al2O3=High|GlobalDensity=High,0,0,18181818181818182,0,8181818181818182
NiPpm,DistCoast,DirCoast,HarvestSlattervallTotal,Al2O3,GlobalDensity,DistCoast=Mid|DirCoast=Mid|HarvestSlattervallTotal=Low|Al2O3=Mid|GlobalDensity=Mid,0,1,0
NiPpm,DistCoast,DirCoast,HarvestSlattervallTotal,Al2O3,GlobalDensity,DistCoast=Low|DirCoast=High|HarvestSlattervallTotal=Missing|Al2O3=Low|GlobalDensity=Low,1,0,0
NiPpm,DistCoast,DirCoast,HarvestSlattervallTotal,Al2O3,GlobalDensity,DistCoast=Mid|DirCoast=High|HarvestSlattervallTotal=Mid|Al2O3=High|GlobalDensity=High,0,0,1
NiPpm,DistCoast,DirCoast,HarvestSlattervallTotal,Al2O3,GlobalDensity,DistCoast=Mid|DirCoast=High|HarvestSlattervallTotal=High|Al2O3=Mid|GlobalDensity=Mid,0,3333333333333333,0,6666666666666666,0
NiPpm,DistCoast,DirCoast,HarvestSlattervallTotal,Al2O3,GlobalDensity,DistCoast=Low|DirCoast=High|HarvestSlattervallTotal=Mid|Al2O3=Mid|GlobalDensity=Low,0,0,1
NiPpm,DistCoast,DirCoast,HarvestSlattervallTotal,Al2O3,GlobalDensity,DistCoast=Low|DirCoast=Low|HarvestSlattervallTotal=Missing|Al2O3=Mid|GlobalDensity=Low,1,0,0
NiPpm,DistCoast,DirCoast,HarvestSlattervallTotal,Al2O3,GlobalDensity,DistCoast=Low|DirCoast=Low|HarvestSlattervallTotal=Missing|Al2O3=Low|GlobalDensity=Low,1,0,0
NiPpm,DistCoast,DirCoast,HarvestSlattervallTotal,Al2O3,GlobalDensity,DistCoast=Low|DirCoast=Mid|HarvestSlattervallTotal=Low|Al2O3=Low|GlobalDensity=Mid,0,1,0
NiPpm,DistCoast,DirCoast,HarvestSlattervallTotal,Al2O3,GlobalDensity,DistCoast=Mid|DirCoast=High|HarvestSlattervallTotal=Mid|Al2O3=Mid|GlobalDensity=Low,0,0,1,0,9
NiPpm,DistCoast,DirCoast,HarvestSlattervallTotal,Al2O3,GlobalDensity,DistCoast=Mid|DirCoast=Mid|HarvestSlattervallTotal=Mid|Al2O3=Mid|GlobalDensity=Low,0,0,1
NiPpm,DistCoast,DirCoast,HarvestSlattervallTotal,Al2O3,GlobalDensity,DistCoast=Mid|DirCoast=High|HarvestSlattervallTotal=Missing|Al2O3=Low|GlobalDensity=High,1,0,0
NiPpm,DistCoast,DirCoast,HarvestSlattervallTotal,Al2O3,GlobalDensity,DistCoast=High|DirCoast=High|HarvestSlattervallTotal=Low|Al2O3=High|GlobalDensity=Low,0,0,1
NiPpm,DistCoast,DirCoast,HarvestSlattervallTotal,Al2O3,GlobalDensity,DistCoast=Low|DirCoast=High|HarvestSlattervallTotal=Missing|Al2O3=High|GlobalDensity=Mid,1,0,0
NiPpm,DistCoast,DirCoast,HarvestSlattervallTotal,Al2O3,GlobalDensity,DistCoast=Low|DirCoast=Mid|HarvestSlattervallTotal=Mid|Al2O3=Mid|GlobalDensity=Low,0,0,1
NiPpm,DistCoast,DirCoast,HarvestSlattervallTotal,Al2O3,GlobalDensity,DistCoast=Low|DirCoast=Mid|HarvestSlattervallTotal=High|Al2O3=Missing|GlobalDensity=Mid,0,0,0
NiPpm,DistCoast,DirCoast,HarvestSlattervallTotal,Al2O3,GlobalDensity,DistCoast=High|DirCoast=High|HarvestSlattervallTotal=Low|Al2O3=Mid|GlobalDensity=Mid,1,0,0
NiPpm,DistCoast,DirCoast,HarvestSlattervallTotal,Al2O3,GlobalDensity,DistCoast=High|DirCoast=Low|HarvestSlattervallTotal=High|Al2O3=Mid|GlobalDensity=Mid,1,0,0
NiPpm,DistCoast,DirCoast,HarvestSlattervallTotal,Al2O3,GlobalDensity,DistCoast=Low|DirCoast=High|HarvestSlattervallTotal=Mid|Al2O3=Missing|GlobalDensity=Mid,0,0,0
NiPpm,DistCoast,DirCoast,HarvestSlattervallTotal,Al2O3,GlobalDensity,DistCoast=High|DirCoast=Mid|HarvestSlattervallTotal=Missing|Al2O3=Low|GlobalDensity=Low,1,0,0
NiPpm,DistCoast,DirCoast,HarvestSlattervallTotal,Al2O3,GlobalDensity,DistCoast=Low|DirCoast=Low|HarvestSlattervallTotal=Missing|Al2O3=Low|GlobalDensity=Mid,1,0,0
NiPpm,DistCoast,DirCoast,HarvestSlattervallTotal,Al2O3,GlobalDensity,DistCoast=High|DirCoast=Mid|HarvestSlattervallTotal=Missing|Al2O3=Mid|GlobalDensity=Low,0,1,0
NiPpm,DistCoast,DirCoast,HarvestSlattervallTotal,Al2O3,GlobalDensity,DistCoast=Mid|DirCoast=Low|HarvestSlattervallTotal=High|Al2O3=High|GlobalDensity=Mid,0,1,0
NiPpm,DistCoast,DirCoast,HarvestSlattervallTotal,Al2O3,GlobalDensity,DistCoast=Low|DirCoast=Mid|HarvestSlattervallTotal=Low|Al2O3=Mid|GlobalDensity=Mid,0,0,1
NiPpm,DistCoast,DirCoast,HarvestSlattervallTotal,Al2O3,GlobalDensity,DistCoast=High|DirCoast=Mid|HarvestSlattervallTotal=Missing|Al2O3=Missing|GlobalDensity=Mid,0,0,0
NiPpm,DistCoast,DirCoast,HarvestSlattervallTotal,Al2O3,GlobalDensity,DistCoast=Low|DirCoast=High|HarvestSlattervallTotal=Missing|Al2O3=Low|GlobalDensity=High,1,0,0
NiPpm,DistCoast,DirCoast,HarvestSlattervallTotal,Al2O3,GlobalDensity,DistCoast=Low|DirCoast=Low|HarvestSlattervallTotal=Low|Al2O3=High|GlobalDensity=High,0,0,1
NiPpm,DistCoast,DirCoast,HarvestSlattervallTotal,Al2O3,GlobalDensity,DistCoast=Low|DirCoast=Mid|HarvestSlattervallTotal=High|Al2O3=Missing|GlobalDensity=Low,0,0,0
NiPpm,DistCoast,DirCoast,HarvestSlattervallTotal,Al2O3,GlobalDensity,DistCoast=High|DirCoast=Low|HarvestSlattervallTotal=High|Al2O3=High|GlobalDensity=High,0,0,1
NiPpm,DistCoast,DirCoast,HarvestSlattervallTotal,Al2O3,GlobalDensity,DistCoast=High|DirCoast=Mid|HarvestSlattervallTotal=Missing|Al2O3=High|GlobalDensity=High,0,1,0
NiPpm,DistCoast,DirCoast,HarvestSlattervallTotal,Al2O3,GlobalDensity,DistCoast=High|DirCoast=Low|HarvestSlattervallTotal=Missing|Al2O3=Mid|GlobalDensity=Low,1,0,0
NiPpm,DistCoast,DirCoast,HarvestSlattervallTotal,Al2O3,GlobalDensity,DistCoast=Low|DirCoast=High|HarvestSlattervallTotal=Mid|Al2O3=Mid|GlobalDensity=High,0,0,1
NiPpm,DistCoast,DirCoast,HarvestSlattervallTotal,Al2O3,GlobalDensity,DistCoast=Mid|DirCoast=High|HarvestSlattervallTotal=High|Al2O3=Low|GlobalDensity=Mid,0,75,0,25,0
NiPpm,DistCoast,DirCoast,HarvestSlattervallTotal,Al2O3,GlobalDensity,DistCoast=High|DirCoast=Low|HarvestSlattervallTotal=Missing|Al2O3=Low|GlobalDensity=High,1,0,0
NiPpm,DistCoast,DirCoast,HarvestSlattervallTotal,Al2O3,GlobalDensity,DistCoast=Low|DirCoast=Mid|HarvestSlattervallTotal=Mid|Al2O3=High|GlobalDensity=High,1,0,0
NiPpm,DistCoast,DirCoast,HarvestSlattervallTotal,Al2O3,GlobalDensity,DistCoast=High|DirCoast=High|HarvestSlattervallTotal=Low|Al2O3=Low|GlobalDensity=Mid,1,0,0
NiPpm,DistCoast,DirCoast,HarvestSlattervallTotal,Al2O3,GlobalDensity,DistCoast=Low|DirCoast=Mid|HarvestSlattervallTotal=Mid|Al2O3=Low|GlobalDensity=High,1,0,0
CrPpm,Fe2O3,NiPpm,Al2O3,GlobalDensity,Fe2O3=Missing|NiPpm=Missing|Al2O3=Missing|GlobalDensity=Mid,0,0,0
CrPpm,Fe2O3,NiPpm,Al2O3,GlobalDensity,Fe2O3=High|NiPpm=High|Al2O3=Low|GlobalDensity=Mid,0,0,1
CrPpm,Fe2O3,NiPpm,Al2O3,GlobalDensity,Fe2O3=Low|NiPpm=High|Al2O3=Mid|GlobalDensity=Mid,0,0,1
CrPpm,Fe2O3,NiPpm,Al2O3,GlobalDensity,Fe2O3=Missing|NiPpm=Missing|Al2O3=Missing|GlobalDensity=High,0,0,0
CrPpm,Fe2O3,NiPpm,Al2O3,GlobalDensity,Fe2O3=Low|NiPpm=Mid|Al2O3=Mid|GlobalDensity=Low,0,0,7142857142857143,0,2857142857142857
CrPpm,Fe2O3,NiPpm,Al2O3,GlobalDensity,Fe2O3=Mid|NiPpm=Mid|Al2O3=Mid|GlobalDensity=Mid,0,15812917594654788,0,6703786191536748,0,1714922048997773
CrPpm,Fe2O3,NiPpm,Al2O3,GlobalDensity,Fe2O3=Missing|NiPpm=Missing|Al2O3=Missing|GlobalDensity=Low,0,0,0
CrPpm,Fe2O3,NiPpm,Al2O3,GlobalDensity,Fe2O3=Mid|NiPpm=Mid|Al2O3=Mid|GlobalDensity=High,0,15272727272727274,0,8472727272727273,0
CrPpm,Fe2O3,NiPpm,Al2O3,GlobalDensity,Fe2O3=Mid|NiPpm=Mid|Al2O3=Low|GlobalDensity=Low,0,19080459770114944,0,7540229885057471,0,05517241379310345
CrPpm,Fe2O3,NiPpm,Al2O3,GlobalDensity,Fe2O3=High|NiPpm=High|Al2O3=Mid|GlobalDensity=Low,0,0,02558139534883721,0,9744186046511628
CrPpm,Fe2O3,NiPpm,Al2O3,GlobalDensity,Fe2O3=High|NiPpm=Low|Al2O3=High|GlobalDensity=Low,0,0,1
CrPpm,Fe2O3,NiPpm,Al2O3,GlobalDensity,Fe2O3=Low|NiPpm=Low|Al2O3=Low|GlobalDensity=Low,0,849307774227902,0,15069222577209798,0
CrPpm,Fe2O3,NiPpm,Al2O3,GlobalDensity,Fe2O3=High|NiPpm=High|Al2O3=High|GlobalDensity=Low,0,0,017582417582417582,0,9824175824175824
CrPpm,Fe2O3,NiPpm,Al2O3,GlobalDensity,Fe2O3=High|NiPpm=Mid|Al2O3=Mid|GlobalDensity=Low,0,0,7235915492957746,0,2764084507042254
CrPpm,Fe2O3,NiPpm,Al2O3,GlobalDensity,Fe2O3=High|NiPpm=High|Al2O3=Low|GlobalDensity=Low,0,0,07954545454545454,0,9204545454545454
CrPpm,Fe2O3,NiPpm,Al2O3,GlobalDensity,Fe2O3=Low|NiPpm=High|Al2O3=High|GlobalDensity=Mid,0,0,1
CrPpm,Fe2O3,NiPpm,Al2O3,GlobalDensity,Fe2O3=Low|NiPpm=Low|Al2O3=Low|GlobalDensity=Mid,0,9206349206349206,0,07936507936507936,0
CrPpm,Fe2O3,NiPpm,Al2O3,GlobalDensity,Fe2O3=Mid|NiPpm=Low|Al2O3=Low|GlobalDensity=High,0,9472295514511874,0,052770448548812667,0
CrPpm,Fe2O3,NiPpm,Al2O3,GlobalDensity,Fe2O3=Mid|NiPpm=Low|Al2O3=Mid|GlobalDensity=High,0,8095238095238095,0,19047619047619047,0
CrPpm,Fe2O3,NiPpm,Al2O3,GlobalDensity,Fe2O3=Low|NiPpm=Low|Al2O3=Mid|GlobalDensity=High,0,9135135135135135,0,08648648648648649,0
CrPpm,Fe2O3,NiPpm,Al2O3,GlobalDensity,Fe2O3=High|NiPpm=Mid|Al2O3=Mid|GlobalDensity=High,0,38247011952191234,0,545816733067729,0,07171314741035857
CrPpm,Fe2O3,NiPpm,Al2O3,GlobalDensity,Fe2O3=Mid|NiPpm=Low|Al2O3=Mid|GlobalDensity=Low,0,1796875,0,7578125,0,0625
CrPpm,Fe2O3,NiPpm,Al2O3,GlobalDensity,Fe2O3=High|NiPpm=High|Al2O3=High|GlobalDensity=Mid,0,0,3842762674504041,0,6157237325495959
CrPpm,Fe2O3,NiPpm,Al2O3,GlobalDensity,Fe2O3=Mid|NiPpm=Low|Al2O3=Low|GlobalDensity=Low,0,41273584905660377,0,5589622641509434,0,02830188679245283
CrPpm,Fe2O3,NiPpm,Al2O3,GlobalDensity,Fe2O3=High|NiPpm=Low|Al2O3=Low|GlobalDensity=Mid,0,0,8333333333333334,0,16666666666666666
CrPpm,Fe2O3,NiPpm,Al2O3,GlobalDensity,Fe2O3=Low|NiPpm=Mid|Al2O3=Mid|GlobalDensity=Mid,0,5125,0,4,0,0875
CrPpm,Fe2O3,NiPpm,Al2O3,GlobalDensity,Fe2O3=Mid|NiPpm=Low|Al2O3=Mid|GlobalDensity=Mid,0,6875,0,3125,0
CrPpm,Fe2O3,NiPpm,Al2O3,GlobalDensity,Fe2O3=Low|NiPpm=Low|Al2O3=Low|GlobalDensity=High,0,9203942380591357,0,07808946171341925,0,001516300227445034
CrPpm,Fe2O3,NiPpm,Al2O3,GlobalDensity,Fe2O3=Mid|NiPpm=High|Al2O3=Mid|GlobalDensity=High,0,0,7368421052631579,0,2631578947368421
CrPpm,Fe2O3,NiPpm,Al2O3,GlobalDensity,Fe2O3=High|NiPpm=High|Al2O3=Mid|GlobalDensity=High,0,0,6579634464751958,0,34203655352480417
CrPpm,Fe2O3,NiPpm,Al2O3,GlobalDensity,Fe2O3=High|NiPpm=Mid|Al2O3=High|GlobalDensity=High,0,46551724137931033,0,22413793103448276,0,3103448275862069
CrPpm,Fe2O3,NiPpm,Al2O3,GlobalDensity,Fe2O3=High|NiPpm=Mid|Al2O3=High|GlobalDensity=Mid,0,02857142857142857,0,7238095238095238,0,24761904761904763
CrPpm,Fe2O3,NiPpm,Al2O3,GlobalDensity,Fe2O3=Low|NiPpm=Mid|Al2O3=Low|GlobalDensity=Low,0,15950920245398773,0,7177914110429447,0,12269938650306748
CrPpm,Fe2O3,NiPpm,Al2O3,GlobalDensity,Fe2O3=Low|NiPpm=High|Al2O3=High|GlobalDensity=Low,0,0,1
CrPpm,Fe2O3,NiPpm,Al2O3,GlobalDensity,Fe2O3=Mid|NiPpm=High|Al2O3=Low|GlobalDensity=Mid,0,0,0053475935828877,0,9946524064171123
CrPpm,Fe2O3,NiPpm,Al2O3,GlobalDensity,Fe2O3=Low|NiPpm=High|Al2O3=Low|GlobalDensity=Mid,0,0,6783625730994152,0,3216374269005848
CrPpm,Fe2O3,NiPpm,Al2O3,GlobalDensity,Fe2O3=High|NiPpm=High|Al2O3=Mid|GlobalDensity=Mid,0,0,1
CrPpm,Fe2O3,NiPpm,Al2O3,GlobalDensity,Fe2O3=Low|NiPpm=Mid|Al2O3=Mid|GlobalDensity=High,0,5775193798449613,0,4069767441860465,0,015503875968992248
CrPpm,Fe2O3,NiPpm,Al2O3,GlobalDensity,Fe2O3=Mid|NiPpm=Low|Al2O3=High|GlobalDensity=High,0,9863013698630136,0,0136986301369863,0
CrPpm,Fe2O3,NiPpm,Al2O3,GlobalDensity,Fe2O3=Mid|NiPpm=Mid|Al2O3=Mid|GlobalDensity=Low,0,0398936170212766,0,6117021276595744,0,3484042553191489
CrPpm,Fe2O3,NiPpm,Al2O3,GlobalDensity,Fe2O3=Low|NiPpm=High|Al2O3=Low|GlobalDensity=High,0,25,0,0,75
CrPpm,Fe2O3,NiPpm,Al2O3,GlobalDensity,Fe2O3=High|NiPpm=Low|Al2O3=Low|GlobalDensity=High,0,9090909090909091,0,09090909090909091,0
CrPpm,Fe2O3,NiPpm,Al2O3,GlobalDensity,Fe2O3=High|NiPpm=Mid|Al2O3=Mid|GlobalDensity=Mid,0,020100502512562814,0,7236180904522613,0,2562814070351759
CrPpm,Fe2O3,NiPpm,Al2O3,GlobalDensity,Fe2O3=Low|NiPpm=Mid|Al2O3=High|GlobalDensity=High,0,06,0,94,0
CrPpm,Fe2O3,NiPpm,Al2O3,GlobalDensity,Fe2O3=Mid|NiPpm=Mid|Al2O3=Low|GlobalDensity=High,0,4296998420221169,0,5434439178515008,0,026856240126382307
CrPpm,Fe2O3,NiPpm,Al2O3,GlobalDensity,Fe2O3=High|NiPpm=Mid|Al2O3=Low|GlobalDensity=High,0,056338028169014086,0,8732394366197183,0,07042253521126761
CrPpm,Fe2O3,NiPpm,Al2O3,GlobalDensity,Fe2O3=High|NiPpm=High|Al2O3=High|GlobalDensity=High,0,0,1780821917808219,0,821917808219178
CrPpm,Fe2O3,NiPpm,Al2O3,GlobalDensity,Fe2O3=Mid|NiPpm=Mid|Al2O3=Low|GlobalDensity=Mid,0,0215633423180593,0,7601078167115903,0,2183288409703504
CrPpm,Fe2O3,NiPpm,Al2O3,GlobalDensity,Fe2O3=High|NiPpm=High|Al2O3=Low|GlobalDensity=High,0,0,057692307692307696,0,9423076923076923
CrPpm,Fe2O3,NiPpm,Al2O3,GlobalDensity,Fe2O3=Mid|NiPpm=Mid|Al2O3=High|GlobalDensity=Low,0,28027681660899656,0,031141868512110725,0,6885813148788927
CrPpm,Fe2O3,NiPpm,Al2O3,GlobalDensity,Fe2O3=Mid|NiPpm=Low|Al2O3=Low|GlobalDensity=Mid,0,5675675675675675,0,43243243243243246,0
CrPpm,Fe2O3,NiPpm,Al2O3,GlobalDensity,Fe2O3=Mid|NiPpm=High|Al2O3=Mid|GlobalDensity=Low,0,0,13291139240506328,0,8670886075949367
CrPpm,Fe2O3,NiPpm,Al2O3,GlobalDensity,Fe2O3=Low|NiPpm=Low|Al2O3=Mid|GlobalDensity=Mid,0,8720379146919431,0,12796208530805686,0
CrPpm,Fe2O3,NiPpm,Al2O3,GlobalDensity,Fe2O3=Low|NiPpm=Low|Al2O3=High|GlobalDensity=High,0,9506172839506173,0,04938271604938271,0
CrPpm,Fe2O3,NiPpm,Al2O3,GlobalDensity,Fe2O3=Low|NiPpm=High|Al2O3=High|GlobalDensity=High,0,1,0
CrPpm,Fe2O3,NiPpm,Al2O3,GlobalDensity,Fe2O3=Mid|NiPpm=High|Al2O3=Mid|GlobalDensity=Mid,0,0,031496062992125984,0,968503937007874
CrPpm,Fe2O3,NiPpm,Al2O3,GlobalDensity,Fe2O3=Low|NiPpm=Low|Al2O3=High|GlobalDensity=Mid,0,9375,0,0625,0
CrPpm,Fe2O3,NiPpm,Al2O3,GlobalDensity,Fe2O3=High|NiPpm=Mid|Al2O3=High|GlobalDensity=Low,0,0,1
CrPpm,Fe2O3,NiPpm,Al2O3,GlobalDensity,Fe2O3=Low|NiPpm=High|Al2O3=Low|GlobalDensity=Low,0,0,5454545454545454,0,45454545454545453
CrPpm,Fe2O3,NiPpm,Al2O3,GlobalDensity,Fe2O3=Mid|NiPpm=Mid|Al2O3=High|GlobalDensity=Mid,0,0,2777777777777778,0,7222222222222222
CrPpm,Fe2O3,NiPpm,Al2O3,GlobalDensity,Fe2O3=Low|NiPpm=High|Al2O3=Mid|GlobalDensity=Low,0,0,08333333333333333,0,9166666666666666
CrPpm,Fe2O3,NiPpm,Al2O3,GlobalDensity,Fe2O3=High|NiPpm=Mid|Al2O3=Low|GlobalDensity=Low,0,6229508196721312,0,22950819672131148,0,14754098360655737
CrPpm,Fe2O3,NiPpm,Al2O3,GlobalDensity,Fe2O3=Low|NiPpm=Low|Al2O3=Mid|GlobalDensity=Low,0,4566929133858268,0,5433070866141733,0
CrPpm,Fe2O3,NiPpm,Al2O3,GlobalDensity,Fe2O3=Low|NiPpm=Mid|Al2O3=Low|GlobalDensity=Mid,0,2926829268292683,0,7073170731707317,0
CrPpm,Fe2O3,NiPpm,Al2O3,GlobalDensity,Fe2O3=Low|NiPpm=Mid|Al2O3=High|GlobalDensity=Low,0,0,16216216216216217,0,8378378378378378
CrPpm,Fe2O3,NiPpm,Al2O3,GlobalDensity,Fe2O3=Mid|NiPpm=High|Al2O3=Low|GlobalDensity=High,0,006802721088435374,0,42857142857142855,0,564625850340136
CrPpm,Fe2O3,NiPpm,Al2O3,GlobalDensity,Fe2O3=Low|NiPpm=Mid|Al2O3=Low|GlobalDensity=High,0,08791208791208792,0,8901098901098901,0,02197802197802198
CrPpm,Fe2O3,NiPpm,Al2O3,GlobalDensity,Fe2O3=High|NiPpm=Low|Al2O3=Mid|GlobalDensity=High,1,0,0
CrPpm,Fe2O3,NiPpm,Al2O3,GlobalDensity,Fe2O3=Low|NiPpm=High|Al2O3=Mid|GlobalDensity=High,0,0,1
CrPpm,Fe2O3,NiPpm,Al2O3,GlobalDensity,Fe2O3=Mid|NiPpm=High|Al2O3=High|GlobalDensity=Mid,0,0,1
CrPpm,Fe2O3,NiPpm,Al2O3,GlobalDensity,Fe2O3=Low|NiPpm=Low|Al2O3=High|GlobalDensity=Low,1,0,0
CrPpm,Fe2O3,NiPpm,Al2O3,GlobalDensity,Fe2O3=Mid|NiPpm=Low|Al2O3=High|GlobalDensity=Mid,1,0,0
CrPpm,Fe2O3,NiPpm,Al2O3,GlobalDensity,Fe2O3=High|NiPpm=Low|Al2O3=Low|GlobalDensity=Low,0,5333333333333333,0,4,0,06666666666666667
CrPpm,Fe2O3,NiPpm,Al2O3,GlobalDensity,Fe2O3=Mid|NiPpm=High|Al2O3=Low|GlobalDensity=Low,0,0,7380952380952381,0,2619047619047619
CrPpm,Fe2O3,NiPpm,Al2O3,GlobalDensity,Fe2O3=Mid|NiPpm=Mid|Al2O3=High|GlobalDensity=High,0,3157894736842105,0,6842105263157895,0
CrPpm,Fe2O3,NiPpm,Al2O3,GlobalDensity,Fe2O3=High|NiPpm=Low|Al2O3=Mid|GlobalDensity=Mid,0,9565217391304348,0,043478260869565216,0
CrPpm,Fe2O3,NiPpm,Al2O3,GlobalDensity,Fe2O3=High|NiPpm=Low|Al2O3=High|GlobalDensity=Mid,1,0,0
CrPpm,Fe2O3,NiPpm,Al2O3,GlobalDensity,Fe2O3=High|NiPpm=Low|Al2O3=Mid|GlobalDensity=Low,1,0,0
CrPpm,Fe2O3,NiPpm,Al2O3,GlobalDensity,Fe2O3=High|NiPpm=Mid|Al2O3=Low|GlobalDensity=Mid,0,1,0
CrPpm,Fe2O3,NiPpm,Al2O3,GlobalDensity,Fe2O3=High|NiPpm=Low|Al2O3=High|GlobalDensity=High,0,3333333333333333,0,6666666666666666,0
CrPpm,Fe2O3,NiPpm,Al2O3,GlobalDensity,Fe2O3=Mid|NiPpm=High|Al2O3=High|GlobalDensity=Low,0,0,18181818181818182,0,8181818181818182
CrPpm,Fe2O3,NiPpm,Al2O3,GlobalDensity,Fe2O3=Low|NiPpm=Mid|Al2O3=High|GlobalDensity=Mid,0,0,1
IsMoran,,(no-parents),0,7599046907120165,0,0,24009530928798356
IsLera,DirCoast,HarvestSlattervallTotal,GlobalDensity,DirCoast=Mid|HarvestSlattervallTotal=Low|GlobalDensity=Mid,1,0,0
IsLera,DirCoast,HarvestSlattervallTotal,GlobalDensity,DirCoast=Mid|HarvestSlattervallTotal=Mid|GlobalDensity=Mid,0,43739279588336194,0,0,5626072041166381
IsLera,DirCoast,HarvestSlattervallTotal,GlobalDensity,DirCoast=High|HarvestSlattervallTotal=Mid|GlobalDensity=Mid,0,1586433260393873,0,0,8413566739606126
IsLera,DirCoast,HarvestSlattervallTotal,GlobalDensity,DirCoast=Mid|HarvestSlattervallTotal=Low|GlobalDensity=High,1,0,0
IsLera,DirCoast,HarvestSlattervallTotal,GlobalDensity,DirCoast=Mid|HarvestSlattervallTotal=Low|GlobalDensity=Low,1,0,0
IsLera,DirCoast,HarvestSlattervallTotal,GlobalDensity,DirCoast=Low|HarvestSlattervallTotal=Low|GlobalDensity=High,1,0,0
IsLera,DirCoast,HarvestSlattervallTotal,GlobalDensity,DirCoast=Low|HarvestSlattervallTotal=High|GlobalDensity=Low,1,0,0
IsLera,DirCoast,HarvestSlattervallTotal,GlobalDensity,DirCoast=High|HarvestSlattervallTotal=High|GlobalDensity=Low,1,0,0
IsLera,DirCoast,HarvestSlattervallTotal,GlobalDensity,DirCoast=Low|HarvestSlattervallTotal=Low|GlobalDensity=Low,1,0,0
IsLera,DirCoast,HarvestSlattervallTotal,GlobalDensity,DirCoast=High|HarvestSlattervallTotal=Low|GlobalDensity=Low,1,0,0
IsLera,DirCoast,HarvestSlattervallTotal,GlobalDensity,DirCoast=Mid|HarvestSlattervallTotal=Missing|GlobalDensity=Mid,1,0,0
IsLera,DirCoast,HarvestSlattervallTotal,GlobalDensity,DirCoast=Low|HarvestSlattervallTotal=Mid|GlobalDensity=High,0,6077032810271041,0,0,39229671897289586
IsLera,DirCoast,HarvestSlattervallTotal,GlobalDensity,DirCoast=High|HarvestSlattervallTotal=Mid|GlobalDensity=High,0,831275720164609,0,0,16872427983539096
IsLera,DirCoast,HarvestSlattervallTotal,GlobalDensity,DirCoast=Mid|HarvestSlattervallTotal=Mid|GlobalDensity=High,0,5093945720250522,0,0,4906054279749478
IsLera,DirCoast,HarvestSlattervallTotal,GlobalDensity,DirCoast=High|HarvestSlattervallTotal=Low|GlobalDensity=Mid,1,0,0
IsLera,DirCoast,HarvestSlattervallTotal,GlobalDensity,DirCoast=Low|HarvestSlattervallTotal=Missing|GlobalDensity=High,0,7350427350427351,0,0,26495726495726496
IsLera,DirCoast,HarvestSlattervallTotal,GlobalDensity,DirCoast=Low|HarvestSlattervallTotal=Missing|GlobalDensity=Mid,1,0,0
IsLera,DirCoast,HarvestSlattervallTotal,GlobalDensity,DirCoast=Low|HarvestSlattervallTotal=Mid|GlobalDensity=Mid,0,8246225319396051,0,0,1753774680603949
IsLera,DirCoast,HarvestSlattervallTotal,GlobalDensity,DirCoast=Low|HarvestSlattervallTotal=High|GlobalDensity=Mid,1,0,0
IsLera,DirCoast,HarvestSlattervallTotal,GlobalDensity,DirCoast=Mid|HarvestSlattervallTotal=High|GlobalDensity=Low,1,0,0
IsLera,DirCoast,HarvestSlattervallTotal,GlobalDensity,DirCoast=High|HarvestSlattervallTotal=Low|GlobalDensity=High,1,0,0
IsLera,DirCoast,HarvestSlattervallTotal,GlobalDensity,DirCoast=High|HarvestSlattervallTotal=Mid|GlobalDensity=Low,1,0,0
IsLera,DirCoast,HarvestSlattervallTotal,GlobalDensity,DirCoast=High|HarvestSlattervallTotal=High|GlobalDensity=High,0,9578947368421052,0,0,042105263157894736
IsLera,DirCoast,HarvestSlattervallTotal,GlobalDensity,DirCoast=High|HarvestSlattervallTotal=Missing|GlobalDensity=High,0,9090909090909091,0,0,09090909090909091
IsLera,DirCoast,HarvestSlattervallTotal,GlobalDensity,DirCoast=High|HarvestSlattervallTotal=High|GlobalDensity=Mid,1,0,0
IsLera,DirCoast,HarvestSlattervallTotal,GlobalDensity,DirCoast=Mid|HarvestSlattervallTotal=Missing|GlobalDensity=High,0,9616306954436451,0,0,03836930455635491
IsLera,DirCoast,HarvestSlattervallTotal,GlobalDensity,DirCoast=Mid|HarvestSlattervallTotal=High|GlobalDensity=High,1,0,0
IsLera,DirCoast,HarvestSlattervallTotal,GlobalDensity,DirCoast=Mid|HarvestSlattervallTotal=High|GlobalDensity=Mid,1,0,0
IsLera,DirCoast,HarvestSlattervallTotal,GlobalDensity,DirCoast=Low|HarvestSlattervallTotal=High|GlobalDensity=High,1,0,0
IsLera,DirCoast,HarvestSlattervallTotal,GlobalDensity,DirCoast=Low|HarvestSlattervallTotal=Low|GlobalDensity=Mid,1,0,0
IsLera,DirCoast,HarvestSlattervallTotal,GlobalDensity,DirCoast=Mid|HarvestSlattervallTotal=Missing|GlobalDensity=Low,1,0,0
IsLera,DirCoast,HarvestSlattervallTotal,GlobalDensity,DirCoast=High|HarvestSlattervallTotal=Missing|GlobalDensity=Mid,1,0,0
IsLera,DirCoast,HarvestSlattervallTotal,GlobalDensity,DirCoast=Mid|HarvestSlattervallTotal=Mid|GlobalDensity=Low,1,0,0
IsLera,DirCoast,HarvestSlattervallTotal,GlobalDensity,DirCoast=Low|HarvestSlattervallTotal=Missing|GlobalDensity=Low,1,0,0
IsLera,DirCoast,HarvestSlattervallTotal,GlobalDensity,DirCoast=High|HarvestSlattervallTotal=Missing|GlobalDensity=Low,1,0,0
Al2O3,DistCoast,DirCoast,Lat,GlobalDensity,DistCoast=High|DirCoast=Mid|Lat=High|GlobalDensity=Mid,0,5363881401617251,0,2210242587601078,0,1105121293800539
Al2O3,DistCoast,DirCoast,Lat,GlobalDensity,DistCoast=Low|DirCoast=Mid|Lat=Low|GlobalDensity=Mid,0,19220549158547387,0,525243578387954,0,2816651904340124
Al2O3,DistCoast,DirCoast,Lat,GlobalDensity,DistCoast=Mid|DirCoast=High|Lat=Low|GlobalDensity=Mid,0,15033783783783783,0,5625,0,28716216216216217
Al2O3,DistCoast,DirCoast,Lat,GlobalDensity,DistCoast=High|DirCoast=Mid|Lat=High|GlobalDensity=High,0,5147347740667977,0,003929273084479371,0
Al2O3,DistCoast,DirCoast,Lat,GlobalDensity,DistCoast=Mid|DirCoast=Mid|Lat=High|GlobalDensity=Low,0,4152046783625731,0,3255360623781676,0,2378167641325536
Al2O3,DistCoast,DirCoast,Lat,GlobalDensity,DistCoast=Low|DirCoast=High|Lat=Low|GlobalDensity=Mid,0,2124600638977636,0,29233226837060705,0,481629392971246
Al2O3,DistCoast,DirCoast,Lat,GlobalDensity,DistCoast=Low|DirCoast=Mid|Lat=Mid|GlobalDensity=Low,0,43478260869565216,0,21195652173913043,0,059782608695652176
Al2O3,DistCoast,DirCoast,Lat,GlobalDensity,DistCoast=High|DirCoast=Low|Lat=Mid|GlobalDensity=High,0,4121663563004345,0,47796399751707014,0,10614525139664804
Al2O3,DistCoast,DirCoast,Lat,GlobalDensity,DistCoast=Low|DirCoast=Low|Lat=High|GlobalDensity=Low,0,5347506132461161,0,17089125102207686,0,2878168438266558
Al2O3,DistCoast,DirCoast,Lat,GlobalDensity,DistCoast=Mid|DirCoast=Low|Lat=High|GlobalDensity=Low,0,5248332097850259,0,29280948851000743,0,1467753891771683
Al2O3,DistCoast,DirCoast,Lat,GlobalDensity,DistCoast=Low|DirCoast=High|Lat=High|GlobalDensity=Low,0,37254901960784315,0,21176470588235294,0,37254901960784315
Al2O3,DistCoast,DirCoast,Lat,GlobalDensity,DistCoast=High|DirCoast=Low|Lat=High|GlobalDensity=Low,0,4909090909090909,0,14805194805194805,0,07012987012987013
Al2O3,DistCoast,DirCoast,Lat,GlobalDensity,DistCoast=Low|DirCoast=High|Lat=Mid|GlobalDensity=Low,0,3473451327433628,0,13938053097345132,0,25
Al2O3,DistCoast,DirCoast,Lat,GlobalDensity,DistCoast=High|DirCoast=Low|Lat=Low|GlobalDensity=High,0,7466666666666667,0,25333333333333335,0
Al2O3,DistCoast,DirCoast,Lat,GlobalDensity,DistCoast=High|DirCoast=High|Lat=Low|GlobalDensity=High,0,06896551724137931,0,7413793103448276,0,1896551724137931
Al2O3,DistCoast,DirCoast,Lat,GlobalDensity,DistCoast=Mid|DirCoast=Mid|Lat=Low|GlobalDensity=High,0,36019736842105265,0,4095394736842105,0,23026315789473684
Al2O3,DistCoast,DirCoast,Lat,GlobalDensity,DistCoast=High|DirCoast=High|Lat=High|GlobalDensity=Mid,0,0,0
Al2O3,DistCoast,DirCoast,Lat,GlobalDensity,DistCoast=High|DirCoast=High|Lat=High|GlobalDensity=Low,0,013953488372093023,0,0,027906976744186046
Al2O3,DistCoast,DirCoast,Lat,GlobalDensity,DistCoast=Low|DirCoast=Low|Lat=Low|GlobalDensity=High,0,42127659574468085,0,33617021276595743,0,2127659574468085
Al2O3,DistCoast,DirCoast,Lat,GlobalDensity,DistCoast=Mid|DirCoast=Low|Lat=Low|GlobalDensity=High,0,1579925650557621,0,5539033457249071,0,09479553903345725
Al2O3,DistCoast,DirCoast,Lat,GlobalDensity,DistCoast=Low|DirCoast=Low|Lat=Mid|GlobalDensity=Low,0,06766917293233082,0,045112781954887216,0,022556390977443608
Al2O3,DistCoast,DirCoast,Lat,GlobalDensity,DistCoast=Mid|DirCoast=High|Lat=Mid|GlobalDensity=Low,0,6307692307692307,0,24358974358974358,0,041025641025641026
Al2O3,DistCoast,DirCoast,Lat,GlobalDensity,DistCoast=Mid|DirCoast=Mid|Lat=Mid|GlobalDensity=Mid,0,6264367816091954,0,05172413793103448,0,3218390804597701
Al2O3,DistCoast,DirCoast,Lat,GlobalDensity,DistCoast=High|DirCoast=Low|Lat=High|GlobalDensity=Mid,0,46153846153846156,0,08717948717948718,0
Al2O3,DistCoast,DirCoast,Lat,GlobalDensity,DistCoast=Mid|DirCoast=Low|Lat=Low|GlobalDensity=Mid,0,23772609819121446,0,4418604651162791,0,32041343669250644
Al2O3,DistCoast,DirCoast,Lat,GlobalDensity,DistCoast=High|DirCoast=Mid|Lat=Low|GlobalDensity=High,0,5314685314685315,0,46153846153846156,0,006993006993006993
Al2O3,DistCoast,DirCoast,Lat,GlobalDensity,DistCoast=Low|DirCoast=Low|Lat=Low|GlobalDensity=Mid,0,32007575757575757,0,49053030303030304,0,1893939393939394
Al2O3,DistCoast,DirCoast,Lat,GlobalDensity,DistCoast=High|DirCoast=Mid|Lat=High|GlobalDensity=Low,0,4751958224543081,0,3524804177545692,0,1031331592689295
Al2O3,DistCoast,DirCoast,Lat,GlobalDensity,DistCoast=High|DirCoast=High|Lat=Mid|GlobalDensity=High,0,45450191570881227,0,3793103448275862,0,009578544061302681
Al2O3,DistCoast,DirCoast,Lat,GlobalDensity,DistCoast=Mid|DirCoast=High|Lat=Mid|GlobalDensity=Mid,0,21405750798722045,0,10223642172523961,0,6597444089456869
Al2O3,DistCoast,DirCoast,Lat,GlobalDensity,DistCoast=Low|DirCoast=High|Lat=Low|GlobalDensity=Low,0,8904109589041096,0,0273972602739726,0
Al2O3,DistCoast,DirCoast,Lat,GlobalDensity,DistCoast=Mid|DirCoast=Mid|Lat=Mid|GlobalDensity=Low,0,18340611353711792,0,6943231441048034,0,1222707423580786
Al2O3,DistCoast,DirCoast,Lat,GlobalDensity,DistCoast=Low|DirCoast=Mid|Lat=High|GlobalDensity=Low,0,38226744186046513,0,4113372093023256,0,1380813953488372
Al2O3,DistCoast,DirCoast,Lat,GlobalDensity,DistCoast=Low|DirCoast=High|Lat=Low|GlobalDensity=High,0,37254901960784315,0,47058823529411764,0,0392156862745098
Al2O3,DistCoast,DirCoast,Lat,GlobalDensity,DistCoast=Mid|DirCoast=Mid|Lat=Low|GlobalDensity=Mid,0,38522727272727275,0,3784090909090909,0,23636363636363636
Al2O3,DistCoast,DirCoast,Lat,GlobalDensity,DistCoast=Low|DirCoast=Mid|Lat=Mid|GlobalDensity=High,0,7687074829931972,0,23129251700680273,0
Al2O3,DistCoast,DirCoast,Lat,GlobalDensity,DistCoast=Mid|DirCoast=High|Lat=Low|GlobalDensity=High,0,14767932489451477,0,8396624472573839,0,012658227848101266
Al2O3,DistCoast,DirCoast,Lat,GlobalDensity,DistCoast=Low|DirCoast=High|Lat=Mid|GlobalDensity=Mid,0,3172043010752688,0,3709677419354839,0,23655913978494625
Al2O3,DistCoast,DirCoast,Lat,GlobalDensity,DistCoast=Low|DirCoast=Mid|Lat=Low|GlobalDensity=High,0,17427385892116182,0,5809128630705395,0,24481327800829875
Al2O3,DistCoast,DirCoast,Lat,GlobalDensity,DistCoast=High|DirCoast=High|Lat=Mid|GlobalDensity=Low,0,0,0
Al2O3,DistCoast,DirCoast,Lat,GlobalDensity,DistCoast=Mid|DirCoast=Low|Lat=Mid|GlobalDensity=High,0,48125,0,39375,0,125
Al2O3,DistCoast,DirCoast,Lat,GlobalDensity,DistCoast=Mid|DirCoast=High|Lat=High|GlobalDensity=Low,0,13953488372093023,0,8062015503875969,0,046511627906976744
Al2O3,DistCoast,DirCoast,Lat,GlobalDensity,DistCoast=Low|DirCoast=Mid|Lat=Mid|GlobalDensity=Mid,0,27358490566037735,0,36792452830188677,0,33962264150943394
Al2O3,DistCoast,DirCoast,Lat,GlobalDensity,DistCoast=Low|DirCoast=Low|Lat=Mid|GlobalDensity=High,0,7009345794392523,0,22429906542056074,0,07476635514018691
Al2O3,DistCoast,DirCoast,Lat,GlobalDensity,DistCoast=High|DirCoast=Mid|Lat=Mid|GlobalDensity=High,0,6111111111111112,0,37962962962962965,0,009259259259259259
Al2O3,DistCoast,DirCoast,Lat,GlobalDensity,DistCoast=Mid|DirCoast=High|Lat=Mid|GlobalDensity=High,0,2807017543859649,0,38596491228070173,0,3333333333333333
Al2O3,DistCoast,DirCoast,Lat,GlobalDensity,DistCoast=Mid|DirCoast=Mid|Lat=Mid|GlobalDensity=High,0,24731182795698925,0,6451612903225806,0,10752688172043011
Al2O3,DistCoast,DirCoast,Lat,GlobalDensity,DistCoast=Mid|DirCoast=Mid|Lat=High|GlobalDensity=Mid,0,8285714285714286,0,17142857142857143,0
Al2O3,DistCoast,DirCoast,Lat,GlobalDensity,DistCoast=Low|DirCoast=Low|Lat=Low|GlobalDensity=Low,0,0,0
Al2O3,DistCoast,DirCoast,Lat,GlobalDensity,DistCoast=Low|DirCoast=Mid|Lat=Low|GlobalDensity=Low,0,8181818181818182,0,18181818181818182,0
Al2O3,DistCoast,DirCoast,Lat,GlobalDensity,DistCoast=High|DirCoast=Low|Lat=High|GlobalDensity=High,0,030303030303030304,0,0
Al2O3,DistCoast,DirCoast,Lat,GlobalDensity,DistCoast=Low|DirCoast=Low|Lat=Mid|GlobalDensity=Mid,0,71875,0,28125,0
Al2O3,DistCoast,DirCoast,Lat,GlobalDensity,DistCoast=Mid|DirCoast=Mid|Lat=Low|GlobalDensity=Low,0,2,0,8,0
Al2O3,DistCoast,DirCoast,Lat,GlobalDensity,DistCoast=Low|DirCoast=High|Lat=Mid|GlobalDensity=High,0,5,0,15384615384615385,0,34615384615384615
Al2O3,DistCoast,DirCoast,Lat,GlobalDensity,DistCoast=Mid|DirCoast=Low|Lat=Mid|GlobalDensity=Low,0,0,0
Al2O3,DistCoast,DirCoast,Lat,GlobalDensity,DistCoast=High|DirCoast=Mid|Lat=Mid|GlobalDensity=Low,0,0,0
Al2O3,DistCoast,DirCoast,Lat,GlobalDensity,DistCoast=Mid|DirCoast=Mid|Lat=High|GlobalDensity=High,1,0,0
Al2O3,DistCoast,DirCoast,Lat,GlobalDensity,DistCoast=Mid|DirCoast=High|Lat=Low|GlobalDensity=Low,0,1,0
Al2O3,DistCoast,DirCoast,Lat,GlobalDensity,DistCoast=High|DirCoast=High|Lat=Mid|GlobalDensity=Mid,0,25,0,75,0
Al2O3,DistCoast,DirCoast,Lat,GlobalDensity,DistCoast=Mid|DirCoast=Low|Lat=High|GlobalDensity=Mid,0,0,1
SiO2,DistCoast,HarvestSlattervallTotal,Fe2O3,CrPpm,Al2O3,DistCoast=High|HarvestSlattervallTotal=Low|Fe2O3=Missing|CrPpm=Missing|Al2O3=Missing,0,0,0
SiO2,DistCoast,HarvestSlattervallTotal,Fe2O3,CrPpm,Al2O3,DistCoast=Low|HarvestSlattervallTotal=Mid|Fe2O3=High|CrPpm=High|Al2O3=Low,0,5679012345679012,0,012345679012345678,0,41975308641975306
SiO2,DistCoast,HarvestSlattervallTotal,Fe2O3,CrPpm,Al2O3,DistCoast=Mid|HarvestSlattervallTotal=Mid|Fe2O3=Low|CrPpm=High|Al2O3=Mid,0,7333333333333333,0,16666666666666666,0,1
SiO2,DistCoast,HarvestSlattervallTotal,Fe2O3,CrPpm,Al2O3,DistCoast=Mid|HarvestSlattervallTotal=Low|Fe2O3=Low|CrPpm=Mid|Al2O3=Mid,0,0,18181818181818182,0,8181818181818182
SiO2,DistCoast,HarvestSlattervallTotal,Fe2O3,CrPpm,Al2O3,DistCoast=Low|HarvestSlattervallTotal=Mid|Fe2O3=Mid|CrPpm=Mid|Al2O3=Mid,0,3146853146853147,0,40559440559440557,0,27972027972027974
SiO2,DistCoast,HarvestSlattervallTotal,Fe2O3,CrPpm,Al2O3,DistCoast=Low|HarvestSlattervallTotal=Low|Fe2O3=Missing|CrPpm=Missing|Al2O3=Missing,0,0,0
SiO2,DistCoast,HarvestSlattervallTotal,Fe2O3,CrPpm,Al2O3,DistCoast=High|HarvestSlattervallTotal=Low|Fe2O3=Mid|CrPpm=Mid|Al2O3=Mid,0,017991004497751123,0,8455772113943029,0,136431784107946
SiO2,DistCoast,HarvestSlattervallTotal,Fe2O3,CrPpm,Al2O3,DistCoast=Low|HarvestSlattervallTotal=High|Fe2O3=Mid|CrPpm=Mid|Al2O3=Low,0,4900398406374502,0,2868525896414343,0,22310756972111553
SiO2,DistCoast,HarvestSlattervallTotal,Fe2O3,CrPpm,Al2O3,DistCoast=Mid|HarvestSlattervallTotal=High|Fe2O3=High|CrPpm=High|Al2O3=Mid,0,7156862745098039,0,28431372549019607,0
SiO2,DistCoast,HarvestSlattervallTotal,Fe2O3,CrPpm,Al2O3,DistCoast=Low|HarvestSlattervallTotal=High|Fe2O3=High|CrPpm=High|Al2O3=High,0,8681318681318682,0,13186813186813187,0
SiO2,DistCoast,HarvestSlattervallTotal,Fe2O3,CrPpm,Al2O3,DistCoast=Low|HarvestSlattervallTotal=High|Fe2O3=Low|CrPpm=Mid|Al2O3=Low,0,20512820512820512,0,13675213675213677,0,6581196581196581
SiO2,DistCoast,HarvestSlattervallTotal,Fe2O3,CrPpm,Al2O3,DistCoast=Low|HarvestSlattervallTotal=Low|Fe2O3=High|CrPpm=High|Al2O3=High,0,92,0,08,0
SiO2,DistCoast,HarvestSlattervallTotal,Fe2O3,CrPpm,Al2O3,DistCoast=Low|HarvestSlattervallTotal=High|Fe2O3=High|CrPpm=Mid|Al2O3=Mid,0,16666666666666666,0,8125,0,020833333333333332
SiO2,DistCoast,HarvestSlattervallTotal,Fe2O3,CrPpm,Al2O3,DistCoast=Low|HarvestSlattervallTotal=High|Fe2O3=High|CrPpm=High|Al2O3=Low,0,7123287671232876,0,0273972602739726,0,2602739726027397
SiO2,DistCoast,HarvestSlattervallTotal,Fe2O3,CrPpm,Al2O3,DistCoast=Mid|HarvestSlattervallTotal=Mid|Fe2O3=Low|CrPpm=High|Al2O3=High,0,868421052631579,0,13157894736842105,0
SiO2,DistCoast,HarvestSlattervallTotal,Fe2O3,CrPpm,Al2O3,DistCoast=High|HarvestSlattervallTotal=Missing|Fe2O3=Low|CrPpm=Low|Al2O3=Low,0,007434944237918215,0,17100371747211895,0,8215613382899628
SiO2,DistCoast,HarvestSlattervallTotal,Fe2O3,CrPpm,Al2O3,DistCoast=High|HarvestSlattervallTotal=Mid|Fe2O3=Mid|CrPpm=Low|Al2O3=Low,0,1,0
SiO2,DistCoast,HarvestSlattervallTotal,Fe2O3,CrPpm,Al2O3,DistCoast=High|HarvestSlattervallTotal=Mid|Fe2O3=Mid|CrPpm=Low|Al2O3=Mid,0,0,4666666666666667,0,5333333333333333
SiO2,DistCoast,HarvestSlattervallTotal,Fe2O3,CrPpm,Al2O3,DistCoast=Mid|HarvestSlattervallTotal=Mid|Fe2O3=Low|CrPpm=Low|Al2O3=Mid,0,0,390625,0,609375
SiO2,DistCoast,HarvestSlattervallTotal,Fe2O3,CrPpm,Al2O3,DistCoast=Low|HarvestSlattervallTotal=Missing|Fe2O3=Mid|CrPpm=Mid|Al2O3=Mid,0,0,18181818181818182,0,8181818181818182
SiO2,DistCoast,HarvestSlattervallTotal,Fe2O3,CrPpm,Al2O3,DistCoast=Mid|HarvestSlattervallTotal=Mid|Fe2O3=High|CrPpm=Mid|Al2O3=Mid,0,1568627450980392,0,8431372549019608,0
SiO2,DistCoast,HarvestSlattervallTotal,Fe2O3,CrPpm,Al2O3,DistCoast=Mid|HarvestSlattervallTotal=High|Fe2O3=Mid|CrPpm=Mid|Al2O3=Mid,0,4271356783919598,0,32160804020100503,0,25125628140703515
SiO2,DistCoast,HarvestSlattervallTotal,Fe2O3,CrPpm,Al2O3,DistCoast=Mid|HarvestSlattervallTotal=Low|Fe2O3=Low|CrPpm=Low|Al2O3=Low,0,6772151898734177,0,0189873417721519,0,3037974683544304
SiO2,DistCoast,HarvestSlattervallTotal,Fe2O3,CrPpm,Al2O3,DistCoast=Low|HarvestSlattervallTotal=Low|Fe2O3=Low|CrPpm=Low|Al2O3=Low,0,0,1
SiO2,DistCoast,HarvestSlattervallTotal,Fe2O3,CrPpm,Al2O3,DistCoast=Mid|HarvestSlattervallTotal=Low|Fe2O3=High|CrPpm=High|Al2O3=High,0,9886039886039886,0,011396011396011397,0
SiO2,DistCoast,HarvestSlattervallTotal,Fe2O3,CrPpm,Al2O3,DistCoast=Low|HarvestSlattervallTotal=Low|Fe2O3=High|CrPpm=Mid|Al2O3=Mid,0,7894736842105263,0,21052631578947367,0
SiO2,DistCoast,HarvestSlattervallTotal,Fe2O3,CrPpm,Al2O3,DistCoast=Low|HarvestSlattervallTotal=Low|Fe2O3=Mid|CrPpm=Low|Al2O3=Low,0,0,6012269938650306,0,3987730061349693
SiO2,DistCoast,HarvestSlattervallTotal,Fe2O3,CrPpm,Al2O3,DistCoast=Mid|HarvestSlattervallTotal=Low|Fe2O3=High|CrPpm=High|Al2O3=Low,0,5,0,5,0
SiO2,DistCoast,HarvestSlattervallTotal,Fe2O3,CrPpm,Al2O3,DistCoast=High|HarvestSlattervallTotal=Missing|Fe2O3=Low|CrPpm=Mid|Al2O3=Mid,0,1774193548387097,0,6612903225806451,0,16129032258064516
SiO2,DistCoast,HarvestSlattervallTotal,Fe2O3,CrPpm,Al2O3,DistCoast=High|HarvestSlattervallTotal=Missing|Fe2O3=Mid|CrPpm=Mid|Al2O3=Mid,0,32,0,44,0,24
SiO2,DistCoast,HarvestSlattervallTotal,Fe2O3,CrPpm,Al2O3,DistCoast=Mid|HarvestSlattervallTotal=High|Fe2O3=High|CrPpm=Mid|Al2O3=Mid,0,2,0,8,0
SiO2,DistCoast,HarvestSlattervallTotal,Fe2O3,CrPpm,Al2O3,DistCoast=Mid|HarvestSlattervallTotal=Mid|Fe2O3=High|CrPpm=High|Al2O3=High,0,9775561097256857,0,022443890274314215,0
SiO2,DistCoast,HarvestSlattervallTotal,Fe2O3,CrPpm,Al2O3,DistCoast=High|HarvestSlattervallTotal=Mid|Fe2O3=Low|CrPpm=Low|Al2O3=Low,0,0,1
SiO2,DistCoast,HarvestSlattervallTotal,Fe2O3,CrPpm,Al2O3,DistCoast=Low|HarvestSlattervallTotal=High|Fe2O3=Low|CrPpm=Low|Al2O3=Low,0,309328968903437,0,20458265139116202,0,486088379705401
SiO2,DistCoast,HarvestSlattervallTotal,Fe2O3,CrPpm,Al2O3,DistCoast=High|HarvestSlattervallTotal=Mid|Fe2O3=Mid|CrPpm=Mid|Al2O3=Mid,0,0,75,0,25
SiO2,DistCoast,HarvestSlattervallTotal,Fe2O3,CrPpm,Al2O3,DistCoast=Mid|HarvestSlattervallTotal=Mid|Fe2O3=Low|CrPpm=Low|Al2O3=Low,0,5309734513274337,0,02654867256637168,0,4424778761061947
SiO2,DistCoast,HarvestSlattervallTotal,Fe2O3,CrPpm,Al2O3,DistCoast=High|HarvestSlattervallTotal=High|Fe2O3=Low|CrPpm=Low|Al2O3=Low,0,0056179775280898875,0,0,9943820224719101
SiO2,DistCoast,HarvestSlattervallTotal,Fe2O3,CrPpm,Al2O3,DistCoast=High|HarvestSlattervallTotal=Low|Fe2O3=Low|CrPpm=Low|Al2O3=Low,0,055858310626702996,0,008174386920980926,0,9359673024523161
SiO2,DistCoast,HarvestSlattervallTotal,Fe2O3,CrPpm,Al2O3,DistCoast=High|HarvestSlattervallTotal=Low|Fe2O3=High|CrPpm=High|Al2O3=Mid,0,20454545454545456,0,7348484848484849,0,06060606060606061
SiO2,DistCoast,HarvestSlattervallTotal,Fe2O3,CrPpm,Al2O3,DistCoast=High|HarvestSlattervallTotal=Low|Fe2O3=High|CrPpm=Low|Al2O3=High,0,9,0,1,0
SiO2,DistCoast,HarvestSlattervallTotal,Fe2O3,CrPpm,Al2O3,DistCoast=High|HarvestSlattervallTotal=Low|Fe2O3=Mid|CrPpm=Low|Al2O3=Low,0,0,05405405405405406,0,9459459459459459
SiO2,DistCoast,HarvestSlattervallTotal,Fe2O3,CrPpm,Al2O3,DistCoast=Mid|HarvestSlattervallTotal=Low|Fe2O3=High|CrPpm=Mid|Al2O3=High,1,0,0
SiO2,DistCoast,HarvestSlattervallTotal,Fe2O3,CrPpm,Al2O3,DistCoast=Low|HarvestSlattervallTotal=Mid|Fe2O3=Low|CrPpm=Mid|Al2O3=Low,0,9774011299435028,0,0,022598870056497175
SiO2,DistCoast,HarvestSlattervallTotal,Fe2O3,CrPpm,Al2O3,DistCoast=Mid|HarvestSlattervallTotal=Low|Fe2O3=High|CrPpm=High|Al2O3=Mid,0,8695652173913043,0,13043478260869565,0
SiO2,DistCoast,HarvestSlattervallTotal,Fe2O3,CrPpm,Al2O3,DistCoast=Low|HarvestSlattervallTotal=High|Fe2O3=Low|CrPpm=High|Al2O3=High,1,0,0
SiO2,DistCoast,HarvestSlattervallTotal,Fe2O3,CrPpm,Al2O3,DistCoast=Low|HarvestSlattervallTotal=Mid|Fe2O3=Mid|CrPpm=High|Al2O3=Low,0,8495145631067961,0,014563106796116505,0,13592233009708737
SiO2,DistCoast,HarvestSlattervallTotal,Fe2O3,CrPpm,Al2O3,DistCoast=Low|HarvestSlattervallTotal=Mid|Fe2O3=Low|CrPpm=High|Al2O3=Low,0,8333333333333334,0,16666666666666666,0
SiO2,DistCoast,HarvestSlattervallTotal,Fe2O3,CrPpm,Al2O3,DistCoast=Low|HarvestSlattervallTotal=Mid|Fe2O3=High|CrPpm=High|Al2O3=Mid,0,24881141045958796,0,6973058637083994,0,05388272583201268
SiO2,DistCoast,HarvestSlattervallTotal,Fe2O3,CrPpm,Al2O3,DistCoast=Mid|HarvestSlattervallTotal=Mid|Fe2O3=High|CrPpm=High|Al2O3=Mid,0,4495798319327731,0,5084033613445378,0,04201680672268908
SiO2,DistCoast,HarvestSlattervallTotal,Fe2O3,CrPpm,Al2O3,DistCoast=Mid|HarvestSlattervallTotal=Mid|Fe2O3=Mid|CrPpm=Mid|Al2O3=Mid,0,003952569169960474,0,1857707509881423,0,8102766798418972
SiO2,DistCoast,HarvestSlattervallTotal,Fe2O3,CrPpm,Al2O3,DistCoast=Mid|HarvestSlattervallTotal=Mid|Fe2O3=Mid|CrPpm=High|Al2O3=Low,0,35080645161290325,0,0,6491935483870968
SiO2,DistCoast,HarvestSlattervallTotal,Fe2O3,CrPpm,Al2O3,DistCoast=Mid|HarvestSlattervallTotal=Low|Fe2O3=Mid|CrPpm=Mid|Al2O3=Low,0,5068493150684932,0,2602739726027397,0,2328767123287671
SiO2,DistCoast,HarvestSlattervallTotal,Fe2O3,CrPpm,Al2O3,DistCoast=Mid|HarvestSlattervallTotal=Mid|Fe2O3=Mid|CrPpm=Low|Al2O3=Mid,0,1,0
SiO2,DistCoast,HarvestSlattervallTotal,Fe2O3,CrPpm,Al2O3,DistCoast=High|HarvestSlattervallTotal=Low|Fe2O3=Low|CrPpm=Mid|Al2O3=Mid,0,0,6338028169014085,0,36619718309859156
SiO2,DistCoast,HarvestSlattervallTotal,Fe2O3,CrPpm,Al2O3,DistCoast=Mid|HarvestSlattervallTotal=Mid|Fe2O3=High|CrPpm=Low|Al2O3=Mid,0,2857142857142857,0,7142857142857143,0
SiO2,DistCoast,HarvestSlattervallTotal,Fe2O3,CrPpm,Al2O3,DistCoast=Low|HarvestSlattervallTotal=Missing|Fe2O3=Mid|CrPpm=Low|Al2O3=High,0,813953488372093,0,18604651162790697,0
SiO2,DistCoast,HarvestSlattervallTotal,Fe2O3,CrPpm,Al2O3,DistCoast=Low|HarvestSlattervallTotal=Mid|Fe2O3=Low|CrPpm=High|Al2O3=Mid,0,057971014492753624,0,9420289855072463,0
SiO2,DistCoast,HarvestSlattervallTotal,Fe2O3,CrPpm,Al2O3,DistCoast=High|HarvestSlattervallTotal=Low|Fe2O3=Mid|CrPpm=High|Al2O3=Mid,0,1,0
SiO2,DistCoast,HarvestSlattervallTotal,Fe2O3,CrPpm,Al2O3,DistCoast=High|HarvestSlattervallTotal=Low|Fe2O3=Low|CrPpm=High|Al2O3=Low,0,0,18181818181818182,0,8181818181818182
SiO2,DistCoast,HarvestSlattervallTotal,Fe2O3,CrPpm,Al2O3,DistCoast=Low|HarvestSlattervallTotal=Low|Fe2O3=High|CrPpm=Low|Al2O3=Low,0,1,0
SiO2,DistCoast,HarvestSlattervallTotal,Fe2O3,CrPpm,Al2O3,DistCoast=Low|HarvestSlattervallTotal=Mid|Fe2O3=High|CrPpm=Mid|Al2O3=Mid,0,1,0
SiO2,DistCoast,HarvestSlattervallTotal,Fe2O3,CrPpm,Al2O3,DistCoast=High|HarvestSlattervallTotal=Low|Fe2O3=Low|CrPpm=Mid|Al2O3=High,0,1,0
SiO2,DistCoast,HarvestSlattervallTotal,Fe2O3,CrPpm,Al2O3,DistCoast=High|HarvestSlattervallTotal=Low|Fe2O3=Low|CrPpm=Low|Al2O3=Mid,0,0,9353448275862069,0,06465517241379311
SiO2,DistCoast,HarvestSlattervallTotal,Fe2O3,CrPpm,Al2O3,DistCoast=High|HarvestSlattervallTotal=Low|Fe2O3=Mid|CrPpm=Mid|Al2O3=Low,0,08979591836734693,0,12653061224489795,0,7836734693877551
SiO2,DistCoast,HarvestSlattervallTotal,Fe2O3,CrPpm,Al2O3,DistCoast=High|HarvestSlattervallTotal=Low|Fe2O3=High|CrPpm=Mid|Al2O3=Low,0,0,35443037974683544,0,6455696202531646
SiO2,DistCoast,HarvestSlattervallTotal,Fe2O3,CrPpm,Al2O3,DistCoast=High|HarvestSlattervallTotal=Low|Fe2O3=Mid|CrPpm=Low|Al2O3=Mid,0,12307692307692308,0,4307692307692308,0,4461538461538462
SiO2,DistCoast,HarvestSlattervallTotal,Fe2O3,CrPpm,Al2O3,DistCoast=High|HarvestSlattervallTotal=Low|Fe2O3=High|CrPpm=Mid|Al2O3=Mid,0,03793103448275862,0,9620689655172414,0
SiO2,DistCoast,HarvestSlattervallTotal,Fe2O3,CrPpm,Al2O3,DistCoast=Mid|HarvestSlattervallTotal=Mid|Fe2O3=High|CrPpm=Mid|Al2O3=High,0,6190476190476191,0,38095238095238093,0
SiO2,DistCoast,HarvestSlattervallTotal,Fe2O3,CrPpm,Al2O3,DistCoast=Low|HarvestSlattervallTotal=Low|Fe2O3=High|CrPpm=High|Al2O3=Mid,0,6962025316455697,0,27848101265822783,0,02531645569620253
SiO2,DistCoast,HarvestSlattervallTotal,Fe2O3,CrPpm,Al2O3,DistCoast=Low|HarvestSlattervallTotal=Mid|Fe2O3=Mid|CrPpm=Mid|Al2O3=Low,0,8807339449541285,0,009174311926605505,0,11009174311926606
SiO2,DistCoast,HarvestSlattervallTotal,Fe2O3,CrPpm,Al2O3,DistCoast=Low|HarvestSlattervallTotal=High|Fe2O3=High|CrPpm=High|Al2O3=Mid,0,47770700636942676,0,5222929936305732,0
SiO2,DistCoast,HarvestSlattervallTotal,Fe2O3,CrPpm,Al2O3,DistCoast=Low|HarvestSlattervallTotal=High|Fe2O3=Mid|CrPpm=Mid|Al2O3=Mid,0,10256410256410256,0,5769230769230769,0,32051282051282054
SiO2,DistCoast,HarvestSlattervallTotal,Fe2O3,CrPpm,Al2O3,DistCoast=High|HarvestSlattervallTotal=Low|Fe2O3=High|CrPpm=High|Al2O3=Low,0,07894736842105263,0,08947368421052632,0,8315789473684211
SiO2,DistCoast,HarvestSlattervallTotal,Fe2O3,CrPpm,Al2O3,DistCoast=Low|HarvestSlattervallTotal=Low|Fe2O3=Mid|CrPpm=Low|Al2O3=Mid,0,0,17647058823529413,0,8235294117647058
SiO2,DistCoast,HarvestSlattervallTotal,Fe2O3,CrPpm,Al2O3,DistCoast=High|HarvestSlattervallTotal=High|Fe2O3=Mid|CrPpm=Mid|Al2O3=Low,0,0,5,0,5
SiO2,DistCoast,HarvestSlattervallTotal,Fe2O3,CrPpm,Al2O3,DistCoast=High|HarvestSlattervallTotal=Low|Fe2O3=High|CrPpm=High|Al2O3=High,1,0,0
SiO2,DistCoast,HarvestSlattervallTotal,Fe2O3,CrPpm,Al2O3,DistCoast=Mid|HarvestSlattervallTotal=High|Fe2O3=Low|CrPpm=Low|Al2O3=Low,0,2544642857142857,0,015625,0,7299107142857143
SiO2,DistCoast,HarvestSlattervallTotal,Fe2O3,CrPpm,Al2O3,DistCoast=Low|HarvestSlattervallTotal=Mid|Fe2O3=Low|CrPpm=High|Al2O3=High,0,0,5989010989010989,0,4010989010989011
SiO2,DistCoast,HarvestSlattervallTotal,Fe2O3,CrPpm,Al2O3,DistCoast=Mid|HarvestSlattervallTotal=Low|Fe2O3=Missing|CrPpm=Missing|Al2O3=Missing,0,0,0
SiO2,DistCoast,HarvestSlattervallTotal,Fe2O3,CrPpm,Al2O3,DistCoast=Low|HarvestSlattervallTotal=High|Fe2O3=Mid|CrPpm=High|Al2O3=High,0,0,1
SiO2,DistCoast,HarvestSlattervallTotal,Fe2O3,CrPpm,Al2O3,DistCoast=Mid|HarvestSlattervallTotal=Low|Fe2O3=Mid|CrPpm=Low|Al2O3=Low,0,0,11278195488721804,0,8872180451127819
SiO2,DistCoast,HarvestSlattervallTotal,Fe2O3,CrPpm,Al2O3,DistCoast=Low|HarvestSlattervallTotal=High|Fe2O3=Mid|CrPpm=High|Al2O3=Mid,0,023076923076923078,0,9230769230769231,0,05384615384615385
SiO2,DistCoast,HarvestSlattervallTotal,Fe2O3,CrPpm,Al2O3,DistCoast=Mid|HarvestSlattervallTotal=Missing|Fe2O3=Low|CrPpm=Low|Al2O3=Mid,0,0,8627450980392157,0,13725490196078433
SiO2,DistCoast,HarvestSlattervallTotal,Fe2O3,CrPpm,Al2O3,DistCoast=Low|HarvestSlattervallTotal=Missing|Fe2O3=Low|CrPpm=Low|Al2O3=Low,0,0,1
SiO2,DistCoast,HarvestSlattervallTotal,Fe2O3,CrPpm,Al2O3,DistCoast=Mid|HarvestSlattervallTotal=High|Fe2O3=Mid|CrPpm=Low|Al2O3=Mid,0,24369747899159663,0,7226890756302521,0,03361344537815126
SiO2,DistCoast,HarvestSlattervallTotal,Fe2O3,CrPpm,Al2O3,DistCoast=Mid|HarvestSlattervallTotal=High|Fe2O3=Mid|CrPpm=High|Al2O3=High,0,0,1
SiO2,DistCoast,HarvestSlattervallTotal,Fe2O3,CrPpm,Al2O3,DistCoast=Mid|HarvestSlattervallTotal=High|Fe2O3=Mid|CrPpm=Mid|Al2O3=Low,0,2571428571428571,0,4666666666666667,0,2761904761904762
SiO2,DistCoast,HarvestSlattervallTotal,Fe2O3,CrPpm,Al2O3,DistCoast=Low|HarvestSlattervallTotal=Missing|Fe2O3=Low|CrPpm=Low|Al2O3=Mid,0,0,9482758620689655,0,05172413793103448
SiO2,DistCoast,HarvestSlattervallTotal,Fe2O3,CrPpm,Al2O3,DistCoast=High|HarvestSlattervallTotal=Mid|Fe2O3=Low|CrPpm=Low|Al2O3=Mid,0,1,0
SiO2,DistCoast,HarvestSlattervallTotal,Fe2O3,CrPpm,Al2O3,DistCoast=Mid|HarvestSlattervallTotal=High|Fe2O3=High|CrPpm=High|Al2O3=High,0,8926829268292683,0,1073170731707317,0
SiO2,DistCoast,HarvestSlattervallTotal,Fe2O3,CrPpm,Al2O3,DistCoast=Low|HarvestSlattervallTotal=High|Fe2O3=High|CrPpm=Mid|Al2O3=High,1,0,0
SiO2,DistCoast,HarvestSlattervallTotal,Fe2O3,CrPpm,Al2O3,DistCoast=Low|HarvestSlattervallTotal=Missing|Fe2O3=Low|CrPpm=Low|Al2O3=High,0,04819277108433735,0,9518072289156626,0
SiO2,DistCoast,HarvestSlattervallTotal,Fe2O3,CrPpm,Al2O3,DistCoast=Mid|HarvestSlattervallTotal=Low|Fe2O3=Low|CrPpm=High|Al2O3=Low,0,15625,0,0,84375
SiO2,DistCoast,HarvestSlattervallTotal,Fe2O3,CrPpm,Al2O3,DistCoast=Mid|HarvestSlattervallTotal=High|Fe2O3=Mid|CrPpm=Low|Al2O3=Low,0,038461538461538464,0,3076923076923077,0,6538461538461539
SiO2,DistCoast,HarvestSlattervallTotal,Fe2O3,CrPpm,Al2O3,DistCoast=Low|HarvestSlattervallTotal=Low|Fe2O3=Mid|CrPpm=High|Al2O3=High,1,0,0
SiO2,DistCoast,HarvestSlattervallTotal,Fe2O3,CrPpm,Al2O3,DistCoast=Low|HarvestSlattervallTotal=High|Fe2O3=Low|CrPpm=Mid|Al2O3=High,1,0,0
SiO2,DistCoast,HarvestSlattervallTotal,Fe2O3,CrPpm,Al2O3,DistCoast=Low|HarvestSlattervallTotal=Mid|Fe2O3=Mid|CrPpm=High|Al2O3=Mid,0,2708333333333333,0,0,7291666666666666
SiO2,DistCoast,HarvestSlattervallTotal,Fe2O3,CrPpm,Al2O3,DistCoast=Low|HarvestSlattervallTotal=Low|Fe2O3=Mid|CrPpm=Mid|Al2O3=Low,0,0,8133333333333334,0,18666666666666668
SiO2,DistCoast,HarvestSlattervallTotal,Fe2O3,CrPpm,Al2O3,DistCoast=Mid|HarvestSlattervallTotal=Mid|Fe2O3=Low|CrPpm=High|Al2O3=Low,0,08,0,54,0,38
SiO2,DistCoast,HarvestSlattervallTotal,Fe2O3,CrPpm,Al2O3,DistCoast=Mid|HarvestSlattervallTotal=Mid|Fe2O3=Mid|CrPpm=High|Al2O3=Mid,0,0,02962962962962963,0,9703703703703703
SiO2,DistCoast,HarvestSlattervallTotal,Fe2O3,CrPpm,Al2O3,DistCoast=Mid|HarvestSlattervallTotal=Mid|Fe2O3=High|CrPpm=High|Al2O3=Low,0,1588235294117647,0,4647058823529412,0,3764705882352941
SiO2,DistCoast,HarvestSlattervallTotal,Fe2O3,CrPpm,Al2O3,DistCoast=Mid|HarvestSlattervallTotal=Mid|Fe2O3=Mid|CrPpm=Low|Al2O3=High,0,9,0,1,0
SiO2,DistCoast,HarvestSlattervallTotal,Fe2O3,CrPpm,Al2O3,DistCoast=Mid|HarvestSlattervallTotal=High|Fe2O3=Low|CrPpm=High|Al2O3=High,1,0,0
SiO2,DistCoast,HarvestSlattervallTotal,Fe2O3,CrPpm,Al2O3,DistCoast=High|HarvestSlattervallTotal=High|Fe2O3=High|CrPpm=Mid|Al2O3=Mid,0,9603174603174603,0,03968253968253968,0
SiO2,DistCoast,HarvestSlattervallTotal,Fe2O3,CrPpm,Al2O3,DistCoast=Mid|HarvestSlattervallTotal=Low|Fe2O3=Mid|CrPpm=Mid|Al2O3=High,0,1,0
SiO2,DistCoast,HarvestSlattervallTotal,Fe2O3,CrPpm,Al2O3,DistCoast=Mid|HarvestSlattervallTotal=Low|Fe2O3=Low|CrPpm=Mid|Al2O3=Low,0,0,1
SiO2,DistCoast,HarvestSlattervallTotal,Fe2O3,CrPpm,Al2O3,DistCoast=Low|HarvestSlattervallTotal=Low|Fe2O3=Mid|CrPpm=Low|Al2O3=High,1,0,0
SiO2,DistCoast,HarvestSlattervallTotal,Fe2O3,CrPpm,Al2O3,DistCoast=Low|HarvestSlattervallTotal=High|Fe2O3=Low|CrPpm=High|Al2O3=Mid,0,6,0,4,0
SiO2,DistCoast,HarvestSlattervallTotal,Fe2O3,CrPpm,Al2O3,DistCoast=Mid|HarvestSlattervallTotal=High|Fe2O3=Mid|CrPpm=High|Al2O3=Low,0,0,14285714285714285,0,8571428571428571
SiO2,DistCoast,HarvestSlattervallTotal,Fe2O3,CrPpm,Al2O3,DistCoast=Mid|HarvestSlattervallTotal=High|Fe2O3=Low|CrPpm=High|Al2O3=Mid,0,25,0,75,0
SiO2,DistCoast,HarvestSlattervallTotal,Fe2O3,CrPpm,Al2O3,DistCoast=High|HarvestSlattervallTotal=Missing|Fe2O3=Missing|CrPpm=Missing|Al2O3=Missing,0,0,0
SiO2,DistCoast,HarvestSlattervallTotal,Fe2O3,CrPpm,Al2O3,DistCoast=High|HarvestSlattervallTotal=Mid|Fe2O3=Low|CrPpm=Mid|Al2O3=Mid,1,0,0
SiO2,DistCoast,HarvestSlattervallTotal,Fe2O3,CrPpm,Al2O3,DistCoast=High|HarvestSlattervallTotal=High|Fe2O3=High|CrPpm=High|Al2O3=Mid,0,5,0,5,0
SiO2,DistCoast,HarvestSlattervallTotal,Fe2O3,CrPpm,Al2O3,DistCoast=High|HarvestSlattervallTotal=High|Fe2O3=High|CrPpm=High|Al2O3=Low,0,6666666666666666,0,3333333333333333,0
SiO2,DistCoast,HarvestSlattervallTotal,Fe2O3,CrPpm,Al2O3,DistCoast=High|HarvestSlattervallTotal=Missing|Fe2O3=Mid|CrPpm=Mid|Al2O3=Low,0,10526315789473684,0,2631578947368421,0,631578947368421
SiO2,DistCoast,HarvestSlattervallTotal,Fe2O3,CrPpm,Al2O3,DistCoast=Low|HarvestSlattervallTotal=High|Fe2O3=Low|CrPpm=Low|Al2O3=Mid,0,4625,0,525,0,0125
SiO2,DistCoast,HarvestSlattervallTotal,Fe2O3,CrPpm,Al2O3,DistCoast=Mid|HarvestSlattervallTotal=High|Fe2O3=Mid|CrPpm=High|Al2O3=Mid,0,7586206896551724,0,2413793103448276,0
SiO2,DistCoast,HarvestSlattervallTotal,Fe2O3,CrPpm,Al2O3,DistCoast=Low|HarvestSlattervallTotal=High|Fe2O3=Low|CrPpm=Mid|Al2O3=Mid,0,1,0
SiO2,DistCoast,HarvestSlattervallTotal,Fe2O3,CrPpm,Al2O3,DistCoast=Mid|HarvestSlattervallTotal=High|Fe2O3=Low|CrPpm=Mid|Al2O3=Mid,0,08888888888888889,0,9111111111111111,0
SiO2,DistCoast,HarvestSlattervallTotal,Fe2O3,CrPpm,Al2O3,DistCoast=Low|HarvestSlattervallTotal=Mid|Fe2O3=High|CrPpm=High|Al2O3=High,0,5375494071146245,0,4624505928853755,0
SiO2,DistCoast,HarvestSlattervallTotal,Fe2O3,CrPpm,Al2O3,DistCoast=High|HarvestSlattervallTotal=High|Fe2O3=Mid|CrPpm=Mid|Al2O3=Mid,0,02564102564102564,0,9743589743589743,0
SiO2,DistCoast,HarvestSlattervallTotal,Fe2O3,CrPpm,Al2O3,DistCoast=Low|HarvestSlattervallTotal=Low|Fe2O3=Low|CrPpm=Mid|Al2O3=Low,0,05194805194805195,0,22077922077922077,0,7272727272727273
SiO2,DistCoast,HarvestSlattervallTotal,Fe2O3,CrPpm,Al2O3,DistCoast=Low|HarvestSlattervallTotal=Low|Fe2O3=Mid|CrPpm=Mid|Al2O3=Mid,0,16326530612244897,0,8367346938775511,0
SiO2,DistCoast,HarvestSlattervallTotal,Fe2O3,CrPpm,Al2O3,DistCoast=Mid|HarvestSlattervallTotal=Low|Fe2O3=Mid|CrPpm=Mid|Al2O3=Mid,0,0,75,0,25
SiO2,DistCoast,HarvestSlattervallTotal,Fe2O3,CrPpm,Al2O3,DistCoast=Mid|HarvestSlattervallTotal=Missing|Fe2O3=Low|CrPpm=Low|Al2O3=Low,0,0,08,0,92
SiO2,DistCoast,HarvestSlattervallTotal,Fe2O3,CrPpm,Al2O3,DistCoast=Low|HarvestSlattervallTotal=Missing|Fe2O3=Missing|CrPpm=Missing|Al2O3=Missing,0,0,0
SiO2,DistCoast,HarvestSlattervallTotal,Fe2O3,CrPpm,Al2O3,DistCoast=Low|HarvestSlattervallTotal=High|Fe2O3=Mid|CrPpm=Low|Al2O3=Mid,0,0,9722222222222222,0,027777777777777776
SiO2,DistCoast,HarvestSlattervallTotal,Fe2O3,CrPpm,Al2O3,DistCoast=Mid|HarvestSlattervallTotal=Missing|Fe2O3=High|CrPpm=High|Al2O3=Mid,1,0,0
SiO2,DistCoast,HarvestSlattervallTotal,Fe2O3,CrPpm,Al2O3,DistCoast=Mid|HarvestSlattervallTotal=Low|Fe2O3=Mid|CrPpm=High|Al2O3=Mid,0,9411764705882353,0,058823529411764705,0
SiO2,DistCoast,HarvestSlattervallTotal,Fe2O3,CrPpm,Al2O3,DistCoast=Low|HarvestSlattervallTotal=Mid|Fe2O3=Missing|CrPpm=Missing|Al2O3=Missing,0,0,0
SiO2,DistCoast,HarvestSlattervallTotal,Fe2O3,CrPpm,Al2O3,DistCoast=High|HarvestSlattervallTotal=Low|Fe2O3=Mid|CrPpm=Low|Al2O3=High,1,0,0
SiO2,DistCoast,HarvestSlattervallTotal,Fe2O3,CrPpm,Al2O3,DistCoast=High|HarvestSlattervallTotal=Low|Fe2O3=Low|CrPpm=Mid|Al2O3=Low,0,0,1
SiO2,DistCoast,HarvestSlattervallTotal,Fe2O3,CrPpm,Al2O3,DistCoast=Mid|HarvestSlattervallTotal=Mid|Fe2O3=Low|CrPpm=Mid|Al2O3=High,1,0,0
SiO2,DistCoast,HarvestSlattervallTotal,Fe2O3,CrPpm,Al2O3,DistCoast=High|HarvestSlattervallTotal=High|Fe2O3=Mid|CrPpm=Low|Al2O3=Low,0,0,1
SiO2,DistCoast,HarvestSlattervallTotal,Fe2O3,CrPpm,Al2O3,DistCoast=Mid|HarvestSlattervallTotal=Mid|Fe2O3=Low|CrPpm=Low|Al2O3=High,0,25,0,75,0
SiO2,DistCoast,HarvestSlattervallTotal,Fe2O3,CrPpm,Al2O3,DistCoast=High|HarvestSlattervallTotal=Missing|Fe2O3=Low|CrPpm=Mid|Al2O3=Low,0,0,2,0,8
SiO2,DistCoast,HarvestSlattervallTotal,Fe2O3,CrPpm,Al2O3,DistCoast=Mid|HarvestSlattervallTotal=Missing|Fe2O3=Mid|CrPpm=Low|Al2O3=High,0,6857142857142857,0,3142857142857143,0
SiO2,DistCoast,HarvestSlattervallTotal,Fe2O3,CrPpm,Al2O3,DistCoast=Mid|HarvestSlattervallTotal=Low|Fe2O3=High|CrPpm=Mid|Al2O3=Low,1,0,0
SiO2,DistCoast,HarvestSlattervallTotal,Fe2O3,CrPpm,Al2O3,DistCoast=Low|HarvestSlattervallTotal=Low|Fe2O3=Low|CrPpm=Mid|Al2O3=Mid,0,0,9444444444444444,0,05555555555555555
SiO2,DistCoast,HarvestSlattervallTotal,Fe2O3,CrPpm,Al2O3,DistCoast=Mid|HarvestSlattervallTotal=Low|Fe2O3=Mid|CrPpm=Low|Al2O3=Mid,0,1,0
SiO2,DistCoast,HarvestSlattervallTotal,Fe2O3,CrPpm,Al2O3,DistCoast=Low|HarvestSlattervallTotal=Low|Fe2O3=Low|CrPpm=Mid|Al2O3=High,1,0,0
SiO2,DistCoast,HarvestSlattervallTotal,Fe2O3,CrPpm,Al2O3,DistCoast=High|HarvestSlattervallTotal=Missing|Fe2O3=Mid|CrPpm=Low|Al2O3=Mid,0,6111111111111112,0,3888888888888889,0
SiO2,DistCoast,HarvestSlattervallTotal,Fe2O3,CrPpm,Al2O3,DistCoast=High|HarvestSlattervallTotal=High|Fe2O3=Low|CrPpm=Mid|Al2O3=Mid,0,1,0
SiO2,DistCoast,HarvestSlattervallTotal,Fe2O3,CrPpm,Al2O3,DistCoast=Mid|HarvestSlattervallTotal=Mid|Fe2O3=Mid|CrPpm=Low|Al2O3=Low,0,0,18181818181818182,0,8181818181818182
SiO2,DistCoast,HarvestSlattervallTotal,Fe2O3,CrPpm,Al2O3,DistCoast=Mid|HarvestSlattervallTotal=Low|Fe2O3=Low|CrPpm=High|Al2O3=Mid,0,9047619047619048,0,09523809523809523,0
SiO2,DistCoast,HarvestSlattervallTotal,Fe2O3,CrPpm,Al2O3,DistCoast=High|HarvestSlattervallTotal=Low|Fe2O3=High|CrPpm=Low|Al2O3=Mid,0,39215686274509803,0,6078431372549019,0
SiO2,DistCoast,HarvestSlattervallTotal,Fe2O3,CrPpm,Al2O3,DistCoast=Mid|HarvestSlattervallTotal=Low|Fe2O3=High|CrPpm=Mid|Al2O3=Mid,0,9207920792079208,0,07920792079207921,0
SiO2,DistCoast,HarvestSlattervallTotal,Fe2O3,CrPpm,Al2O3,DistCoast=Low|HarvestSlattervallTotal=Low|Fe2O3=Low|CrPpm=High|Al2O3=Mid,0,3333333333333333,0,0,6666666666666666
SiO2,DistCoast,HarvestSlattervallTotal,Fe2O3,CrPpm,Al2O3,DistCoast=Low|HarvestSlattervallTotal=High|Fe2O3=Missing|CrPpm=Missing|Al2O3=Missing,0,0,0
SiO2,DistCoast,HarvestSlattervallTotal,Fe2O3,CrPpm,Al2O3,DistCoast=Low|HarvestSlattervallTotal=Mid|Fe2O3=High|CrPpm=Mid|Al2O3=High,0,9961904761904762,0,0038095238095238095,0
SiO2,DistCoast,HarvestSlattervallTotal,Fe2O3,CrPpm,Al2O3,DistCoast=Low|HarvestSlattervallTotal=High|Fe2O3=High|CrPpm=Low|Al2O3=Low,0,1,0
SiO2,DistCoast,HarvestSlattervallTotal,Fe2O3,CrPpm,Al2O3,DistCoast=High|HarvestSlattervallTotal=High|Fe2O3=Low|CrPpm=Low|Al2O3=Mid,0,1,0
SiO2,DistCoast,HarvestSlattervallTotal,Fe2O3,CrPpm,Al2O3,DistCoast=Mid|HarvestSlattervallTotal=High|Fe2O3=Low|CrPpm=Mid|Al2O3=Low,0,39622641509433965,0,08490566037735849,0,5188679245283019
SiO2,DistCoast,HarvestSlattervallTotal,Fe2O3,CrPpm,Al2O3,DistCoast=High|HarvestSlattervallTotal=Missing|Fe2O3=Mid|CrPpm=High|Al2O3=High,0,8181818181818182,0,18181818181818182,0
SiO2,DistCoast,HarvestSlattervallTotal,Fe2O3,CrPpm,Al2O3,DistCoast=High|HarvestSlattervallTotal=Mid|Fe2O3=Low|CrPpm=Mid|Al2O3=High,1,0,0
SiO2,DistCoast,HarvestSlattervallTotal,Fe2O3,CrPpm,Al2O3,DistCoast=Mid|HarvestSlattervallTotal=High|Fe2O3=High|CrPpm=Mid|Al2O3=High,1,0,0
SiO2,DistCoast,HarvestSlattervallTotal,Fe2O3,CrPpm,Al2O3,DistCoast=Mid|HarvestSlattervallTotal=Low|Fe2O3=High|CrPpm=Low|Al2O3=High,1,0,0
SiO2,DistCoast,HarvestSlattervallTotal,Fe2O3,CrPpm,Al2O3,DistCoast=High|HarvestSlattervallTotal=Missing|Fe2O3=Low|CrPpm=Low|Al2O3=Mid,0,0,6666666666666666,0,3333333333333333
SiO2,DistCoast,HarvestSlattervallTotal,Fe2O3,CrPpm,Al2O3,DistCoast=Mid|HarvestSlattervallTotal=Mid|Fe2O3=Low|CrPpm=Mid|Al2O3=Low,0,5789473684210527,0,0,42105263157894735
SiO2,DistCoast,HarvestSlattervallTotal,Fe2O3,CrPpm,Al2O3,DistCoast=High|HarvestSlattervallTotal=Missing|Fe2O3=High|CrPpm=High|Al2O3=High,1,0,0
SiO2,DistCoast,HarvestSlattervallTotal,Fe2O3,CrPpm,Al2O3,DistCoast=Low|HarvestSlattervallTotal=High|Fe2O3=Mid|CrPpm=High|Al2O3=Low,0,0,1
SiO2,DistCoast,HarvestSlattervallTotal,Fe2O3,CrPpm,Al2O3,DistCoast=Mid|HarvestSlattervallTotal=High|Fe2O3=Low|CrPpm=Low|Al2O3=High,1,0,0
SiO2,DistCoast,HarvestSlattervallTotal,Fe2O3,CrPpm,Al2O3,DistCoast=Mid|HarvestSlattervallTotal=High|Fe2O3=Mid|CrPpm=Mid|Al2O3=High,0,1,0
SiO2,DistCoast,HarvestSlattervallTotal,Fe2O3,CrPpm,Al2O3,DistCoast=Low|HarvestSlattervallTotal=Low|Fe2O3=High|CrPpm=Mid|Al2O3=Low,0,1,0
SiO2,DistCoast,HarvestSlattervallTotal,Fe2O3,CrPpm,Al2O3,DistCoast=High|HarvestSlattervallTotal=High|Fe2O3=Low|CrPpm=Mid|Al2O3=Low,0,0,1
SiO2,DistCoast,HarvestSlattervallTotal,Fe2O3,CrPpm,Al2O3,DistCoast=Mid|HarvestSlattervallTotal=High|Fe2O3=High|CrPpm=Mid|Al2O3=Low,0,75,0,25,0
SiO2,DistCoast,HarvestSlattervallTotal,Fe2O3,CrPpm,Al2O3,DistCoast=Low|HarvestSlattervallTotal=Missing|Fe2O3=Mid|CrPpm=Low|Al2O3=Mid,0,1,0
SiO2,DistCoast,HarvestSlattervallTotal,Fe2O3,CrPpm,Al2O3,DistCoast=High|HarvestSlattervallTotal=Missing|Fe2O3=Low|CrPpm=Mid|Al2O3=High,0,1,0
SiO2,DistCoast,HarvestSlattervallTotal,Fe2O3,CrPpm,Al2O3,DistCoast=Mid|HarvestSlattervallTotal=High|Fe2O3=Low|CrPpm=Low|Al2O3=Mid,0,0,9245283018867925,0,07547169811320754
SiO2,DistCoast,HarvestSlattervallTotal,Fe2O3,CrPpm,Al2O3,DistCoast=Low|HarvestSlattervallTotal=Low|Fe2O3=High|CrPpm=Mid|Al2O3=High,1,0,0
SiO2,DistCoast,HarvestSlattervallTotal,Fe2O3,CrPpm,Al2O3,DistCoast=Mid|HarvestSlattervallTotal=Low|Fe2O3=Mid|CrPpm=High|Al2O3=Low,0,1,0
SiO2,DistCoast,HarvestSlattervallTotal,Fe2O3,CrPpm,Al2O3,DistCoast=Low|HarvestSlattervallTotal=High|Fe2O3=Mid|CrPpm=Low|Al2O3=Low,0,07692307692307693,0,7692307692307693,0,15384615384615385
SiO2,DistCoast,HarvestSlattervallTotal,Fe2O3,CrPpm,Al2O3,DistCoast=Mid|HarvestSlattervallTotal=Low|Fe2O3=Low|CrPpm=High|Al2O3=High,1,0,0
SiO2,DistCoast,HarvestSlattervallTotal,Fe2O3,CrPpm,Al2O3,DistCoast=High|HarvestSlattervallTotal=Low|Fe2O3=Mid|CrPpm=High|Al2O3=Low,0,0,8529411764705882,0,14705882352941177
SiO2,DistCoast,HarvestSlattervallTotal,Fe2O3,CrPpm,Al2O3,DistCoast=Mid|HarvestSlattervallTotal=Mid|Fe2O3=Mid|CrPpm=Mid|Al2O3=High,0,2,0,8,0
SiO2,DistCoast,HarvestSlattervallTotal,Fe2O3,CrPpm,Al2O3,DistCoast=High|HarvestSlattervallTotal=Missing|Fe2O3=High|CrPpm=Low|Al2O3=Mid,1,0,0
SiO2,DistCoast,HarvestSlattervallTotal,Fe2O3,CrPpm,Al2O3,DistCoast=High|HarvestSlattervallTotal=Low|Fe2O3=High|CrPpm=Low|Al2O3=Low,0,6666666666666666,0,3333333333333333,0
SiO2,DistCoast,HarvestSlattervallTotal,Fe2O3,CrPpm,Al2O3,DistCoast=High|HarvestSlattervallTotal=Low|Fe2O3=Low|CrPpm=High|Al2O3=Mid,0,7272727272727273,0,18181818181818182,0,09090909090909091
SiO2,DistCoast,HarvestSlattervallTotal,Fe2O3,CrPpm,Al2O3,DistCoast=Low|HarvestSlattervallTotal=Mid|Fe2O3=Mid|CrPpm=Low|Al2O3=Mid,0,1,0
SiO2,DistCoast,HarvestSlattervallTotal,Fe2O3,CrPpm,Al2O3,DistCoast=High|HarvestSlattervallTotal=Missing|Fe2O3=Mid|CrPpm=High|Al2O3=Low,0,1,0
SiO2,DistCoast,HarvestSlattervallTotal,Fe2O3,CrPpm,Al2O3,DistCoast=Mid|HarvestSlattervallTotal=Missing|Fe2O3=Mid|CrPpm=Low|Al2O3=Mid,0,1,0
SiO2,DistCoast,HarvestSlattervallTotal,Fe2O3,CrPpm,Al2O3,DistCoast=Mid|HarvestSlattervallTotal=Mid|Fe2O3=High|CrPpm=Mid|Al2O3=Low,0,0,2857142857142857,0,7142857142857143
SiO2,DistCoast,HarvestSlattervallTotal,Fe2O3,CrPpm,Al2O3,DistCoast=Mid|HarvestSlattervallTotal=Low|Fe2O3=High|CrPpm=Low|Al2O3=Mid,0,2727272727272727,0,7272727272727273,0
SiO2,DistCoast,HarvestSlattervallTotal,Fe2O3,CrPpm,Al2O3,DistCoast=Mid|HarvestSlattervallTotal=Mid|Fe2O3=Low|CrPpm=Mid|Al2O3=Mid,0,1,0
SiO2,DistCoast,HarvestSlattervallTotal,Fe2O3,CrPpm,Al2O3,DistCoast=Low|HarvestSlattervallTotal=Low|Fe2O3=High|CrPpm=High|Al2O3=Low,1,0,0
SiO2,DistCoast,HarvestSlattervallTotal,Fe2O3,CrPpm,Al2O3,DistCoast=Low|HarvestSlattervallTotal=Low|Fe2O3=High|CrPpm=Low|Al2O3=Mid,1,0,0
SiO2,DistCoast,HarvestSlattervallTotal,Fe2O3,CrPpm,Al2O3,DistCoast=Mid|HarvestSlattervallTotal=Missing|Fe2O3=Low|CrPpm=Low|Al2O3=High,0,1,0
SiO2,DistCoast,HarvestSlattervallTotal,Fe2O3,CrPpm,Al2O3,DistCoast=Mid|HarvestSlattervallTotal=Mid|Fe2O3=Missing|CrPpm=Missing|Al2O3=Missing,0,0,0
SiO2,DistCoast,HarvestSlattervallTotal,Fe2O3,CrPpm,Al2O3,DistCoast=Low|HarvestSlattervallTotal=High|Fe2O3=Low|CrPpm=High|Al2O3=Low,0,6666666666666666,0,3333333333333333,0
SiO2,DistCoast,HarvestSlattervallTotal,Fe2O3,CrPpm,Al2O3,DistCoast=Low|HarvestSlattervallTotal=Missing|Fe2O3=High|CrPpm=Low|Al2O3=High,0,45454545454545453,0,5454545454545454,0
SiO2,DistCoast,HarvestSlattervallTotal,Fe2O3,CrPpm,Al2O3,DistCoast=Low|HarvestSlattervallTotal=Missing|Fe2O3=Low|CrPpm=Mid|Al2O3=Low,1,0,0
SiO2,DistCoast,HarvestSlattervallTotal,Fe2O3,CrPpm,Al2O3,DistCoast=High|HarvestSlattervallTotal=Missing|Fe2O3=High|CrPpm=Mid|Al2O3=Mid,0,9230769230769231,0,07692307692307693,0
SiO2,DistCoast,HarvestSlattervallTotal,Fe2O3,CrPpm,Al2O3,DistCoast=Mid|HarvestSlattervallTotal=High|Fe2O3=Mid|CrPpm=Low|Al2O3=High,1,0,0
SiO2,DistCoast,HarvestSlattervallTotal,Fe2O3,CrPpm,Al2O3,DistCoast=High|HarvestSlattervallTotal=High|Fe2O3=High|CrPpm=High|Al2O3=High,0,4,0,6,0
SiO2,DistCoast,HarvestSlattervallTotal,Fe2O3,CrPpm,Al2O3,DistCoast=Low|HarvestSlattervallTotal=High|Fe2O3=High|CrPpm=Low|Al2O3=Mid,0,0,1
SiO2,DistCoast,HarvestSlattervallTotal,Fe2O3,CrPpm,Al2O3,DistCoast=Low|HarvestSlattervallTotal=High|Fe2O3=High|CrPpm=Mid|Al2O3=Low,0,1,0
SiO2,DistCoast,HarvestSlattervallTotal,Fe2O3,CrPpm,Al2O3,DistCoast=Mid|HarvestSlattervallTotal=High|Fe2O3=Low|CrPpm=Mid|Al2O3=High,0,8571428571428571,0,14285714285714285,0
SiO2,DistCoast,HarvestSlattervallTotal,Fe2O3,CrPpm,Al2O3,DistCoast=High|HarvestSlattervallTotal=Low|Fe2O3=Mid|CrPpm=Mid|Al2O3=High,0,1,0
SiO2,DistCoast,HarvestSlattervallTotal,Fe2O3,CrPpm,Al2O3,DistCoast=High|HarvestSlattervallTotal=Mid|Fe2O3=Low|CrPpm=Low|Al2O3=High,1,0,0
SiO2,DistCoast,HarvestSlattervallTotal,Fe2O3,CrPpm,Al2O3,DistCoast=High|HarvestSlattervallTotal=Missing|Fe2O3=High|CrPpm=High|Al2O3=Mid,0,625,0,375,0
SiO2,DistCoast,HarvestSlattervallTotal,Fe2O3,CrPpm,Al2O3,DistCoast=Low|HarvestSlattervallTotal=Missing|Fe2O3=Low|CrPpm=High|Al2O3=High,1,0,0
SiO2,DistCoast,HarvestSlattervallTotal,Fe2O3,CrPpm,Al2O3,DistCoast=Mid|HarvestSlattervallTotal=High|Fe2O3=High|CrPpm=High|Al2O3=Low,0,3333333333333333,0,6666666666666666,0
SiO2,DistCoast,HarvestSlattervallTotal,Fe2O3,CrPpm,Al2O3,DistCoast=Mid|HarvestSlattervallTotal=Low|Fe2O3=Low|CrPpm=Low|Al2O3=Mid,0,1,0
SiO2,DistCoast,HarvestSlattervallTotal,Fe2O3,CrPpm,Al2O3,DistCoast=Low|HarvestSlattervallTotal=Missing|Fe2O3=High|CrPpm=High|Al2O3=Mid,0,1,0
SiO2,DistCoast,HarvestSlattervallTotal,Fe2O3,CrPpm,Al2O3,DistCoast=Low|HarvestSlattervallTotal=Low|Fe2O3=Mid|CrPpm=High|Al2O3=Mid,0,1,0
SiO2,DistCoast,HarvestSlattervallTotal,Fe2O3,CrPpm,Al2O3,DistCoast=Mid|HarvestSlattervallTotal=Missing|Fe2O3=Mid|CrPpm=Low|Al2O3=Low,0,0,1
SiO2,DistCoast,HarvestSlattervallTotal,Fe2O3,CrPpm,Al2O3,DistCoast=Low|HarvestSlattervallTotal=Missing|Fe2O3=Mid|CrPpm=Mid|Al2O3=Low,0,1,0
SiO2,DistCoast,HarvestSlattervallTotal,Fe2O3,CrPpm,Al2O3,DistCoast=Mid|HarvestSlattervallTotal=High|Fe2O3=High|CrPpm=Low|Al2O3=Mid,1,0,0
SiO2,DistCoast,HarvestSlattervallTotal,Fe2O3,CrPpm,Al2O3,DistCoast=High|HarvestSlattervallTotal=Missing|Fe2O3=Low|CrPpm=High|Al2O3=Mid,0,1,0
SiO2,DistCoast,HarvestSlattervallTotal,Fe2O3,CrPpm,Al2O3,DistCoast=Low|HarvestSlattervallTotal=Missing|Fe2O3=Low|CrPpm=Mid|Al2O3=Mid,0,1,0
SiO2,DistCoast,HarvestSlattervallTotal,Fe2O3,CrPpm,Al2O3,DistCoast=Mid|HarvestSlattervallTotal=Mid|Fe2O3=Mid|CrPpm=High|Al2O3=High,0,1,0
SiO2,DistCoast,HarvestSlattervallTotal,Fe2O3,CrPpm,Al2O3,DistCoast=High|HarvestSlattervallTotal=High|Fe2O3=High|CrPpm=Mid|Al2O3=Low,0,0,625,0,375
SiO2,DistCoast,HarvestSlattervallTotal,Fe2O3,CrPpm,Al2O3,DistCoast=Low|HarvestSlattervallTotal=Missing|Fe2O3=Mid|CrPpm=Mid|Al2O3=High,1,0,0
SiO2,DistCoast,HarvestSlattervallTotal,Fe2O3,CrPpm,Al2O3,DistCoast=Mid|HarvestSlattervallTotal=Mid|Fe2O3=Mid|CrPpm=Mid|Al2O3=Low,0,0,2,0,8
SiO2,DistCoast,HarvestSlattervallTotal,Fe2O3,CrPpm,Al2O3,DistCoast=Low|HarvestSlattervallTotal=Missing|Fe2O3=High|CrPpm=High|Al2O3=High,1,0,0
SiO2,DistCoast,HarvestSlattervallTotal,Fe2O3,CrPpm,Al2O3,DistCoast=Low|HarvestSlattervallTotal=Missing|Fe2O3=Low|CrPpm=Mid|Al2O3=High,0,1,0
SiO2,DistCoast,HarvestSlattervallTotal,Fe2O3,CrPpm,Al2O3,DistCoast=High|HarvestSlattervallTotal=Low|Fe2O3=Low|CrPpm=High|Al2O3=High,1,0,0
SiO2,DistCoast,HarvestSlattervallTotal,Fe2O3,CrPpm,Al2O3,DistCoast=High|HarvestSlattervallTotal=High|Fe2O3=High|CrPpm=Low|Al2O3=Mid,1,0,0
SiO2,DistCoast,HarvestSlattervallTotal,Fe2O3,CrPpm,Al2O3,DistCoast=Low|HarvestSlattervallTotal=Mid|Fe2O3=Low|CrPpm=Low|Al2O3=Low,1,0,0
SiO2,DistCoast,HarvestSlattervallTotal,Fe2O3,CrPpm,Al2O3,DistCoast=Low|HarvestSlattervallTotal=Missing|Fe2O3=Mid|CrPpm=Low|Al2O3=Low,0,0,1
SiO2,DistCoast,HarvestSlattervallTotal,Fe2O3,CrPpm,Al2O3,DistCoast=High|HarvestSlattervallTotal=Missing|Fe2O3=Mid|CrPpm=Low|Al2O3=Low,0,1,0
SiO2,DistCoast,HarvestSlattervallTotal,Fe2O3,CrPpm,Al2O3,DistCoast=High|HarvestSlattervallTotal=High|Fe2O3=Mid|CrPpm=Mid|Al2O3=High,1,0,0
SiO2,DistCoast,HarvestSlattervallTotal,Fe2O3,CrPpm,Al2O3,DistCoast=Low|HarvestSlattervallTotal=Low|Fe2O3=Mid|CrPpm=High|Al2O3=Low,0,2,0,8,0
SiO2,DistCoast,HarvestSlattervallTotal,Fe2O3,CrPpm,Al2O3,DistCoast=Mid|HarvestSlattervallTotal=Mid|Fe2O3=High|CrPpm=Low|Al2O3=High,1,0,0
SiO2,DistCoast,HarvestSlattervallTotal,Fe2O3,CrPpm,Al2O3,DistCoast=Mid|HarvestSlattervallTotal=Missing|Fe2O3=Low|CrPpm=Mid|Al2O3=Low,0,0,1
SiO2,DistCoast,HarvestSlattervallTotal,Fe2O3,CrPpm,Al2O3,DistCoast=Mid|HarvestSlattervallTotal=Missing|Fe2O3=Mid|CrPpm=Mid|Al2O3=High,1,0,0
SiO2,DistCoast,HarvestSlattervallTotal,Fe2O3,CrPpm,Al2O3,DistCoast=Low|HarvestSlattervallTotal=High|Fe2O3=Mid|CrPpm=Mid|Al2O3=High,0,5,0,5,0
SiO2,DistCoast,HarvestSlattervallTotal,Fe2O3,CrPpm,Al2O3,DistCoast=High|HarvestSlattervallTotal=Missing|Fe2O3=High|CrPpm=Low|Al2O3=High,1,0,0
SiO2,DistCoast,HarvestSlattervallTotal,Fe2O3,CrPpm,Al2O3,DistCoast=High|HarvestSlattervallTotal=Mid|Fe2O3=High|CrPpm=Mid|Al2O3=Mid,1,0,0
SiO2,DistCoast,HarvestSlattervallTotal,Fe2O3,CrPpm,Al2O3,DistCoast=High|HarvestSlattervallTotal=Missing|Fe2O3=Mid|CrPpm=High|Al2O3=Mid,0,1,0
SiO2,DistCoast,HarvestSlattervallTotal,Fe2O3,CrPpm,Al2O3,DistCoast=High|HarvestSlattervallTotal=High|Fe2O3=Low|CrPpm=High|Al2O3=Mid,0,1,0
SiO2,DistCoast,HarvestSlattervallTotal,Fe2O3,CrPpm,Al2O3,DistCoast=High|HarvestSlattervallTotal=Low|Fe2O3=Low|CrPpm=Low|Al2O3=High,1,0,0
SiO2,DistCoast,HarvestSlattervallTotal,Fe2O3,CrPpm,Al2O3,DistCoast=High|HarvestSlattervallTotal=Mid|Fe2O3=Low|CrPpm=Mid|Al2O3=Low,0,1,0
SiO2,DistCoast,HarvestSlattervallTotal,Fe2O3,CrPpm,Al2O3,DistCoast=Mid|HarvestSlattervallTotal=Missing|Fe2O3=High|CrPpm=Mid|Al2O3=High,1,0,0
SiO2,DistCoast,HarvestSlattervallTotal,Fe2O3,CrPpm,Al2O3,DistCoast=Low|HarvestSlattervallTotal=Mid|Fe2O3=Mid|CrPpm=Mid|Al2O3=High,0,1,0
SiO2,DistCoast,HarvestSlattervallTotal,Fe2O3,CrPpm,Al2O3,DistCoast=Low|HarvestSlattervallTotal=Missing|Fe2O3=Mid|CrPpm=High|Al2O3=High,1,0,0
GlobalDensity,DistCoast,HarvestHostvete,HarvestHavre,Lat,DistCoast=High|HarvestHostvete=Low|HarvestHavre=Mid|Lat=High,0,0,083984375,0,916015625
GlobalDensity,DistCoast,HarvestHostvete,HarvestHavre,Lat,DistCoast=Low|HarvestHostvete=Mid|HarvestHavre=Mid|Lat=Low,0,02360774818401937,0,8538135593220338,0,12257869249394673
GlobalDensity,DistCoast,HarvestHostvete,HarvestHavre,Lat,DistCoast=Mid|HarvestHostvete=Mid|HarvestHavre=Mid|Lat=Low,0,00651890482398957,0,6016949152542372,0,3917861799217731
GlobalDensity,DistCoast,HarvestHostvete,HarvestHavre,Lat,DistCoast=Mid|HarvestHostvete=Missing|HarvestHavre=Low|Lat=High,1,0,0
GlobalDensity,DistCoast,HarvestHostvete,HarvestHavre,Lat,DistCoast=Low|HarvestHostvete=Low|HarvestHavre=Low|Lat=Mid,1,0,0
GlobalDensity,DistCoast,HarvestHostvete,HarvestHavre,Lat,DistCoast=High|HarvestHostvete=Low|HarvestHavre=Low|Lat=Mid,0,0037079292641186536,0,0011409013120365088,0,9951511694238449
GlobalDensity,DistCoast,HarvestHostvete,HarvestHavre,Lat,DistCoast=Low|HarvestHostvete=High|HarvestHavre=High|Lat=High,1,0,0
GlobalDensity,DistCoast,HarvestHostvete,HarvestHavre,Lat,DistCoast=Mid|HarvestHostvete=High|HarvestHavre=High|Lat=High,0,9722222222222222,0,021666666666666667,0,006111111111111111
GlobalDensity,DistCoast,HarvestHostvete,HarvestHavre,Lat,DistCoast=High|HarvestHostvete=Low|HarvestHavre=Low|Lat=High,0,3344113842173351,0,6261319534282018,0,03945666235446313
GlobalDensity,DistCoast,HarvestHostvete,HarvestHavre,Lat,DistCoast=High|HarvestHostvete=Mid|HarvestHavre=Mid|Lat=Low,0,0,1
GlobalDensity,DistCoast,HarvestHostvete,HarvestHavre,Lat,DistCoast=Mid|HarvestHostvete=Low|HarvestHavre=Low|Lat=Mid,0,42670537010159654,0,5522496371552975,0,02104499274310595
GlobalDensity,DistCoast,HarvestHostvete,HarvestHavre,Lat,DistCoast=Low|HarvestHostvete=Mid|HarvestHavre=Low|Lat=Low,0,13580246913580246,0,8641975308641975,0
GlobalDensity,DistCoast,HarvestHostvete,HarvestHavre,Lat,DistCoast=High|HarvestHostvete=Missing|HarvestHavre=Missing|Lat=High,1,0,0
GlobalDensity,DistCoast,HarvestHostvete,HarvestHavre,Lat,DistCoast=High|HarvestHostvete=Missing|HarvestHavre=Low|Lat=High,1,0,0
GlobalDensity,DistCoast,HarvestHostvete,HarvestHavre,Lat,DistCoast=High|HarvestHostvete=High|HarvestHavre=High|Lat=High,0,788036410923277,0,15344603381014305,0,05851755526657997
GlobalDensity,DistCoast,HarvestHostvete,HarvestHavre,Lat,DistCoast=Low|HarvestHostvete=Low|HarvestHavre=Mid|Lat=Low,0,0,11594202898550725,0,8840579710144928
GlobalDensity,DistCoast,HarvestHostvete,HarvestHavre,Lat,DistCoast=Low|HarvestHostvete=Mid|HarvestHavre=Low|Lat=Mid,0,012618296529968454,0,11356466876971609,0,8738170347003155
GlobalDensity,DistCoast,HarvestHostvete,HarvestHavre,Lat,DistCoast=Low|HarvestHostvete=Missing|HarvestHavre=Low|Lat=High,1,0,0
GlobalDensity,DistCoast,HarvestHostvete,HarvestHavre,Lat,DistCoast=Low|HarvestHostvete=Low|HarvestHavre=Mid|Lat=Mid,0,17567567567567569,0,8141891891891891,0,010135135135135136
GlobalDensity,DistCoast,HarvestHostvete,HarvestHavre,Lat,DistCoast=Mid|HarvestHostvete=Low|HarvestHavre=Mid|Lat=Low,0,0,1
GlobalDensity,DistCoast,HarvestHostvete,HarvestHavre,Lat,DistCoast=Mid|HarvestHostvete=Mid|HarvestHavre=Low|Lat=Mid,0,0,1
GlobalDensity,DistCoast,HarvestHostvete,HarvestHavre,Lat,DistCoast=Mid|HarvestHostvete=Low|HarvestHavre=Mid|Lat=Mid,0,0,27522935779816515,0,7247706422018348
GlobalDensity,DistCoast,HarvestHostvete,HarvestHavre,Lat,DistCoast=High|HarvestHostvete=Mid|HarvestHavre=Low|Lat=Mid,0,0,1
GlobalDensity,DistCoast,HarvestHostvete,HarvestHavre,Lat,DistCoast=High|HarvestHostvete=Missing|HarvestHavre=Missing|Lat=Low,0,0,1
GlobalDensity,DistCoast,HarvestHostvete,HarvestHavre,Lat,DistCoast=High|HarvestHostvete=Missing|HarvestHavre=Missing|Lat=Mid,0,0,1
GlobalDensity,DistCoast,HarvestHostvete,HarvestHavre,Lat,DistCoast=Low|HarvestHostvete=Low|HarvestHavre=Missing|Lat=Mid,1,0,0
GlobalDensity,DistCoast,HarvestHostvete,HarvestHavre,Lat,DistCoast=Low|HarvestHostvete=Missing|HarvestHavre=Missing|Lat=High,1,0,0
GlobalDensity,DistCoast,HarvestHostvete,HarvestHavre,Lat,DistCoast=Mid|HarvestHostvete=Missing|HarvestHavre=Missing|Lat=High,1,0,0
GlobalDensity,DistCoast,HarvestHostvete,HarvestHavre,Lat,DistCoast=Low|HarvestHostvete=Missing|HarvestHavre=Missing|Lat=Mid,0,76,0,24,0
GlobalDensity,DistCoast,HarvestHostvete,HarvestHavre,Lat,DistCoast=Mid|HarvestHostvete=Missing|HarvestHavre=Missing|Lat=Mid,0,0,1
GlobalDensity,DistCoast,HarvestHostvete,HarvestHavre,Lat,DistCoast=High|HarvestHostvete=Low|HarvestHavre=Mid|Lat=Mid,0,0,1
GlobalDensity,DistCoast,HarvestHostvete,HarvestHavre,Lat,DistCoast=Mid|HarvestHostvete=Mid|HarvestHavre=Low|Lat=Low,0,0,18571428571428572,0,8142857142857143
GlobalDensity,DistCoast,HarvestHostvete,HarvestHavre,Lat,DistCoast=Low|HarvestHostvete=High|HarvestHavre=High|Lat=Mid,0,22641509433962265,0,7735849056603774,0
GlobalDensity,DistCoast,HarvestHostvete,HarvestHavre,Lat,DistCoast=Mid|HarvestHostvete=Low|HarvestHavre=Missing|Lat=Mid,1,0,0
GlobalDensity,DistCoast,HarvestHostvete,HarvestHavre,Lat,DistCoast=High|HarvestHostvete=Mid|HarvestHavre=Low|Lat=Low,0,0,1
GlobalDensity,DistCoast,HarvestHostvete,HarvestHavre,Lat,DistCoast=Mid|HarvestHostvete=High|HarvestHavre=High|Lat=Mid,0,1,0
GlobalDensity,DistCoast,HarvestHostvete,HarvestHavre,Lat,DistCoast=Low|HarvestHostvete=Missing|HarvestHavre=Missing|Lat=Low,0,1,0
GlobalDensity,DistCoast,HarvestHostvete,HarvestHavre,Lat,DistCoast=Mid|HarvestHostvete=Missing|HarvestHavre=Missing|Lat=Low,0,0,1
GlobalDensity,DistCoast,HarvestHostvete,HarvestHavre,Lat,DistCoast=Mid|HarvestHostvete=Low|HarvestHavre=Low|Lat=High,1,0,0
